Model ID,ID,Gateway Names
353124670,sid-4D1E4E14-74B7-4E15-916D-AFD8743749A9,"send letter of refusal, Check stock"
353124670,sid-6E122143-B260-4126-A77F-F4B66FB0E8D5,"production of the goods, order confirmation"
353577645,find computers in stock?,"produce 100 computers, Exclusive_Databased_Gateway"
35414848,sid-D7DE1FC3-8469-427C-A110-AB498B0E9B52,"Issue formal written offer, Renegotiate terms & conditions"
35414848,sid-B2CC512B-0E89-4B1E-8CB2-C5AADD85C017,"Refer to client next level management, identify next best candidate"
354385265,sid-18A11493-8F07-4A59-8531-32E5BF6AF398,"CL, CM"
355048423,sid-F5D9E3F3-196C-45D5-8F98-CE026FE4AB45,"inform about delay, travel by car"
355048423,sid-E1572277-2949-4BB8-B12E-8F4416753848,"select appropriate technician, apologize"
355992647,sid-1C5598F3-39FA-49D8-9B1B-C82D1270CBAD,"add photos, continue without photos"
355992647,sid-43D3BA29-8073-4D51-A8AF-5ECF56FADD0D,"add new photos, add existing photos"
355992647,sid-C81C9175-56B9-4B53-B35E-784ABE280B92,"Notify the user, Notify and ask the user wanting extra features"
356267901,sid-233EDC71-C716-4EE8-A402-1F10B107E830,"sid-233EDC71-C716-4EE8-A402-1F10B107E830, "
35629460,sid-764917E8-2843-4D89-A8AF-B9080B98CB82,"Request Received by PM, Request received by PM"
35629460,sid-F2A5B3CA-4693-4012-B4DE-536BD01456BA,"Re-work done by Requester, Send to PM"
35629460,sid-003400B2-3921-4AE6-A9C6-7558FB71EFD9,"CCR Submission and Implementation, Re-Work the CCR Form by Requestor"
356836005,sid-2D1471A2-9268-48FC-9D19-347260569C8D,"B, E"
356836005,sid-7E6E4863-1B9C-4D52-8CAC-D623B1225FE8,"D, H"
360012226,Follows Guidelines?,"Return RFQ to Customer, Analyze the RFQ"
360013869,sid-A8EC6F14-8C52-48A6-B8D3-2D6CD055C83F,"activate existing customer file, check trade register"
360013869,sid-229AEC92-605E-4F23-B4CE-DD169CFF2691,"create new customer, check trade register"
360013869,sid-F3F1120A-DA6D-4305-AB74-EA8615AC34B4,"buy raw materials, get goods from stock"
360013869,sid-2CC50C79-BEB6-4EA0-BF3E-0ADCF5CC453E,"close order, check numbers of reminders"
360013869,sid-6A144092-6EB5-49A9-AE30-DDDE89B74E66,"write off payment, send reminder"
360013869,sid-0C8DACC4-AB76-4B58-B64A-859CF5AB8448,"check stock, Exclusive_Databased_Gateway"
360013869,sid-206EA05B-4994-42CF-A821-A8E28D4E3274,"check production capacities, reserve goods in stock"
360163882,sid-1E943EF9-6862-4081-BAEE-F5CCC641044F,"claimcredit exists, claimcredit missing"
360406732,sid-AFF2CF57-E1B8-498B-97F6-0A910DDE7866,"U, EventbasedGateway"
360406732,sid-4DC0E5C7-0190-4435-820C-C51F570B8E1D,"AK, AF"
360406732,sid-3BCC683C-5ED7-499D-92DC-A68D698BA8B1,"AI, EndNoneEvent"
360406732,sid-4C593C49-7EA0-4D90-96A7-114A20CD4DFD,"AE, EndNoneEvent"
360789326,sid-6FCEFF69-285D-4B40-83CC-217BF75CAACD,"payment: cash, non-cash payment"
360789326,sid-2B724981-A453-43F0-B46F-8B8396C90F4B,"pament via EC-Cash + PIN, payment via credit card"
361321534,sid-069BD2CD-AAEA-40A0-A1BE-8599EA88FE37,"Check Item Seasonality, Check Store Inventory"
361321534,sid-BDD498AF-AC26-46A5-8697-DDD1A5DB193F,"Submit Order to procurement Department, Set Item For Sale at discount"
361730484,"Check 
succes ","Check success, Check failure"
361730484,Check action,"Check funds, User clicks ""Cancel"""
361730484,Check funds,"Add funds, Check action"
362541800,sid-D4181524-BAC2-422F-ACA0-314844AF66CE,"D, E"
362814767,sid-36567020-E5B5-4D9D-A6A9-F79B20B6F63A,"AB, AC"
363054489,Demand assignable?,"Demand assignable?, Assign Demand to responsible Domain"
363054489,"glossary://643021b97aee421aa27fcb54d798eb19/Conflicts
during
demand
consolidation;;","categorize for granularity and prepare further processing, Consolidate demands (redundencies and conflicts)"
363054489,"glossary://ab076a60cd7848a896640c711eea71a4/Domain
assingment
valid?;;","Check domain assignment, Assign Demand to responsible Domain"
363054489,"Demand
assignable?","Check domain assignment, Assign Demand to responsible Domain"
363054489,"Conflicts
during
demand
consolidation","Conflicts during demand consolidation, Categorize for granularity and prepare further processing"
36346175,sid-C7971037-95BD-4535-A22D-D98A1E57A8B2,"sid-C7971037-95BD-4535-A22D-D98A1E57A8B2, "
36346175,sid-1ADB832C-4F60-42F6-BA86-6733500F21E3,"Q, "
36346175,sid-EC38A65E-8F4F-4DE5-BD62-BDC9D136239D,"B, C"
365709550,sid-EDB2D1F4-2553-4FD2-9B8F-7D0E56BC6DBB,"Not available, Available"
36631309,"complete
","Adding incomming member, Getting missing data"
36700602,sid-2123D41F-DF4C-49FE-A940-7DDE720B976E,"A, B"
36700602,sid-4EE51C73-8328-4F12-BA4E-9D06E5CCA57A,"sid-4EE51C73-8328-4F12-BA4E-9D06E5CCA57A, sid-4EE51C73-8328-4F12-BA4E-9D06E5CCA57A"
368771152,sid-F3D361CB-7B5B-4F11-A7A5-DB02E956CB76,"C, E"
369536842,sid-32688984-1228-477C-AB55-63F94A5FB297,"Revise Artefact, Approve Artefact"
370173119,sid-E807E9E8-E742-4205-AE55-79088845A60F,"L, P"
370173119,sid-78AEB866-8533-45C4-95D9-D8834D03745C,"O, T"
370173119,sid-FE20F7E9-E837-4055-BD57-0F1CED5431AA,"U, V"
370561308,sid-AB41CD2C-7437-4D30-BEAA-D0355FC68CD2,"D, F"
372681967,Complete?,"Review the Claim, Communicate with the Customer"
372681967,"Amount > 2,000?","Evaluate the Claim, Evaluate the Claim"
372796346,sid-E4541A90-856F-459D-A553-971123C18423,"Customer requests test drive, Customer walks away"
372796346,sid-031CE7F5-2B4B-434D-A548-F1C6E5847820,"Arrange test drive, Salesperson asks for driver's license"
372802397,sid-14058005-FA2E-4A29-823C-4BAB9AB77926,"Completion of paper based form, Check completeness of purch. req."
372802397,sid-44E97883-E369-425B-8212-D498A1E90A38,"Enter purchase request into the Enterprise System, Including quote from Vendor"
372802397,sid-F3F8D2DC-BB24-4972-B09B-C91464888A89,"Submitting request via e-mail, Hand deliver request to supervisor"
372802397,sid-61B00DE1-CB99-4D6F-8AF8-F3106557BF30,"Make copy from signed request, Check completeness of purch. req."
373426415,sid-4D7484D2-975A-430C-B521-AE7BFA113F61,"Choose best students, Take all"
373426415,sid-B94038DF-0EF1-40B2-8DA3-32AF546DF23A,"Solve problem at postgraduate studies department, Successfully finish studies"
373426415,sid-F2F092E6-9EB7-4BCE-9F7B-E171205BEC6D,"Successfully finish studies, Solve problem at postgraduate studies department"
374732161,"Data of an particular object ID
 captured for the first time?
","Storing and updating the detailed info of an object ID, Updating the key events onto ADS"
374845324,OK ?,"Credit OK, Bad Credit"
374845324,sid-9F7B3EE2-2CF3-45AF-8683-DCB7E1F58C2C,"Resolved, Cancel Order"
374851137,sid-291F5B76-16E3-4B97-A5AB-04A2EF1E4CD0,"O, N"
375013690,sid-C47F3A17-C086-45DC-996E-06FB0F8DFED0,"Idea Rejected, Idea Selected"
375013690,sid-CF5FD2BF-D60F-43B8-A22A-260B80793E0A,"Edit Code, System Ready"
375013690,sid-10767555-53BC-45CF-97BD-DFB299168F33,"Accept System, Decline System"
375978169,sid-C4495406-0A54-43F6-979D-DFD8AD6EE0EE,"B, C"
376059763,sid-A21C4F8D-C608-42B1-B110-7592CEFB9279,"Server Up, Server Down"
376059763,sid-956020E1-9CAF-4932-BBC1-7B31C016318D,"Auto, Manual"
377348003,sid-029BC1D9-391D-4AD8-840C-0AD6179C07BA,"Create Purchase Order, Check Inventory Level"
377348003,sid-A4D927BB-0638-4A20-A41F-0FD5DC9BC80F,"Purchase Order Approved, Purchase Order Rejected"
378539068,sid-4C0B66F6-FDE9-48F3-A9E9-7880F36199EB,"Cancelation confirmation sent, Cancelation withdrawal sent"
378539068,sid-D9636B9A-1D19-440D-B4CD-B9D54F530D12,"Cancelation request sent to Broker, Cancelation request sent to BestLoans"
378539068,sid-BE9EC100-47E4-473E-816D-147961A2B2E0,"Progress inquiry sent to Broker, Progress inquiry sent to BestLoans"
380525862,sid-9136DC96-703E-4E95-AF56-8F2D9D752915,"L, M"
381103888,sid-B6A53A44-03CD-48ED-A55B-368AADA5189F,"L,"
381256096,"Has manager
approved 
upgrade?","Inform user, Receive manager's decision"
381256096,"Are ressources
available?","Inform ROC at IBM, Task"
381256096,"Is user allowed to perform change of desktop 
configuration according to Active Directory?","Send request to user's manager for approval, Exclusive_Databased_Gateway"
381768665,sid-6805B3DC-22E0-46A8-8630-68F39CF404EC,"pay cash, Pay with credit card"
382350632,DA,"DA, CY"
384419894,"RFQ Meets
Guidelines?
","send to customer, produce labor and material costs estimate"
384433828,"Is this the 
fourth reminder ?","Inform customer and close transaction, Send a reminder to customer"
384433828,Mortgage offered,"Inform Customers of rejection, Prepare mortgage Documents"
384758350,sid-ED315FC0-E127-404D-B7E6-62C33A163E2D,"I, C"
386159073,sid-46408EAE-F4D7-4EA8-8B2B-71E96333D864,"register offer loss, "
386159073,sid-2015D1A5-5DD4-48A7-A5BB-55E98519241F,"register competitor information, no information received"
386547671,sid-52CCB476-F9E7-4186-9251-7E3562BFE3D5,"AB, J"
386547671,sid-2F7DA5EB-FE30-40EE-AB37-3F864A88B6FF,"C,"
386547671,sid-ABB17937-F3C6-4EDD-BC64-9961F878282E,"F, Exclusive_Databased_Gateway"
386547671,sid-631C6236-5B79-40F8-8689-144E5BB5CD50,"sid-631C6236-5B79-40F8-8689-144E5BB5CD50, L"
386547671,sid-5A334FCC-D310-4051-B5A8-DC3ED89053DB,"B, "
386902768,Pricing/Terms Satisfactory?,"Order Received, Inquire Product Availability"
386959425,sid-0B20C9CD-4E7E-4936-8280-D92531E1EDE6,"Create Purchase Order, Check Current Inventory"
387211635,sid-0D720FBF-A81F-46A2-84ED-E8F2F9FA9264,"Request customer authorization, Complete Repairing"
387211635,sid-26AA086B-AA97-41A9-A196-A248D639CD1D,"Request customer authorization, Request Parts"
387601446,sid-DAE57BFC-BC7D-46C0-815C-6911A7C8D027,"Must be done manually, Automatic process possible"
387601446,sid-0613ADCF-C914-48EB-9A9A-AAFAF0FDCFA8,"Succes, Fail"
387601446,sid-20387BEA-215C-4F25-8308-D00BDEFFE118,"Succes, Fail"
387601446,sid-8E751AB2-3BB6-4F1D-86DE-E2918A7DCE94,"Timeout, Success"
388450119,sid-B13D715D-1E8C-429E-96F4-D42F8EFEC475,"Go to kiosk, Get baggage tagged and registered by agent"
388450119,sid-6E9D45AB-F6EB-4BB2-8339-C7CC2D4EC1F9,"Register/confirm baggage details, Ascertain weather bags were registered previously"
388450119,sid-F71A17DC-FB86-450A-9B65-9CD2CEB13D22,"Conduct baggage weighing and payment, Ascertain weather Kiosk has integrated weighing scale"
388450119,sid-2A4A935F-E273-4BD9-A053-FDD9035F3816,"Go to oversized bag deposit area, Exclusive_Databased_Gateway"
388450119,sid-1EB0241B-B83B-4A90-B947-003DA75F2748,"Passenger commences bag processing, Passenger is ready to check-in baggage"
388563300,complaint accepted?,"infringement cancelled, rejection sent"
388710768,sid-DEB6EEA6-CAB1-4318-AA60-E8C5E6FCD7F2,"U, R"
388710768,sid-2365F118-E663-4937-A9B2-137952153F08,"G, "
38968572,Enough coins?,"Enough coins?, Print the ticket"
390375907,sid-C34A17AF-6D9F-4C79-8897-CB151C37B252,"F, E"
390375907,sid-9A1AA38A-6A5D-4F61-BB75-D8753E1F774F,"sid-9A1AA38A-6A5D-4F61-BB75-D8753E1F774F, "
390375907,sid-77725BFF-4CAB-497D-8120-C92E253A2990,"I, J"
390375907,sid-61F1702F-D1D7-4B79-8156-BFA641BB6D13,"AH, AI"
390375907,sid-B2CA0A55-A005-47FC-848C-6B903C7A587C,"L, sid-B2CA0A55-A005-47FC-848C-6B903C7A587C"
390510117,sid-8933327D-47B8-4775-8A43-0DAC3DFA26F1,"check for paid and quantity invoices, charge 35 dollars per paid invoice"
390510117,sid-92D29B97-9AEA-425A-B29E-20B3D80A2A6B,"generate report, request money"
390510117,sid-8087945C-BE46-4BB2-A810-D82CCD6281AF,"archive paid paper invoices, inform customer"
390510117,sid-CE0DA823-017B-44F9-AC2E-0E3F60680775,"continue to delivery, locate invoice forms 10 mins max"
390976199,sid-524350E7-C8A3-473B-BC0E-7D0808CF685F,"Send Rejection Notice, Send Confirmation of Order"
391219859,sid-AA80B987-C0AE-44BE-B812-EBC481BAF3EB,"provide userdata (flickr), login failed"
391553100,sid-72D75E4A-7AE2-4983-8FE2-924E1E8B58F8,"Go to security preparation area, Exclusive_Databased_Gateway"
391553100,sid-214402CE-CCFE-4DBA-88ED-3F95409887F9,"Queue for preparation, Exclusive_Databased_Gateway"
391553100,sid-1550265E-B676-4852-BC66-ACE69B0F62E7,"Go to express passenger security queue, Go to regular passenger security queue"
391553100,sid-B9F8BC49-9F6D-47C3-AA80-B44A28411AD7,"Separate person of interest from queue, Allow passenger to continue"
391553100,sid-16D59A9D-6EE3-4F28-8716-F0760FB13E8F,"Disallow passenger from continueing, Allow passenger to continue"
391553100,sid-C60474F6-7647-47D0-BA55-FC5A18272562,"Attempt to solve the issue, Exclusive_Databased_Gateway"
391553100,sid-7020763E-C407-4886-9468-85E0DD34CC51,"Disallow passenger from continuing, Allow passenger to proceed to customs and immigration"
392145715,sid-1AD86C46-D9EA-4935-99E4-48D880335E61,"Pay fee for excess baggage, Decide whether excesses to be paid"
392145715,sid-41220EC7-F92F-44D3-82C4-053DBC9511CA,"Direction acquired, Acceptance completed"
392145715,sid-6D5DCDE3-7CC5-49EB-B1A7-3454660CE00B,"Payment, Excess"
392145715,sid-EBCB3623-DCCF-4329-AFC8-7CF01E78A846,"Direct passenger appropriately, Complete/confirm acceptance"
39220687,sid-DD85B23B-887A-4A33-B0D0-A09391CEEA41,"D, H"
39220687,sid-6F1FBC67-C6D9-4A4A-991F-390C0897AE40,"O, "
392771498,sid-20E08040-E6B6-42B2-899B-9460E79D232A,"AX, AY"
392771498,sid-D2EE89BC-8345-42B9-ABD8-E7F7280B5147,"M, N"
392771498,sid-38A6A150-CD16-49FA-BCB1-1ED88A5ACC83,"R, S"
392771498,sid-2DBCD8F7-3FB6-430A-8D55-40CC0582A193,"H, I"
392771498,sid-D198F7D2-F4DD-48D4-9661-E3740DF4A580,"AB, AC"
392771498,sid-71560E89-411A-4860-B17D-DCC3CE7C1C28,"AD, AE"
394364104,sid-4F7C5EE1-62A0-4413-8F2C-1DB888C12A3B,"I, F"
394364104,sid-B06C3B52-4604-4C06-8E70-5634DF4F0CB2,"AF, Y"
394364104,sid-1821887E-4F10-4218-B97D-16B231325AF9,"AP, AN"
395353205,sid-613B21D8-F3D9-41BF-9E59-4F6379CD223D,"G, H"
395353205,sid-30C10952-8313-4C75-9621-D9F4808ED645,"O, EndNoneEvent"
395849323,sid-ED974D29-1F3D-4B27-8B27-62091B50BC72,"M, N"
395962325,sid-FF1A2DBF-ADE0-4D43-8E1B-D32CA22E6314,"Check SLA in Excel Registry, Check Vendor"
396107302,sid-0860DA24-2CF1-401D-815A-587B56150ADA,"Glossary: Inventory Level Above Minimum, Create Purchase Order"
396107302,sid-856CF59A-D618-42F0-A155-22B6406EF967,"Reserve Funds for Purchase, Rework Purchase Order"
396990362,sid-240BBF4C-9AF2-4FC7-A41F-7379B9F8695B,"Reserve Item for order, Order Part"
398112069,sid-8FCF616A-3221-4DDC-A23E-D1BB949DEE5B,"K, D"
398112069,sid-9AE36C38-24EB-45F3-AF95-51F864479503,"M, N"
398305754,sid-8169E9A3-999C-45DE-9DE5-C44A74C296EB,"Open new case, Retrieve case history"
398863527,login succeeded,"try again, End"
399147532,CallOffTransportType,"launchExternalTransportProcess, launchIntegratedTransportProcess"
400208664,sid-EF83F186-D789-4457-B33D-33A2D04198C1,"J, K"
400208664,DR,"DR, DS"
400571234,sid-4848AF96-205B-424F-9184-08CEAD3BB337,"C, EndNoneEvent"
400609845,sid-37CDB01D-777E-4895-B5ED-6C9CD7589FB5,"H, G"
401154352,sid-F4E4F66E-BD77-4557-BD14-7778D1E67D93,"O, Q"
401631131,sid-AA7EE50F-6421-466D-A929-4A731DF39EE6,"B, C"
401686197,Exist Customer?,"Check Customer's Availabilities, Check Credit"
401686197,End Customer?,"Enroll Customer, Reject"
401686197,sid-31A751E1-1852-48D4-9E7F-AC0C838584B0,"Check Stock, Production"
402401339,"manually?
","subproces manually handling, check request"
402401339,"one of the bookings failed?
","log message written, book attraction"
402401339,"in time?
","book attraction manually, conformation is sent"
403046013,sid-395C3312-56C2-4293-AEB9-674DF3AF4292,"Book travel, Reject offer"
403046013,sid-0B69AB2C-E123-4DA7-9101-198062D3644D,"Confirm payment, Payment refused"
403733006,schedule is ok?,"Research schedule, Write a ticket order to SNCF"
403733006,research schedule directly,"Research schedule, Provide indications"
403733006,The ticketorder is approved?,"The ticketorder is approved?, validate the ticket order"
403733006,The ticket order is approved?,"validate the ticket order, The ticket order is approved?"
403785437,sid-F02280B4-9B98-47D2-A514-A863B372376C,"Send to Printer 2, Send to Printer 1"
404865212,sid-EBE476B5-E500-425B-BE31-B5CDFA12CEAD,"Create Purchase Order, End Process"
404865212,sid-33AE97FC-234D-41B7-9E07-77644C97D344,"Rework Purchase Order, Reserve Funds for Payment"
405422265,sid-4517416E-674F-4451-907E-D1332727A3E2,"Drop class, Add class"
405422265,sid-DDAEA1DE-DB6B-41CC-9911-B8F32A586EBF,"Entering class without prerequisite, Class full/Problem Registering"
405422265,sid-8739DEB1-8B07-4BD3-ACB3-0EB9EB911283,"Date Requirement Good, Did not meet the date Requirement"
405422265,sid-C0DCB24F-C696-4D31-A49E-BA0E6BF2CA47,"Advisor Signature, Failure at any point will cause end of process"
405422265,sid-B97965AF-A0FA-4EF0-A3E9-DE2B872279FA,"Professor signature, Failure at any point will cause end of process"
405422265,sid-09B556D7-58C5-4C61-8244-4E629A216A97,"Class full/Problem Registering, Failure at any point will cause end of process"
405422265,sid-D77F9231-A51B-41E0-954C-84DF06061FCA,"Failure at any point will cause end of process, Professor signature"
405422265,sid-928E73CB-48FC-46FA-ABAD-7C79FC1609B3,"Failure at any point will cause end of process, Turn in ADD/Drop card into office"
405422265,sid-F19DAFBC-EFBA-41DB-AF84-DF2B1DE60C36,"Advisor Signature, Failure at any point will cause end of process"
405422265,sid-AB08F806-EBE7-4DF3-8096-31969F4AB11E,"Professor signature, Failure at any point will cause end of process"
405422265,sid-79D79999-C34D-4DF2-A738-7EE38538EF3E,"Turn in ADD/Drop card into office, Failure at any point will cause end of process"
405422265,sid-8AA903AE-FECD-42FB-ABD0-F6FCE7125C43,"Chair of department signature, Failure at any point will cause end of process"
405422265,sid-BD596D7D-D4C7-43FC-9580-705D1C8EF6A6,"Turn in ADD/Drop card into office, Failure at any point will cause end of process"
405461936,sid-B6F9BBD3-0817-46C6-B43A-E2F96D9A637D,"Create Purchase Order, Check Inventory Level"
405731890,sid-973A1841-7646-4D75-A59D-68573B90EBD1,"Elicit information from customer, Check availability"
405731890,sid-3E73A3FE-F269-4247-874E-5ABC9ECE5431,"supplied to customer, Record customer detail"
406775819,sid-6C11AD19-2D17-4AB9-A8E4-7D26806C9208,"evaluate expense report, evaluate expense report"
406775819,sid-4730264B-A5A1-4B51-A61A-AC53416B17CD,"evaluate expense report, send rejection mail"
406904050,sid-F6CC3C9D-5806-48B1-9A63-3C16D675ABC6,"K, J"
408627523,sid-0ABF2782-D17C-4766-87BA-9F1E34F6BBE4,"G,"
408627523,sid-C5C77EA4-BE8B-40E5-8F6E-0CB841976BDB,"E, I"
408627523,sid-26B7A19B-8FD0-46F4-BCB0-526D09DB00DA,"H, E"
408627523,sid-0C9B118D-6915-43BA-B0D1-453DAB5ECBBD,"B, A"
408627523,sid-EB44E7F7-15EC-44F2-BFD8-EDC072C091BE,"AC, AB"
409548437,sid-39934D8C-DCAD-43EB-8E9E-008E17D1B889,"V, W"
410089548,sid-D9DED574-6815-417B-A597-C33FDA543A67,"AC, O"
410089548,sid-695D4298-3FC6-4903-ABA5-5FDDA9588BB6,"V, W"
410143838,sid-8B082074-9C07-4C7D-9CAD-5CBEA89A1C97,"G, N"
410530975,sid-6A6409FA-0E4A-43C1-A2A8-B57DF504D724,"check for known keywords, check for ignored words"
410530975,sid-87ED30D0-3217-435D-A530-E79D2160B534,"BPMN_Model_ID_1, BPMN_Model_ID_2"
410530975,sid-52D26592-BE3C-4867-8054-81F98FE29CCA,"Exclusive_Databased_Gateway, CollapsedSubprocess"
410530975,sid-5E84E7A3-B3FF-4BC3-94C1-751ED8D570B4,"Additional hint finding, do additional processing"
410530975,sid-0FA208F6-358E-4442-B94F-BA787CD0E1F4,"Based on the provided information for PBMN, the two gateway names are: Exclusive_Databased_Gateway, EndNoneEvent."
410530975,sid-56C72A8D-0900-46A2-96B9-7E579C33F187,"do additional hint finding, "
410530975,sid-31A4A928-D0B3-497B-848E-681E68540BCC,"Successor Names: EndNoneEvent, EndErrorEvent"
410530975,word known?,"word known?, check for known keywords"
410530975,sid-3F0C72A4-C8BD-4D56-B576-064F7CFD4B3C,"tokenize label, EndNoneEvent"
411061754,sid-F6F25D4F-13B2-4476-8581-FF7888CE3E81T,"K, J"
411294574,sid-BFFBC1A3-64B8-4B2A-8881-5DDC709D2582,"U, Z"
411294574,sid-B4DB861A-62FE-4ABE-9F76-7C3D475540DA,"sid-B4DB861A-62FE-4ABE-9F76-7C3D475540DA, sid-B4DB861A-62FE-4ABE-9F76-7C3D475540DA"
411294574,sid-F26C8B39-1988-4E8A-BA33-FB3506172D19,"sid-F26C8B39-1988-4E8A-BA33-FB3506172D19, sid-F26C8B39-1988-4E8A-BA33-FB3506172D19"
411294574,sid-FA5212E0-1660-49C4-99AF-36CF462C3D02,"sid-FA5212E0-1660-49C4-99AF-36CF462C3D02, sid-FA5212E0-1660-49C4-99AF-36CF462C3D02"
411294574,sid-19D3C70A-5AAA-4B10-9033-9199147CD02E,"D, X"
411294574,sid-89CE18C1-6D45-4399-9F04-D720CC23C2DF,"E, G"
411395858,sid-677D66D3-17CE-45D9-8F69-2EEAD46AB306,"O, A"
411395858,sid-1845BC0D-4208-4EED-8477-90FFCFCB6716,"C, "
411395858,sid-5815D29B-9DC1-4632-93DC-736B26235556,"E, "
412070103,sid-A4065E98-3BE9-4985-BFD5-DA43A848C83F,"script accepted, glossary://b47673bdcec64766951bc27e3d3892a2/script is not accepted"
412358167,sid-E20BF3E0-B74F-4EFE-A045-7C811C1BCF43,"PO is constructed, Reserve Purchasing Fund"
412368141,sid-915160FB-E37B-4B4C-BC03-E9FF9BEA5BF2,"advise unsuccessful candidates, identify next candidate on shortlist"
412424544,sid-55A28BCC-7D8B-42ED-A1EA-F2462AFA3C97,"Since you mentioned that there are two Successor Names but didn't provide specific values for them, I'm unable to generate a valid output based on the information given. However, if you want me to create placeholder names, I could do that. Would you like me to proceed with that?"
412424544,sid-7C287EF1-0278-4CEF-A70F-8D1BB2A9668B,"Confirm Purchase, Reject Purchase"
412424544,sid-577426FE-D0FD-468D-8304-73D65329BFE3,"Wait till release date, Exclusive_Databased_Gateway"
412455515,Loan Approved?,"Approve loan, Loan not approved"
412455515,"Privileges Suspended or 
Conditions Not Met?","Send Rejected by Bank/Broker Message, Loan Amount < Threshold?"
412455515,Loan Amount < Threshold?,"Loan Amount < Threshold?, Privileges Suspended or Conditions Not Met?"
412455515,Customer Privileges Are Suspended?,"Check fulfillment of loan conditions, Send Suspended Message"
412455515,Loan Conditions Are Met?,"Send Condition Not Met Message, Calculate threshold"
413243063,oryx_7022FAF6-43B6-425B-B98C-FFD016753B2A,"O, F"
413243063,oryx_3F0E901D-2DA4-4738-98C7-E61C2AB86648,"G, I"
413243063,oryx_6496481B-CE49-4205-96D9-040F67D8E16B,"oryx_6496481B-CE49-4205-96D9-040F67D8E16B, J"
413457388,sid-E27BEE27-E786-4A82-BCF1-8276B12A9463,"Create Purchase Order, Check Inventory"
413457388,sid-57C13138-9FDC-4358-A1B5-E9845B7900CE,"Order Accepted, Order Rejected"
414941811,sid-9EAD277A-60FF-4928-BE15-DD00C2F8BA60,"E, F"
416119369,sid-B3E8BBF9-E0C8-4416-B65D-58D37C8D0A53,"FINANZA REALIZA PAGO, RECHAZAR PAGO"
416119369,sid-DDEF8CBD-99B4-4D9E-83BF-4E6855A830FB,"CHEAR LA POLIZA, CHEQUEAR POLIZA Y"
416637,sid-70BF201C-E2E7-4E85-8768-2FC24CC40783,"sid-70BF201C-E2E7-4E85-8768-2FC24CC40783, sid-70BF201C-E2E7-4E85-8768-2FC24CC40783"
416637,sid-B8D84EF4-673B-4A9A-8302-32E1CEED4CBA,"sid-B8D84EF4-673B-4A9A-8302-32E1CEED4CBA, K"
416637,sid-C389748A-1717-4297-BB12-A3CD3AD90C0E,"sid-C389748A-1717-4297-BB12-A3CD3AD90C0E, N"
416855058,sid-E451E1D5-B6A2-447C-A1DF-95593CEC4D58,"D, EndNoneEvent"
417091977,sid-00C92B8C-7A9E-4A17-B841-2A29DBB74640,"Check if the BCC app is installed, Exclusive_Databased_Gateway"
417091977,sid-BAF65EC8-E15A-4CA0-A4C7-AB22B56D1230,"Connect to the internet, Download and install"
418029344,sid-20C71909-5155-4036-9516-E4A6142C3C55,"Z, AA"
418029344,sid-9903E7D0-5D54-4E13-B7FC-380C86663216,"AE, AF"
418029344,sid-4D8707AF-0A23-4D22-8477-FE40F70F4EAC,"E, F"
418178102,sid-9A56CBBD-37D9-4EBC-821F-CA31DDA0F094,"sid-9A56CBBD-37D9-4EBC-821F-CA31DDA0F094, sid-9A56CBBD-37D9-4EBC-821F-CA31DDA0F094"
418324762,existing client? ,"existing client?, create client account"
418324762,savings account? ,"create savings account, current account?"
418324762,check if client is 18+ ,"check if client is 18+, current account?"
418546478,sid-E446E119-13E6-4F48-8063-248E8E44853C,"B, D"
418546478,sid-7CE7091A-9A2B-48D2-B84E-88721303C803,"F, G"
418677817,sid-95FF57FD-7DD8-43AF-AD48-A0EE97A06A35,"Rework Purchase Order, Reserve Funds for Payment"
418677817,sid-395D18DB-442F-4D09-9205-3A16D884D444,"Create Purchase Order, EndNoneEvent"
419173367,sid-E081A5DF-13E3-4AAB-84C6-84AE98325156,"F, D"
419173367,sid-287A5FF1-2D29-4A94-BC39-A1FD0C1DA9D4,"sid-287A5FF1-2D29-4A94-BC39-A1FD0C1DA9D4, Exclusive_Databased_Gateway"
419331859,sid-C6CB6A3D-398E-4FFA-B39A-01F5A1072AE3,"Assign alternative/ basic supplier, Check assignment for alternative/ basic supplier (5)"
419331859,sid-5469718A-F775-424D-933D-3E34DA428DDE,"Complete assigning old supplier to cancelation date (4), Cancelation of delivery refused and process ended"
419354660,sid-4419077F-C1AF-4E73-A4B3-98600310347C,"Rule terminated, EndNoneEvent"
420626587,sid-2C7D4AFE-C13D-4957-8445-066A140998E6,"Check customer status, Check customer"
420626587,sid-5981C210-0A12-4694-B8B6-24BCAE6366B7,"Refuse order, Exclusive_Databased_Gateway"
420626587,sid-7A812038-FB2A-44D6-9CB6-560E8FFB3BA0,"Request production, Check inventory"
420626587,sid-F400226C-F7B3-4A9B-BC04-C1D1C0AF792C,"Refuse order, Check inventory"
420626587,sid-6FECA42B-C94B-4C8A-81DC-71B4A51D387A,"Receive payment, Start dunning process"
421157051,sid-72109E87-04F0-45C0-B01E-9979F9FEB2BE,"Send expert, ParallelGateway"
421157051,sid-EA5CE128-4D67-4938-948A-6037217DF1B0,"Manual Bill Checkering, Automatic Bill Checking"
421157051,sid-50388675-74FD-43F6-84BD-6F564070A82B,"Manual Claim Checking (MCC), Automatic Claim Checking (ACC)"
421157051,sid-AF32FED9-DF90-4166-B6DD-FF8AE52D3E48,"Error found, Approve payment"
421157051,sid-BE96864D-8519-478C-BEC3-CCEAE0B5B616,"Special Claim checking, ParallelGateway"
421200783,sid-BD1A143A-EE36-44E5-BBA7-315EAE3ED7C1,"Deciding to repair, Going home without fixing the computer"
421200783,sid-735A0F1A-CC48-4505-8921-D76DE5DA7994,"checks and configures the software, another arbitrary repair activity is executed"
421602194,sid-99525125-0BB8-4401-89A8-98EEAF87ABA1,"assign, Inv_Request_to_localSupplier"
422070258,sid-4E72145C-CC23-4465-A3A6-E28EB35D5DA5,"S, X"
424017532,sid-A2B3E3F4-5E59-435D-9088-78449BCF6C13,"I, J"
424628264,sid-E655EA61-4FA4-4DB3-A110-BC4FCA1CBA1A,"Accept date, Propose date"
424628264,sid-200C3368-364D-467B-9648-243126459E45,"Accept date, Propose date"
424850348,sid-0277EE40-D424-4048-AB24-B14EA82F3597,"Notify supplier requestor, T6. Assign unique identifier"
424854596,"Is this 
the 3rd
 reminder?","Inform customer and close transaction, Send reminder to customer"
425224369,sid-8390195E-BA0E-4D25-801E-6B7D362407E0,"R, "
425224369,sid-688BDCDD-C1D8-491E-887A-93013BB93813,"sid-688BDCDD-C1D8-491E-887A-93013BB93813, Q"
425224369,sid-80B2A6F3-61F4-4075-9B7F-99F489E72D36,"T, Exclusive_Databased_Gateway"
425224369,sid-645AF2BF-1482-4A50-915A-B386BD7F7F51,"Z, Y"
425224369,sid-F46C745F-127E-4743-9C6A-BCD5C76603B4,"sid-F46C745F-127E-4743-9C6A-BCD5C76603B4, sid-F46C745F-127E-4743-9C6A-BCD5C76603B4"
425224369,sid-93312982-742B-4879-B25E-D7E77F7B331E,"C, B"
425224369,sid-5BC62008-8982-4FFC-B676-37EEDD7BDB8D,"E, Exclusive_Databased_Gateway"
425224369,sid-1AC17D7C-A998-4015-8CAB-0F0FAA6338AD,"K, "
425224369,sid-D3678040-A438-4CE8-A7D1-03E83323D315,"sid-D3678040-A438-4CE8-A7D1-03E83323D315, K"
425337511,sid-4E357D26-6BB6-4087-8DE2-DF05FC1BD832,"availability check, reject order"
425337511,sid-2AF0EBF7-1AE4-4B9B-BFBA-802BEB1E7790,"availability check, success check"
426149129,sid-5EAF182A-D12A-4095-A264-B9B705B42DE8,"C, D"
42693088,sid-13B41DD5-116E-41D9-A043-97D78FC3F3F2,"Process with care, Process normally"
426941458,sid-1988079A-846D-47DD-8059-F09D5F665272,"Send to Expert, Deal with non-compliant invoice"
430964884,sid-CC724D79-0173-46DB-89E6-C55BF5B5EB7C,"R, Q"
43119789,sid-8324934F-E71F-492A-B2EE-232733C5103F,"Invoice entered correctly, Check invoice data for errors"
431373358,sid-28757065-58DF-4DBE-A3BE-2D1FAB98F2E2,"D, E"
4313804,sid-9427B529-6E80-44EB-ABC2-68D8B032B643,"sid-9427B529-6E80-44EB-ABC2-68D8B032B643, H"
431524157,sid-FCFC9BA1-BDAF-4E18-A1EC-2304B670E17E,"perform an election, give a chance to voters to be prepared for a voting"
431880077,"enough interviews
","enough interviews, integrate in new workflow"
431880077,expert has no response,"expert has no response, search expert"
431880077,"expert not in time
","send an expertise, receive request"
432321322,sid-7362EC8F-F492-4AED-8FE0-3634F3F9AA9B,"Check Inventory Low Stock, Check Inventory Sufficient Stock"
432444046,sid-E6A5BA8B-DAD3-40FD-B4AF-DA4FB5E98716,"Ship product to customer, Make decision about the product with defect"
432444046,sid-08129A80-2B25-4629-A7A6-B755E242D92E,"Order raw materials, Make minor fix"
432444046,sid-F40C0FCC-29C6-439A-AC30-708059B14B2C,"Check for penalty requirement, Cancel order cancelled"
432444046,sid-B0C57298-E161-47B6-AB8B-CF957E31F894,"Ask customer if agrees with penalty, Cancel all the work"
432444046,sid-8A2FECB7-D7A9-4714-BDA6-78BE21AE0E9E,"Cancel all the work, Cancel order cancelled"
433768750,sid-DC13274D-EB44-4766-9B8A-82DF0C788F15,"A, F"
434510902,sid-83ED9739-1F17-4D71-9D1C-0F521C57D0B2,"I, Exclusive_Databased_Gateway"
434607111,sid-E86C318A-5350-43A6-80F5-110DD5413C0D,"Exclusive_Databased_Gateway, IntermediateMessageEventThrowing"
43463874,sid-79273E28-E3E3-41C9-BBF9-54EADE4D4CC9,"I, J"
434748410,sid-6EF55562-126C-4BBA-80FA-AF201F46DCDC,"EndMessageEvent, Exclusive_Databased_Gateway"
434748410,sid-1301D3A7-3FE8-43B9-87CC-59A7AA8A88E6,"B, "
434748410,sid-011F7CCE-662F-40A5-AA41-F3E07E31F026,"sid-011F7CCE-662F-40A5-AA41-F3E07E31F026, sid-xxxxxxxxxxxxxxxxxxxxxxxxxx"
434748410,sid-C45F42BB-9FBC-4671-B811-A09A1E9FA2A2,"C, "
434748410,sid-DC54F760-6750-4094-9F9C-68A2076BB2FE,"sid-DC54F760-6750-4094-9F9C-68A2076BB2FE, sid-DC54F760-6750-4094-9F9C-68A2076BB2FE"
434859881,sid-B4E0467C-8121-4B63-9F9F-EED4BA629A5A,"prepare reject letter, prepare onboard documentation"
435853127,sid-4861F99E-4922-4948-A833-35B113C9C077,"Exam product, Defect summary"
435853127,sid-3407D588-8EC9-419B-91DD-CF3E68B12C9D,"Exam product, Send anomalies"
435853127,sid-D9275AC5-031B-44CE-91E3-6964D41C6AFE,"Distribute materials, Select people"
436309104,sid-7FEBC2D1-1626-440D-ABDE-CA793EDDDC2A,"F, Exclusive_Databased_Gateway"
436885432,sid-74851D4A-6A27-4CD6-899F-A5243709533E,"Select one way, Select return"
437049556,sid-81B5FFB0-DB7B-42B4-AC3E-8D68A6894DA7,"Document Control, Receiving customs declaration and supporting docs"
438049910,sid-059FFDDC-6FB4-4506-9E29-694482DD31BC,"calibrate tool - get exact positioning in the room, discuss worktask with worker"
439967763,sid-FD564536-BD1B-432E-AE3E-85ED68F42DB3,"D, E"
440062101,sid-D07A7DE0-84A4-4AB9-8EA3-2BAD9C69E1C4,"Add Vendor Number To Invoice Entry Form, Look Up Vendor"
440325104,sid-06FE6B90-2F79-4071-8CC3-35D62A38D50A,"S, K"
440325104,sid-0A723319-2322-4E4F-8A40-8DA343BC339A,"J, U"
440516439,sid-011F0D06-4BE7-403E-9E22-0CA4E4B2BE3C,"H, "
440516439,sid-419EA215-30E2-4147-B6A4-20E01DB9D852,"I, H"
4410501,sid-8AC10846-2F94-436C-B734-E1F5BFDC45FF,"Order Created, Current Inventory is Checked"
4410501,sid-B77CF947-2BB5-40CA-A340-335DB200CA87,"Order Rejected, Order Accepted"
441815021,sid-C2E3DEF9-25AA-4532-8AC9-C72C46B5523C,"IntermediateMessageEventCatching, IntermediateMessageEventCatching"
441815021,sid-86E75F6C-F198-4662-8F7F-B2988915C0AA,"Evaluate the request, Request evaluation completed"
442284795,sid-8C82D006-EF8A-4471-8404-5B06D1BAF4C2,"T3, T2"
442284795,sid-D4FFE526-6278-4400-A11E-564F4EED3B91,"T1, T3"
442433733,sid-4287D9E3-C9B6-4527-887B-00B952812521,"penalizace,"
442433733,sid-9F760ACA-3EEB-4F9A-9CEF-7B74007B5D43,"Present the project, Performing a work according to a role"
443077931,sid-9CEBA424-B738-43E2-B769-4C2E8BC631FA,"check policy, Exclusive_Databased_Gateway"
443317921,sid-D2657A8C-75E8-4F99-8BFA-57B5D53A29EB,"Request for applications copies received, Facilitate discussion"
443317921,sid-BCC62D20-FD87-4F94-8B80-212B8BE7D208,"Filled referee form, Received referee form"
443317921,sid-BA84BE4E-EB6D-4BA9-BB1A-CC39DD4DADBB,"Send out consolidated referee reports, Inform applicant on application status"
44341569,sid-7A703FBC-B085-4DBE-B7D3-7B71AC017D71,"M, N"
444103903,sid-C8284DB4-9E23-42EA-A5DE-CF6A2E4B4595,"Try to solve customers complaints, Take required payment from customer"
444103903,sid-7A42F7D3-D816-4767-AD98-FDF0903CF133,"Take required payment from customer, Customer leaves sadly"
444119767,sid-52FBE4B6-258A-40F5-973D-DD10C6DACAE6,"More Information Requested, Submit and Create P.O."
444131661,sid-7826DE8B-917D-45D2-A805-1A4F8704D27A,"Rework Purchase order, Reserve Funds"
444406472,sid-2E54561A-1009-409F-A705-C1544E58F253,"Assign Employee Resources to Inventory, "
444535897,"Is Software 
Ready","Is Software Ready, Inquire Status of the Project?"
444735320,sid-BA8371E1-CA6B-45E2-928C-814A537AFB59,"E, J"
445860349,sid-6C51A720-6A3E-4489-B85A-BB1F99D55486,"S, N"
446356060,sid-A966FDAA-76FB-446A-96C2-AEBBA586D5DF,"AF, AG"
446356060,sid-383DC7BA-13EB-4D55-8EA2-6617926A83B9,"P, Q"
446855909,sid-E6E35340-523E-404B-B1EB-B8C0929B4F2F,"Exclusive_Databased_Gateway, Exclusive_Databased_Gateway"
446855909,sid-2F448975-D2EC-46B3-A148-E1C452D75803,"sid-2F448975-D2EC-46B3-A148-E1C452D75803, sid-2F448975-D2EC-46B3-A148-E1C452D75803"
446855909,sid-4A261848-C61F-426C-8FAA-B0EFC64304E0,"Follow up, Invoice disregarded"
447054582,sid-8E149517-6A1E-4F96-82E5-2B09E96B4C28,"Cancel order, Give to delivery"
447054582,sid-F4A8DAA7-ECE2-453F-960B-0AE401C1C5A4,"Goods delivered, Cancel order"
447230522,sid-99B25C3F-7000-4E14-B4A2-59521DB8F60E,"Create Purchase Order, "
447230522,sid-2D0B1784-50B1-44D0-A129-74A7B4F3BEDA,"Reject Purchase Order, Approve Purchase Order"
448373392,sid-A401F8CE-2929-47F4-8F3A-1D7DFA1A0F18,"Publish Service Description, EndNoneEvent"
448828966,sid-BD4811C7-9AD0-4A92-B79A-284D9503E1AA,"Create production order, Perform material resource planning"
448828966,sid-AFCB7784-F06B-488F-A98C-81B98C8A9BA2,"Move materials to the production floor, Purchase production material"
44988990,sid-2C400138-0F7E-458C-9E43-6B3623DEC7A0,"C, D"
449905767,sid-EBF92F01-7054-4000-AE96-8EA8590394C6,"Tick Yes, Tick No"
449926499,sid-28A15E4C-20ED-488E-BD28-8E1385E8941B,"Add report about disfunction, Try to repair"
449926499,Is request authorize?,"Order equipment, Equipment request"
450072970,sid-1BECB57C-A72F-4682-A49B-035A36C583D0,"Check patients state, Check if patient is registered in hospital"
450072970,sid-68345878-45A6-46C5-B7EF-A469C7D13AC7,"Send patient home, Check patients state"
450072970,sid-CD3C8821-018E-4695-B8B3-E96C81141461,"Register patient, Pay 30Kč"
45067321,"Vendor Number
 Exists?","Vendor Number Exists?, Vendor Number Missing"
451520306,Search for other found?,"There's not enough found, Search for other found?"
451520306,sid-202800F9-34A1-44AD-BC12-B0DBB41FA389,"Provide the money to the student, Provide all the available money from the fund"
452492572,sid-74BCD5F6-3813-497C-9F81-5B0CF78326B9,"request vendor new master record, Exclusive_Databased_Gateway"
452492572,sid-D96269B9-BF82-46B3-8C04-106FF564BAC9,"24 hour turnaround, 1-5 days turnaround"
45262379,sid-013A19B8-90A9-4D3F-A495-15A2CF2AA778,"Check Part List Items, Recieve Oredre"
45262379,sid-CB89EABE-F97E-41D7-9D75-44E40480DA14,"Shipment it, Order it Back"
453194363,sid-105DB694-A1A7-41F4-B0FC-2A74A1FC141C,"C, B"
45372622,sid-476C274A-AE37-4DE4-BFC3-78F9719AB83C,"Travel Offer from agency, Assess Proposal"
45372622,sid-01283B28-D1F9-4B7A-AC43-8186D4151556,"Create Purchase Request, Director Approval?"
45372622,sid-242CC1FB-7E05-4CE3-B4DB-DC9BC2328274,"Create Purchase Request, Document Admin Director Rejection"
4537695,sid-D94D2D41-B9BE-4278-8F11-A8842B08E6DD,"I, W"
454566392,sid-DF097479-2C30-438D-A5B5-0F4D3C6C5F04,"wrong info, Verify Matching Company"
454566392,sid-31BF508E-B2A6-4538-8644-B7F03A9D7B49,"non-existing company, Verify Pro"
454812208,sid-17FDBF8A-189A-413F-AD56-545905D215C6,"Storing the document or the main data, Retrieving the document or the main data"
455117582,sid-7932BF16-FD06-48CC-ACF7-11E52C9EEE4C,"C, "
455349272,sid-0C4620A4-113E-4A2A-A729-BC9D47345EF5,"produce credit card, notify customer"
455349272,sid-57E683F8-AC6D-413B-821A-24D6E0D5C476,"Ask additional information, Check completeness"
455349272,reject,"produce credit card, application rejected"
458645959,sid-76CAC701-7B48-443B-B7D2-4E8758FEECDF,"prepare billing, solve problem"
458645959,sid-198D89EA-E161-4388-BBEC-DB1886F36021,"prepare installation, contact customer"
459019716,CB,"CC, BC"
459157933,sid-483F830B-CD80-412E-99AC-6395A4834950,"EndNoneEvent, ParallelGateway"
459309801,sid-C94FD97B-EBE3-409C-884B-A586ABD0F82A,"Fix And gain Approval, Notify other agencies of position (If Applicable)"
459309801,sid-BB39CAA8-3E55-48C2-8139-F9C0B4F65509,"Approve Advertisment, Disapprove Advertisment"
459655258,Reputation result is?,"Start evaluation process, Results ready"
459655258,Everything went ok?,"no, yes"
459705891,sid-12C9F7BB-CA37-4B4C-80D9-2C2344F78D19,"Check for Discounts on Invoices, Invoice sent to Payment Outbox"
459705891,sid-FCB38378-C0C1-4F33-8047-E0DC34C92B42,"Invoice ignored Discount N/A, Invoice sent to Payment Outbox"
459924423,sid-1EC1CBCA-3867-4844-8009-F6A9B5420BA9,"loan approved, loan rejected"
460373360,sid-17587DF8-40A5-4274-9CAF-AD64A198EDB2,"C, D"
460373360,sid-CEB563FC-CA9F-4626-9798-72A92F25D0CE,"G, H"
460383745,sid-986C9D9A-AAB4-4BC5-8C64-3E2897461C7A,"P, Q"
460383745,sid-B1AB2AED-F295-4325-82A2-61EF572AC2AB,"Z, AA"
46091906,sid-90B61144-D016-4BDC-9171-53FA81ABBDE8,"Task A, Task B"
46091906,sid-3D7EB14D-D417-4F2D-968C-6225F6913E79,"Task A, Task B"
460991489,sid-3C2A2DCA-A446-40B3-B2F6-81AAE7443124,"N, M"
462276758,sid-6B15FACB-806A-4B26-8A4C-9CF0E1D1399C,"M, EndErrorEvent"
462301578,sid-DCF311B6-159B-48AA-A0A1-E79B2C5D9632,"O, N"
462301578,sid-31064DAD-36B4-412E-81F5-1256D32A4355,"P, O"
463114081,sid-FCF2AC85-F1F2-4F01-A3C6-1102859EA080,"Try out (24h), Become a member"
463114081,sid-14236823-7CA2-498A-827A-75EC703A8011,"Registration Error, Successor Names"
46334524,Suit,"Select your Software, Evaluate Software if Suit Business Need"
463694473,sid-0189A9F4-BA10-48A5-9108-505511107B44,"Solve problem, Solve problem"
463694473,sid-BA98D294-B4B5-4538-B49D-8707DCE54F85,"Is it ordinary problem? Can I handle It myself?, Accept deny of complaint"
463694473,sid-11CC90C7-AE67-490E-A555-A679E37D1698,"Describe why, Is it ordinary problem?"
463694473,sid-5D94D84F-CF71-4E92-AA5F-188360E05FC2,"Create complaint, EndNoneEvent"
465422358,sid-AF5C0DFF-6033-42A0-976E-6DA37003DD83,"X, Y"
465481196,sid-A8F95FEF-C52C-4F3B-BC18-C2DCD18401A8,"H, G"
465539197,sid-0E6098A6-45FA-41E3-9E03-621302B2EC04,"Supervisor review request, Notify employee approval"
465541086,sid-956222B1-FF1A-4363-8C8D-975B9A3E6211,"M, F"
465541086,sid-E606DDFF-AD9F-46E4-A872-9054DBBDAB46,"AL, AM"
466074720,"is this the 
fourth
reminder?","inform customer and close transaction, Send Reminder to customer"
466074720,"mortgage offered?
","inform customer of rejection, prepare mortgage documents"
467314556,sid-9D116429-77F9-436A-9414-0A57839643A3,"V, O"
467317071,sid-3F941CE0-A7B0-42F7-B756-71E6AA0AF8EC,"F,"
467317071,sid-A0639BE9-4B86-45A5-971D-C03DDC92AA41,"G, H"
467875626,sid-D05EC98F-C933-4760-A408-024F0241429E,"Verify textual information, Verify visual information"
467875626,sid-67E4D94A-1EE0-4F5F-82BF-EDAAEF4A60F3,"textual information received correct, textual information received incorrect"
467875626,sid-FCED5AF0-C222-4FB6-914C-E8574D524FEF,"Visual information received correct, Visual information received incorrect"
468056145,sid-5E093969-8B36-45AA-983B-9439D135A149,"B, C"
470143499,sid-0198B896-991D-428A-B709-CCFA1FB6382D,"ask adress customer, check adress customer"
470346025,sid-1CDA1F9E-F33C-42B8-B031-71CF84D87F1E,"take a seat, leave the restaurant"
470346025,sid-A2317856-CA8D-45F8-9263-A52BC1C99BEE,"order a tiramisu, Exclusive_Databased_Gateway"
471876399,sid-76D15A73-411F-40FE-B10B-F287D531EE0F,"Call client to follow up, Send reminder letter"
472026493,sid-229854DF-3D02-47F7-938A-D4F878EA85CB,"Exclusive_Databased_Gateway, ParallelGateway"
472026493,sid-FA557A0D-254B-464F-A8F4-712365FDF1D9,"Edit and complete request, EndMessageEvent"
472026493,sid-13081342-C1C0-4F57-A7F4-0B3819318D99,"Edit and complete request, inform about denial"
47233190,sid-1308319B-5438-46FA-A05F-FE9EFCFF419B,"I, J"
472383032,sid-490E0EAA-5AE9-4581-923D-95A33CBB4223,"B, D"
472751054,sid-9753D08D-ECD2-4A90-B322-2E1758B0FF59,"Create Purchase Order, Check Inventory Level"
472873919,sid-C6AB9E59-1111-4EFC-AD92-7F9C5E44813B,"registration @ flickr failed, EndNoneEvent"
472873919,sid-A017CB7E-6690-40C3-AB94-FF9FF293820D,"registration failed, change userdata (twitter)"
472981862,sid-0B5566A8-DACD-45FA-BC39-081F6594EC20,"X, Exclusive_Databased_Gateway"
472981862,sid-B90E8000-527D-411E-B9D2-29C8A0A4020F,"AD, AC"
473219391,sid-81A5CCA9-48C0-4028-910E-22EC324195FD,"Waiting 4 days, Receive status"
473219391,sid-B24E8FDF-F4B4-45F5-B580-C86D03F57FF3,"Cancel Order, Shipment"
473521098,sid-BFD5D0F8-C892-4A64-A70F-713B56AE6AA5,"C, A"
475400600,sid-F731EB73-797C-40B0-8272-B9544BF03066,"Contract complete, Contract incomplete"
475400600,sid-987CF94E-1E39-4C5D-BC49-69A5461C40D7,"Contract incomplete, Contract complete"
475524316,sid-6ED0403D-357F-4C65-ADC1-423A10BD34C1,"Exclusive_Databased_Gateway, IntermediateMessageEventThrowing"
475524316,is data complete?,"Data complete, Data incomplete"
475524316,is payment required?,"authorize payment, do what?"
476031906,gets member?,"gets member?, stamps letter"
476089891,sid-54D491B0-BE2B-41C7-B719-22AD429C989A,"J, L"
476607318,sid-916AEC57-9E86-4872-AE13-C60D1AC90BED,"G, F"
476607318,sid-89315AFB-4D88-4996-9A95-416BDC721D9B,"M, L"
477088174,sid-956F3861-92A9-47F4-B38D-CBFAD8DD273A,"B, F"
477225686,sid-8D016BF1-F9D6-4B08-BBEB-2E737D9EB181,"Communicate with customer, Verify RFQ"
477943520,sid-5E228348-5802-45D7-BD75-7227A03FD100,"Notify claimant, check claim"
477943520,sid-2F9F69C7-B7A8-4EA5-8E00-E25E27D7A0FE,"Send simple claim forms, send complex claim form"
478683964,IS checks found errors?,"IS notifies the client that it will take approximately 3 days and he will be notified when the medicine is ready, Available in the stock?"
478683964,Was the insurance check decision positive?,"Was the insurance check decision positive?, Can the medicine be ready in 3 days?"
478683964,Available in the stock?,"Client specifies the pick-up time with the minimum of 4h from now, Client specifies pick-up time with the minimum of 3 days from now"
478683964,Is the decision positive?,"Is the decision positive?, Technician reads the doctors decision"
478683964,Is client willing to pay?,"Is client willing to pay?, Call client and ask if he want's to pay fully itself?"
478683964,Customer on time?,Customer on time?
478683964,Can the medicine be ready in 3 days?,"Was the insurance check decision positive?, Call client and tell that it's not possible to gain the medicine"
478683964,"Client accepts the new 
pick-up time or cancels?","Change pickup time, Cancel pickup"
479592366,sid-0753C974-A06C-444A-A7FD-808E3E536EA6,"C, D"
479592366,sid-B4203631-F8A2-44CB-87B2-E95E243E1048,"C, E"
479658835,sid-4FF273B0-B5C7-4439-8B56-F9E1F9F9EDE8,"A, C"
479658835,sid-001A0899-6478-459A-8724-C88622C965F4,"sid-001A0899-6478-459A-8724-C88622C965F4, sid-001A0899-6478-459A-8724-C88622C965F4"
479658835,sid-2CC259FA-923C-4C97-B5CC-1BB40A968E0E,"F, G"
480544161,sid-1454B39B-F4DA-4994-97B5-68DD5948BDEC,"Remove from callback list, Resolution received"
48110796,sid-4B513A0C-AA4E-4850-A8FB-7998CF02493B,"B, C"
481153324,sid-CE4A6C6C-6DF9-4E44-A756-C3A0D8A0B212,"AD, AE"
481153324,sid-1636FE64-E1FC-4311-B130-930D73B03958,"P, Q"
482077941,sid-09510562-E967-46FF-8CB3-CA4B67CA5768,"Create Purchase Order, Check Inventory Level"
482077941,sid-38913526-F703-4FA9-8D4A-E502D15CCE67,"Rework Order, Reserve Funds for Payment"
483105699,sid-15BBB143-76C7-4770-9F72-0070697C1C3D,"G, I"
484220582,sid-E3D74059-0BEC-41B3-B83C-D30DA189CD6D,"A, "
486427926,sid-52628629-FC03-4A2E-A487-1B7B0DAAE909,"Z, Y"
486541708,sid-00B2B17E-C86D-45FB-9A48-68F00DE95CC9,"D, H"
488078351,sid-55093F59-39A1-4170-AF40-F59871B95877,"H, "
488352125,sid-4EF1FED8-17E3-4042-A260-FA0D343429E2,"Check contract details and decide, Exclusive Data-based Gateway"
488352125,sid-D7C9675A-A356-4F37-8287-2E576AE6D12B,"Analyze causing issues and resolve them, Send request for supplier concurrency check"
488352125,sid-68059127-4EC2-4B90-8862-53B9D8C2C07F,"Send repsponse comment, inform the concurrency"
488379057,sid-76D88AAF-F0B1-4340-8735-1A95307548A3,"Process reimbursement, Expense Rejection Notification"
491991785,sid-AA021F5B-BEB4-457F-8EAC-7C91D8168502,"AU, AX"
491991785,sid-118F6BBA-F6AA-42B2-B804-233762D05C81,"AT, EndTerminateEvent"
491991785,sid-54BE67D1-5CA9-4AAD-AE07-6F363D08E67E,"AW, AX"
491991785,sid-3F1BC1A7-A77D-47F9-A76F-FFC1299D62DC,"AZ, EndTerminateEvent"
491991785,sid-C741BD07-F79A-4E93-A621-D3B401D10761,"BA, BB"
491991785,sid-05DD6FAE-28B8-431F-A486-CCFF7C0D29FA,"BC, BB"
491991785,sid-B4F4F1D0-5C75-40AA-93D2-AD6E1E27777B,"A,B"
491991785,sid-EB2EBC5F-AD9E-43EA-B50D-4622333AE7D1,"B, EndMessageEvent"
491991785,sid-04ADD558-A80B-4585-BC65-6D70E014C7BE,"C, "
491991785,sid-2F46FF55-3C87-48FB-B783-0352FA3CBD20,"F, H"
492358417,"product in
stock","take from stock, check material"
492358417,"allowed to
order","allowed to order, Check Customer"
492358417,"already
existing","create customer, check existence"
492358417,sid-D797EE34-DB3D-4A3F-90EE-3C863DE2331C,"write letter of confirmation, write letter of cancelation"
492358417,sid-33FA5638-45EE-4D05-92E4-7F301F873202,"order material, check material"
492358417,payment received,"Close order, Send reminder"
492358417,check payment,"check bank account, close order"
495263587,sid-9431E7A7-D576-4E27-9DF8-6E3059E59252,"Subscribe to newsletter, Not interested in newsletter"
495448315,sid-9FC0DCE2-7C74-4866-A885-6BEC70FFF475,"S, Exclusive_Databased_Gateway"
495448315,sid-02E3CC5E-01D9-48A6-877E-EB6651C856D3,"Q, M"
497496394,sid-F76BC77B-D480-4865-8903-0624B21BFA69,"Validate Form, Validate Data"
497496394,sid-9C484B4E-6DAF-41CD-85AC-3F9E14BB4E1A,"Exclusive_Databased_Gateway, Task"
497496394,sid-AA55D575-18F4-453C-A6F1-CF7DDF08EDAC,"sid-AA55D575-18F4-453C-A6F1-CF7DDF08EDAC, sid-AA55D575-18F4-453C-A6F1-CF7DDF08EDAC"
497595849,SEGUN RESPUESTA,"ACTUALIZA DETALLES, ESTADO DE DOCUMENTOS"
497595849,ESTADO DE DOCUMENTOS,"MOVER CASO, REQUERIR DOCUMENTOS"
497595849,SE RECIBIO RESPUESTA?,"ACTUALIZA DETALLES, ANALIZAR RESPUESTA"
498901065,sid-A097EDF3-8A51-43DD-BFC2-5694778DDE9F,"book hotel, end booking hotel"
49933171,sid-EF7C103C-E402-460F-A8BB-1DB7190174E1,"D, E"
499352226,sid-964FFB66-3D93-4AB0-9B2C-C89976773C0C,"M, N"
499530088,sid-39AF51A2-E219-451C-8F3C-55E70B6DFB20,"B, C"
500894528,sid-6F0DACB2-B3C9-42F7-A4FA-B3AB1F873EAE,"customers details are recorded, supply parts in stock"
501251822,sid-57E20B55-3F8B-401B-9B3B-76D40EE20E96,"AA, O"
501251822,sid-45B2B334-883F-417F-BF16-3C4A6DEFB4E3,"ComplexGateway, Exclusive_Databased_Gateway"
501251822,sid-B54EB540-F2F9-4D4F-B751-9B8D9AECD5B3,"O, EndNoneEvent"
501251822,sid-8B3266B4-091D-49FA-8520-17F889ACB245,"H, I"
501251822,sid-76C8FB8C-E1C5-4FD3-A938-D06BE8559D51,"AD, Exclusive_Databased_Gateway"
501788083,sid-E5553CBA-FB72-4D0B-9C95-E3E60E6509E7,"Q, P"
501788083,sid-01755110-2BF0-4F43-BBB0-DF4A23FCA5C7,"M, T"
501788083,sid-89E5CCB9-4FE4-49B5-9D6D-76946D1AC3BA,"E, Exclusive_Databased_Gateway"
501833597,sid-CB80E2C0-2080-4B8E-BB45-C8F69955C938,"AK, AL"
502172298,sid-CC80B0A8-7D1E-46A4-82E9-ACD98910B6A3,"H, I"
502172298,sid-2A58DCA1-3387-4425-9124-04A7A7EEA673,"N, O"
502172298,sid-DD4CFA6B-C302-47EE-AA80-782E3D5A4F0B,"R, S"
502172298,sid-78D6C9CF-D149-4F34-AEDC-5B65EA65AA26,"V, W"
502172298,sid-7C06237E-4C9B-478A-9BEF-A5DDE9F4668E,"X, Y"
502172298,sid-0DD11CC4-17AB-476C-B21C-CEA4B65D1442,"AA, AB"
503305525,sid-6CD39091-4147-4931-8D16-E99A3D96C2F3,"N, O"
503305525,sid-0727C642-9486-49D7-9F40-81D55195C842,"Q, O"
503442800,sid-438C4FEE-E8BB-4E3C-A617-CAE904CBE4BF,"Sign request, Reject request"
503442800,sid-D5766E39-B2AF-47DE-BFA8-8AF1A25DA9E7,"Reject request, Sign request"
504782350,sid-249B521F-E817-46CE-8DE6-6101577007BB,"ParallelGateway, EndNoneEvent"
504782350,sid-4D9EBB06-BB8C-4C7F-99FB-FEF8077925B6,"I, Exclusive_Databased_Gateway"
504821647,sid-1AD57001-17C6-4406-96C7-60B0D19E2F97,"order a tiramisu, order no desert"
504986530,oryx_61BEB455-4E94-43A2-9DC8-F7B659AF9331,"N, Y"
505731512,sid-84D868C6-5415-4B86-82E0-B89E068464CE,"R, AA"
505731512,sid-245D1917-6132-4360-A68B-138345D560F7,"S, T"
505731512,sid-FA073183-33DC-463A-81FE-5094B6314F39,"AB, T"
505731512,sid-979CA7C5-C4A3-4D7D-AB5C-D42210B60A47,"C, E"
505731512,sid-AFCA59B1-3683-4C34-9FE3-F86DB42CF5F8,"F, G"
506013721,sid-D4C05C6D-0945-450C-8781-A03A1177A35F,"Tick 'Yes', Tick 'No'"
506013721,sid-0878DB7C-B5A1-4B73-970A-5BA26DD6597A,"Invoice compliant, Invoice non-compliant"
506013721,sid-B113C635-5C56-4F9D-A5B9-568005EF49BF,"Follow up, EndErrorEvent"
506013721,sid-90BBE796-26CE-4DCF-954E-6AB157F33B0D,"Look up excel file, Exclusive_Databased_Gateway"
506013721,sid-49775ACD-6E51-42EC-B4A7-BEA438A8E53F,"Mark invoice as urgent with red stamp, Exclusive_Databased_Gateway"
506013721,sid-675B962E-D87B-4907-A782-DD039200DBFD,"Client enquired for confirmation on payment, cost centre details"
506013721,sid-22CF3E62-C9B1-4975-8B55-9F7A0355C08F,"Tick ""Invoice entered correctly"" box, Highlight errors on invoice entry form"
506013721,sid-019B9AEF-2D54-4D60-8D59-095B83B03525,"Process invoice, EndErrorEvent"
506070162,sid-F1A1981F-1F51-49FA-B4C9-F987AC9BAFF9,"U, V"
506622794,sid-A10FD9FB-6F5F-41F7-8F5F-EEAC0407ECE6,"I, Exclusive_Databased_Gateway"
506622794,sid-1F3A6D1B-9F3D-47CD-BBC2-B4E9CD23D757,"sid-1F3A6D1B-9F3D-47CD-BBC2-B4E9CD23D757, sid-1F3A6D1B-9F3D-47CD-BBC2-B4E9CD23D757"
506752502,sid-5464BC3C-4E07-4E31-B567-F9210EA6E7B0,"Request received by Adhoc PM, Request received by Project PM"
506752502,sid-1779E917-C8AC-4BFB-BCC4-E8B32566C38F,"Re-work done on the Request, Approval Request received by Adhoc PM"
506752502,sid-9E6B7521-3290-4DA8-92E3-8618B5F3B8D2,"Send the CCR form to Requestor for Re-work, CCR Submission and Implementation"
506754367,sid-450928CE-C829-488B-8079-EAF4A3938A3C,"H, J"
507458557,sid-99D2401A-82C8-4D64-94D2-00A80E1778C4,"AH, AI"
507458557,sid-83FF9214-E2A1-4D0F-ABC8-D490846C2808,"AL, AK"
507458557,sid-57AC0D8C-7D6A-448A-8638-D9EFE96492F7,"AN, AO"
507458557,sid-212A5822-C884-4069-B867-78F8B933017B,"V, W"
507458557,sid-8795D62C-B623-4FC0-A98F-F61F235F32DA,"P, Q"
507458557,sid-8BDD6576-EA7A-4B23-AE68-43249082D875,"L, M"
507458557,sid-94790AD9-0068-4DDB-9335-C52279F5BC54,"N, O"
507458557,sid-BC796B09-88DC-4D0C-83C5-CDE90FC15474,"R, S"
507769286,sid-43A0833B-70C2-4806-96EB-7BD26969110C,"BX, BY"
507769286,sid-8F5A94B4-530D-4247-8F07-9ECFB117D20E,"F, G"
507769286,sid-62222F7B-BADC-4C25-A63F-6833A00E0458,"K, "
508032930,sid-B1357FB5-C40D-4DCD-B8DB-737C104B3302,"G, D"
508438152,Aged 18+?,"Fill in medical certificate, Pass documents"
508438152,Everything OK?,"Save, Wrong filled documents"
51284981,sid-A90B2C6A-7E1E-4E0C-96D6-C599645362F1,"AF, AQ"
51284981,sid-EEE174C0-4B14-442A-BF71-0B16BD5981AD,"I, J"
51284981,sid-601EF819-3B3F-4788-B185-B83D0991ED03,"H, K"
51284981,sid-2599A36D-7557-4F7D-A248-645104FECD27,"I, J"
51284981,sid-EB4B18EB-A15B-442B-9CCF-3ABA39F35415,"O, N"
512877351,sid-B7AC5313-6F18-43BB-A295-BBCBDE6B2DD7,"Reserve Payment Funds, Rework Order"
512877351,sid-49399FD5-31E9-4E2C-A22E-8EB00041BA47,"Receive Invoice, Send Purchase Order to Supplier"
512877351,sid-F3C052BF-3CC3-4B8C-88B6-5C524D884597,"Create Purchase Order, End Process"
512936561,sid-894595EF-6464-4324-AE2F-B39215F4D02F,"Provide suggestions for improvement to analyst, Completion of Functional specification"
513502493,sid-5D74BC40-6942-4278-90E5-C6B7D2A197E3,"B, C"
514296119,sid-BA42BD35-A51D-4C9E-8A5C-6BA9036D0A34,"InclusiveGateway, InclusiveGateway"
514860945,sid-8D4E59BE-2C0D-4B36-BD6F-48FEEAC96DAE,"C, D"
514860945,sid-BE42C641-6D59-4BF2-9FD5-18DBDDAE01EA,"R, S"
515554815,sid-54DC5B14-B102-479F-9F99-59DE45AF440B,"Release products to the customer, Release products to RDC"
515944249,sid-F34E6E8C-5744-499D-8B32-CBFF32F54BF7,"J, Exclusive_Databased_Gateway"
517358096,sid-BC4E7927-38E1-40CD-A440-7527E6C93A06,"B, C"
517358096,sid-6D06512A-4F29-4684-B6D1-39BC715D433B,"M, N"
517654057,sid-BE6D05BA-5124-402F-AE9E-6D0868D32ABC,"automatic handling, manual handling"
517654057,sid-6B755E24-DB09-44BF-8518-3D0A46FEC1E9,"send confirmation, Exclusive_Databased_Gateway"
517654057,sid-AAE71493-DE69-480A-9841-3C31726317D7,"send confirmation, ???"
518636962,sid-541AD18D-4C3F-4AF1-B252-7E28C373B9DD,"E, B"
518789514,sid-8292F3E8-8D05-4057-A549-1B920A8E136C,"M, N"
518956382,sid-E30DD67D-B50E-4537-8EC9-0DC13278914E,"BB, BD"
518956382,sid-D87D8116-5EB5-41FA-89C0-30992F84CE82,", "
518956382,sid-39EF6133-0009-4085-AB5C-932F22D38662,"F, H"
520015709,sid-8E38F2A6-D30F-465F-8C01-A8B2DCB784FA,"Send Invoice, Rework request"
520015709,sid-3230BB00-0E97-4368-849C-694295CB6F5E,"Determine bulk order, Determine part order"
520015709,sid-AE71D2F8-CF68-444B-9E6B-92ADE3E660F7,"Contact raw material provider, No parts needed"
52033424,sid-F25D9E84-1599-48EE-B412-A51EE195E62B,"automatical handling, manuel handling"
52033424,sid-2FFCA656-3D5D-4212-AB60-1275061D2688,"send confirmation, Unavailability Message"
520534862,sid-3D7E01D8-1A75-4955-A5CB-1FFFEF06E353,"D, E"
520534862,sid-22981DC5-D6E6-4644-AE2B-1DB631E406D0,"O, N"
520973452,sid-D1E2B4E5-13FE-460F-8951-2CFB8178A2B6,"EndNoneEvent, EndErrorEvent"
520988601,sid-F00B4CEE-BC2A-4205-888A-0AC01A682938,"E, G"
520988601,sid-831A6BD2-27C3-4FD2-9B85-A278963FA48A,"I, J"
520988601,sid-A09E517A-F28D-41B7-9082-8FA2AA08DDBE,"N, O"
520988601,sid-C6713C33-BA7B-4546-A10E-A47AFADA2B33,"S, T"
521051408,sid-8A5BCF74-2B6D-4E91-9516-10CDD5009137,"invite the participants, check resources"
521857368,sid-DBE1BFED-1B42-4014-93FC-376177F94EEC,"Check customer requirements, Check Customer Data"
521857368,sid-689260E5-152E-4E9B-BA68-D85DEE35E76E,"deny customer, create customer"
521857368,sid-A454627F-7353-485F-8A36-EF71852B3525,"check availability, Cancel Order"
521857368,sid-BC144AD7-891B-4D9F-8F14-3F0905461F57,"send reminder, dunning and law process"
521857368,sid-5BFD8B0B-B529-426B-9484-210F675317A5,"check No. of reminders, finish order"
521857368,sid-9780FFFA-D8F3-47C3-93D3-6F4A40F94FA1,"Exclusive_Databased_Gateway, CollapsedSubprocess"
522099257,sid-A35843C8-0200-49B0-BD02-4456B1F86BD4,"Rework Purchase Order, Reserve Funds for Payment"
522099257,sid-96571F13-A51B-4A9D-958C-3A173DD827DA,"Request Purchase Order, Check Inventory Level"
523913608,sid-005A6FA6-6FE5-416E-B3D4-6C951F35D437,"Create a new Vendor Master Record Request form, Note and add SAP vendor number to the invoice entry form"
523913608,sid-AC250D18-B35D-4078-BAF0-D6FCF7128011,"Process Urgent Invoices First, Separated Normal Invoices into in-box"
523913608,sid-E04F6523-17FD-40F4-AF66-11E1FD3FF97F,"Place processed Urgent Invoices in High Priority Outbox, Place processed Normal Invoices in Normal Outbox"
523913608,sid-F88DEC3F-E9CE-4710-A19B-9925ED3AE412,"Process within 24 Hrs, Process for 1 to 5 days"
523958229,sid-58363D9C-9347-45FE-BB85-9C8EFD18E278,"Differ PO, Send completed enrollment form"
523958229,sid-761C36D6-3052-484C-A1E8-BF1C180D46A1,"Receive cash back, EndNoneEvent"
523958229,sid-A1D5DEC0-4221-466F-A187-9E991F895512,"Process PO, Check if enrollment form sent"
523958229,sid-F09421AC-EF12-41F2-8258-8CA92800BF7E,"Send enrollment form to Client, Send for background check"
523958229,sid-4C15E1EF-E0BF-43D6-88F6-49D7E05D8C4E,"Check PO for cash, Exclusive_Databased_Gateway"
523958229,sid-089A1328-629B-4D84-B274-481ADA5A74E5,"Check rejected PO for cash, Review background check report"
523958229,sid-11C73B08-D079-4F38-94BD-080C645BE11D,"Check rejected PO for cash, EndNoneEvent"
523958229,sid-B943E79F-46D7-48D5-9A78-DB7C07C9F496,"Wait for funding from client, Calculate # of shares"
523958229,sid-58C1F5F7-4E4A-4C02-8D4C-BFF58E811ABF,"Make corrections, Check errors in PO for quality"
523958229,sid-BBB2C8F4-1034-45A5-A878-A41A8265BDD0,"Reject PO, Calculate # of shares"
523958229,sid-10E4A0DF-1EB4-450A-8F12-81CD7A2B00EC,"Send cash to accounting, Check if cash sent with PO"
523958229,sid-786DBEF8-E5BB-46D5-BAD9-E9F79079D258,"Scan letters, Index Fax"
524198161,sid-94B00B2B-0ED6-452E-BFDF-6B80E410291A,"Back order parts, Reserve parts"
524198161,sid-6AC04989-E869-4B0F-85B0-10DA91349151,"Check req. quantity of part, Notify Engineering dpt. that all parts are available"
524725865,sid-8AD7B9E2-BC19-46FD-8473-47DE41807BCE,"P, Q"
525417464,sid-3F2B43FA-0F73-4C47-8A3F-FDA0580CA17B,"G, EndNoneEvent"
525464588,sid-18107634-6EEF-4C43-9E48-3D1055BE635E,"Arrange software, Check software availability"
525464588,sid-5DE0BE91-A931-46C4-AFBF-B53DE678D77E,"Check existence of contacts, Select the group"
525464588,sid-B23E1AA1-117A-409A-BAD0-CC7D345E473C,"Search contacts, Check existence of contacts"
525464588,sid-3137EBFC-3361-44E8-AB06-98ECB022758A,"fail, Exclusive_Databased_Gateway"
526539090,sid-BFEE194A-93B7-4D51-AEC3-3AADFE67AF4A,"B, E"
526881403,"Send
Supplement A?","Send Supplement A?, Send Main Document"
526881403,"Send
Supplement B?","Send Supplement A, Send Supplement B"
528587370,sid-55572522-273D-45C0-B077-01517365A874,"AM, AO"
528587370,sid-9E7C915F-6FA8-4D5E-911C-45D54B2A0630,"AV, AW"
528587370,sid-4DA17BFE-EB10-4CA8-B6A0-BF1A97033A77,"BC, BD"
528587370,sid-3685625F-7A01-4E62-A28F-3867AD065EDD,"BH, BI"
528611740,sid-65B475A3-A7D3-4AB3-8090-52AE3BF8DDDF,"K, J"
528777176,sid-26E41F69-5FE8-456D-BD22-ECED35BEF297,"send out offer for emergency help, analyze insurance agreement"
528777176,sid-283EE6DF-F013-4AB2-B982-D4F44445D32F,"ask for rejection notification, offer immediate help"
528804126,sid-39B9EAA7-20CE-43FF-B257-D71A5B904981,"Forumlate request for professorship, Exclusive_Databased_Gateway"
528804126,sid-DE2FF67E-08B3-404D-BA8D-DBACD14C3891,"Check request, Check request"
528804126,sid-930B0CA0-02EF-4F82-B8DD-0B0B565228C0,"Forumlate request for professorship, Check request"
528804126,sid-1F417F06-01C1-4C2D-8046-9C12C3059E0C,"Check request, Forumlate request for professorship"
528804126,sid-67F7A87A-6B2F-4266-984A-F609E547D83D,"Formulate request for professorship, Check request"
530188395,sid-78792364-32C7-47AA-B041-1C4EAAAA9243,"K, "
530347545,sid-A4C79C5C-D99A-4532-93E5-01F6262F6588,"H, G"
531537843,sid-4B1ED746-CB9F-4EAC-B586-A465A1E3E31E,"A, H"
531537843,sid-A95AFC2D-EBCA-4A97-9C83-6324354B42FB,"D, Exclusive_Databased_Gateway"
532449304,sid-1A2C7BED-EEB2-48D6-A82A-81F186B2C7BC,"Invoice is Incomplete, EndErrorEvent"
532449304,sid-B44EF335-1B38-4FC9-A9F0-A79868C37799,"Lookup SLA, Exclusive_Databased_Gateway"
532449304,sid-58E03B6D-B308-4A14-B2CA-FD672760EA3B,"Highlight As Urgent, Inspect For Previous Delays"
532974156,sid-7F29E48A-B770-400B-9198-E4B6E4852F53,"K, C"
532974156,sid-FD17B163-A2E7-4E8F-BD8C-DDFE528C9E51,"A, Exclusive_Databased_Gateway"
533028397,sid-A624FBF1-58A9-4CAF-8E39-EB47614A583A,"A, B"
533028397,sid-B6DDB049-A683-4FB4-B0BC-F48B73BDC670,"AP, AL"
533028397,sid-CD12775D-8821-4948-AE7B-AC17BDA32665,"U, V"
533144833,sid-CD31E5B0-2410-4287-86AD-9222D1697BDC,"G, "
533658919,sid-06C964C0-6A99-493C-A820-BD6EFD732ADD,"Check process model, Exclusive_Databased_Gateway"
533658919,sid-9C231DEB-C786-4CD7-8588-FF202420A039,"Perform a work according the role, Present the project"
534442031,In Stock?,"Place Orders to Suppliers, Manage Transfers of Material"
534569476,sid-7A99D330-7EC8-4D55-B476-8A8586BA0558,"G, L"
534569476,sid-98E9E31B-CE3D-4A0B-A4D9-AC5883B04A5A,"D, G"
53462533,sid-8FC35CB3-A0E1-4C42-A563-5C27E4466EBE,"N, O"
534796660,Availalble?,"Available?, Not Available"
534796660,       Available?,"Available?, Not available"
535451196,sid-131FA545-E683-484A-A39E-1D0292C50666,"Present Login Screen, Present Couch-Selection Screen"
535554822,"Money successfully 

reserved?","Money successfully reserved?, Money reservation failed"
535554822,History OK?,"Prepare documents, Inform customer about bad history"
535641661,sid-F0E78914-E669-4DC1-8100-A0D672DB5268,"bad credit standing, "
535641661,sid-509FD884-BCE2-4DD8-8BDD-1B5285AF23DC,"Comment Request and assign, Return to Customer and Comment"
535641661,sid-71305E36-F9D1-4538-8ED2-DE71D92631AF,"Approve Credit, bad credit standing"
536121158,sid-478C1F7A-9658-4C85-B8DE-B7CFC835CC30,"B, C"
536244178,Done in time?,"Send response, EndNoneEvent"
536470927,sid-0EF12073-E28C-4876-B13B-CE75198BD98E,"A, R"
536470927,sid-A30BF745-D3F3-4EFA-99FC-D62F64CF8F79,"F, E"
536470927,sid-44712B0C-55A5-4159-ABE8-A3D9829707F0,"G, F"
537226295,sid-E6826CC7-F3E2-4BD3-B26E-E992D1EB8478,"Order confirmation, Edit order"
537238192,offer signed,"Registrate offer loss, Reception signed offer"
537238192,competitor information available?,"competitor information available?, Register opportunity loss"
538359389,sid-7161D485-CE1E-47AE-B414-1C9679372350,"Process first, Exclusive_Databased_Gateway"
538359389,sid-DF11B0BD-1171-41B7-A35C-0DA4355E23B1,"Check the box “invoice entered correctly”, Error found"
538933290,sid-B66A1466-0D86-452A-8D70-06E02A048DE8,"receive report, create account"
538933290,sid-0F8B9592-061E-43FF-9924-C1FD146ACF0C,"approve automatically, evaluate expense report"
538933290,sid-96316837-B45E-4A44-ADA2-A3A6AB8C068C,"reimbourse to employee's bank account, send rejection notice"
540229984,sid-565AC946-459B-4096-B9CD-9FBBD9C56326,"AL, Exclusive_Databased_Gateway"
540263013,sid-E5F8CC55-9686-4257-8BF5-235E3C94C597,"create script breakdown, denial"
540263013,sid-8DA46A79-B2BF-4DDE-ABF1-D3F4C51C98C9,"Costume Management, change budget plan"
541659053,sid-3AFF1BCC-D77E-4570-BB88-4402960BC8E8,"EndNoneEvent, EndErrorEvent"
542481008,sid-692F6BF6-5DAD-4228-A528-7190F2C477C4,"Reject Purchase Order, Accept Purchase Order"
542523173,sid-A149C693-1AA1-42C4-87F9-A2A9E3B9EBF1,"I, "
542958999,sid-8A49BA90-99B1-46CD-8EC8-7BD3E7719EEA,"AR, AS"
542958999,sid-3FD7D8C1-F2C9-42B9-803B-07E2436DC049,"AT, AO"
542958999,sid-87ADE87E-6F27-494B-A24D-A9769AEE4595,"AW, "
543379450,sid-40AFDDB6-349B-448E-93F8-2D4C617ED727,"sid-40AFDDB6-349B-448E-93F8-2D4C617ED727, sid-40AFDDB6-349B-448E-93F8-2D4C617ED727"
543379450,sid-057E679E-29AF-475C-A581-1BE7CBA24EC6,"Exclusive_Databased_Gateway, Exclusive_Databased_Gateway"
543379450,sid-E5B0D876-BFF2-41E6-911C-CE6496637F83,"BP, Exclusive_Databased_Gateway"
544172071,sid-B0C9AE96-D23C-489E-BA3F-1CA7AECFABD6,"Second meeting, First meeting"
544172071,sid-B16203D0-3FA7-4722-9845-FF0D1003BAEF,"building the site, approval of the site"
54465478,sid-C5AEA0DD-C8E1-4ED7-9B0F-D47C80854BD5,"AM, AN"
545223408,sid-B91C3B97-9350-4B01-87C1-F81FC8D4B3CD,"N, K"
545590546,"If the position
 determine
a psychometric test ","undergo a psychometric test, Exclusive_Databased_Gateway"
545902208,sid-DBB6ADBF-5D8D-4126-BEBF-BBA3DBB0755E,"Exclusive_Databased_Gateway, IntermediateTimerEvent"
545993431,sid-30DC01E8-9CDD-45A3-90B9-C7CF6AF6EB68,"E, F"
546078940,sid-6D9305AF-2A30-4FBB-88D2-D5033A01ECE1,"AA, AC"
546702394,sid-0BD43285-4DF0-47A7-8000-E848D62FBDB4,"I, A"
546702394,sid-CD983833-DB95-4BF7-8B5D-AC4C70FEB59D,"P, Q"
546894603,sid-B0CC06A8-D42D-431F-B810-92762C2E7BAB,"Q, EndNoneEvent"
546894603,sid-239ACDB5-7F72-40A2-B6BC-199F009FD1DB,"C, D"
547349053,sid-65EAD2CF-0121-4542-AFF5-5F9A5B617AF4,"K, "
547349053,sid-2C07E019-7A3C-464E-A38E-0CEF4D266F84,"S, U"
547349053,sid-DF007867-0E84-422E-B5F3-AE0655E20D07,"Q, Y"
547498141,sid-E779E2B5-1435-4AF1-841E-1C720B089124,"A, "
547498141,sid-7CDE4422-A5FA-4E33-91AC-2C0121E49A66,"B, F"
547498141,sid-FC36C5A9-8443-4B1A-AD61-4B897F9632B4,"C, A"
548635607,sid-90EA83A2-4186-424E-8905-96E5496DE60B,"end booking bus, book bus"
550212366,sid-ABBAA6F5-23DA-4F06-9D4A-67D3982F74EB,"Discard product, Fix product"
550212366,sid-E01A1C5B-D062-4669-B50C-0FBF34043545,"Asses product quality, Ship product"
550212366,possible,"Continue processing order, EndNoneEvent"
550212366,sid-35D5A31E-11B7-45E0-BC6F-6E6659BD5141,"possible, Stop"
550212366,sid-B5E0B969-B5B0-4351-A4D9-531EB05D43EF,"Stop, Continue processing order"
551624981,sid-62F48440-0E03-4DE2-8C24-0C4D66084C2B,"sid-62F48440-0E03-4DE2-8C24-0C4D66084C2B, A"
551744628,sid-B986D820-894A-4C08-95E6-5F7CEC9F6EC6,"Q, W"
551744628,sid-CE2389BF-2F24-40F0-B7AA-CDFEEB65A845,"B, "
551744628,sid-4461B52C-E740-437C-A9CC-369B79E69287,"AI, AT"
551744628,sid-526350CC-6095-46F8-83DA-6B8111B50CAB,"AN, AK"
552137935,sid-71E27FC9-A442-4967-A34D-70870350417C,"Order is Sufficient, Order is not Sufficient"
553491096,sid-77F33D76-F2F1-43A3-BE88-43EF33B20E03,"C, EndNoneEvent"
553491096,sid-53EDBE1C-F14D-4093-BC62-0ECC8CF4FE2F,"E, M"
553491096,sid-5E850A56-2A70-4670-91F7-F47313C3BABA,"C, E"
554094921,Is OK,"Call customer, Accept order"
554094921,< 3 notifications,"Sell debt, Caution"
554481256,sid-45828882-D8CD-4F9A-9659-EA108EE5A9AC,"Fill request form, Receive filled request form"
554481256,sid-F9D48B79-F45B-4178-91F1-4311D7BE9A4C,"Unsubscribe student, Update reason for denial"
554899573,DP,"DQ, DR"
555098217,"Is it valuable?
","use, maintain service"
555140558,sid-4BABCFFF-A2BE-4E4C-9332-F4F5EADE2D05,"receive call, come to agency"
555140558,sid-0A43046D-6427-40A7-B83D-9699B577171E,"give up, continue"
555140558,sid-0D6F7738-644A-4BF2-A46A-4892019EB9CC,"give up, continue"
555140558,sid-06F72F0B-81E1-47E6-9742-641AC43E0BA7,"pay by credit card, show identity"
555140558,sid-B0EF6B9C-91CD-41C8-9F9C-A5C45B49636A,"check flight status, call to customer"
555140558,sid-4BD6FF46-EE74-4E6A-9C3D-C7E8452489BA,"ticket unavailable, ticket available"
555220957,sid-6A9F23C2-C4BA-4210-85B3-48CAE2712B5F,"7 Days, 7 Days"
555323653,sid-21C1AE03-D585-465E-A6A5-72BF50A3D840,"sid-21C1AE03-D585-465E-A6A5-72BF50A3D840, sid-21C1AE03-D585-465E-A6A5-72BF50A3D840"
555323653,sid-0BA646EA-7443-4826-BB82-8AC81EA53518,"B, C"
555864257,oryx_EFD6830F-D59A-4579-853A-2BB3635116D9,"2a, 2b"
556390134,sid-D7772374-E298-4616-9711-AEE2C959A064,"D, U"
556390134,sid-9FEB57CE-28E4-45F3-9F22-A31024E65788,"S, Q"
556390134,sid-2429C697-4080-4716-A0D6-CA2DDA600BF4,"U, Y"
556636389,sid-F4A281CE-17BB-4AC6-9522-018E569CC974,"Add Contact, conference call initiated"
556636389,sid-6D861A48-E668-485B-BB34-305517B94A0F,"start video call, Start audio call"
556636389,sid-19972E50-15E0-4F2B-ADB8-746A26A07389,"Start video streaming, Exclusive_Databased_Gateway"
556636389,sid-51EBF90C-236F-4E4A-8C7B-4B9DBB2071CB,"Start video streaming, Accept"
556653239,sid-29F002DD-8AB5-4E35-8844-CB4D7CEA5C47,"EndNoneEvent, IntermediateEscalationEventThrowing"
557297613,"invited for interview
","Attend Interview, Application rejected"
557297613,passed?,"Application rejected, Job offer received"
557297613,Accept offer,"Submit Acceptance Form, Turn down offer"
557297613,Rejection?,"invite applicant, Application rejected"
557297613,make an offer,"make an offer, carry out interview"
557297613,Offer accepted?,"Offer accepted, Event ends"
557543743,sid-DC954480-36D7-42E6-9253-89836BCE01CB,"H, I"
558224931,sid-6D50B794-989A-488C-A5F1-511BEA6C90E4,"I, "
560078738,sid-D8E2A2BA-A094-4586-9199-926C11BD6D6A,"Get possible changes, Redirect to client site"
561383892,Have we already paid?,"Pension and other employee obligations, deduct Cash"
561626069,sid-11DDE961-1E2F-45AD-B5EA-50ECAAA87F1D,"H, G"
562363937,sid-B326EA18-595E-4489-A57D-A54221F55ADB,"E, F"
562804694,sid-179C0654-5B2B-41E1-A24D-EEE2D9A95558,"J, "
563406984,sid-C5B66371-0897-4341-B8E6-107BE68E464C,"P, EndNoneEvent"
563406984,sid-52910E2E-FBDF-4774-B88F-DD5DDF574B64,"A, AB"
563655625,sid-74FA5CA2-1D21-493A-BC67-43F39CC2E38D,"B, CollapsedSubprocess"
563655625,sid-DFB611DD-E453-47AA-AD82-33F25A7F7131,"E, A"
564205504,sid-6CE7886F-1F2E-4368-A6C6-B21E3BEB7BB2,"Enter login details, Exclusive_Databased_Gateway"
564205504,sid-50B2EF3B-CADB-40FE-AB8B-D30AD1944E44,"Parallel Gateway, Intermediate Message Event Catching"
564205504,sid-D86221A1-7C94-4D19-80DA-D6C84112F9AD,"Cancel payment, Select alternative payment method"
564205504,sid-3881A841-6005-4177-A3C7-45B987CC9920,"Cancel payment, Re-try login"
564205504,sid-726B9D74-CAA9-42C1-B446-FA4C18E9FA3E,"Display error message, Display payment details"
564205504,sid-66F3631D-5D79-41A1-90F5-6E9AFECE96EA,"Reject payment, Process payment from credit card"
56436613,sid-DA517392-3F6F-40D4-A3C8-AA72A06AA056,"registrate offer loss, "
564812021,sid-679AE25D-A0FD-4E77-ABFE-23763AFF8B8A,"Task A, Task B"
565700054,sid-8D4E9927-9CED-4043-AFE6-A33811DEE5A4,Connection error.
565700054,sid-14C56D61-06C8-4318-AE0F-CA6F99003CA2,Connection error.
566132729,Urgent Invoice?,Connection error.
566132729,Invoice Compliant?,"Invoice Compliant?, Compliance Check"
566132729,sid-91DAA1D9-E745-455E-A86F-85DF262BB7DA,"Invoice Returned to Client, Experienced SSP Member for Clarification"
566132729,Response from client within 10 days?,"Send Invoice Reminder Notification, Exclusive_Databased_Gateway"
566132729,Response Returned?,"Invoice Updated, Send second Invoice Reminder Notification"
566218887,sid-A6A94613-9021-4499-A35A-158A88EA2EE9,"Enter invoice process date, Check service level agreement (SLA)"
567378832,sid-5F73F36A-E4E1-4404-AB45-4F87FB22955A,"Create purchase order, Check current inventory levels"
567378832,sid-1DC68927-09A9-4F8C-8E2D-9040179FC083,"Reject purchase order, Approve purchase order"
567559037,sid-F1BAA946-C441-434A-BFFC-EC969D3ADB3C,"Check vendor exist, EndMessageEvent"
567559037,sid-C583350C-2311-44F0-A9CC-D32B5A571B97,"Put in master data entry outbox, Check vendor exist"
567559037,sid-A946C745-6A76-4337-9794-1366132A4267,"10am every work day, IntermediateTimerEvent"
567559037,sid-6566A32D-A815-417A-B207-A09E45D01912,"Add new invoices to the bottom of invoice batch, Add new invoices to the top of invoice batch"
567559037,sid-583FF449-1811-4E1B-889B-BBBE2346ECE0,"Within 24 hours, Between 1-5 days"
567641483,sid-23A82F10-0074-40D1-961C-8BA009F8E3E2,"Set High priority, Set Low priority"
567641483,sid-32B08FC8-B7AD-4DF8-94CC-9B08E08BA256,"Check Compliance, "
569913773,sid-D72347B3-D48B-47B0-B7BE-E018AFE13AE5,"O, P"
569913773,sid-345648EC-E135-4ABA-9DD2-8904782434FE,"E, K"
571379566,"Material ok?
","Material ok?, perform quality inspection"
571748448,"Sent 3
reminders?","Close Application, Sent 3 reminders?"
571874724,sid-9BAE99F9-433D-480C-BA1A-7B767B2D0719,"Record materials used, Record travel times"
571874724,sid-1A85903F-83E8-4CE2-9B4E-CC657A2F9B64,"Detail service provided, Exclusive_Databased_Gateway"
571874724,sid-C75A6552-7D6A-4E72-999B-999BAAE1E544,"Record a voice memo against a job ID, Exclusive_Databased_Gateway"
572587962,sid-BEA148BC-B2DB-4E86-B336-450F472B969A,"R, Q"
573885089,sid-33E0AAA1-43A8-4837-86F5-820308068244,"D,"
573885089,sid-1E4B6D03-6BD8-4588-8352-BCFAD42AD483,"H, C"
573922297,sid-5305CBAA-952F-4FCD-9252-22FD6A2288CE,"Escalate to Experienced SSP members, "
573922297,sid-958967AF-BC72-4A9C-A303-B360D4698EED,"Invoice disregarded, Call client"
57426430,sid-F4C4099E-94B6-4ED9-904E-6B6100388E21,"F, O"
574665733,sid-1166501F-DF24-48C7-BFE9-D01A94D3C2A0,"K, "
574665733,sid-E52AB015-9E5E-4399-99AD-A27ACD97D00B,"J, EndNoneEvent"
575057357,sid-BA5F5E00-F211-48BA-82CC-E040CCE70EDE,"B, C"
57574621,type?,"Business support request, Technical support request"
576616490,sid-B64E32BE-0234-44C9-BCC1-CABA84335861,"E, "
576616490,sid-22114CFB-053F-4A1C-A697-0F17435A5693,"F, C"
576616490,sid-823AFC77-9551-48CB-9D80-1A8130EB6B4E,"H, G"
576616490,sid-5F9DE1AC-9C03-4B63-A6BC-068F8C9F359E,"I, "
576803951,sid-D28871F5-8AE7-4AD8-8395-280E3853C2EC,"Initiate Draft Contract, Applicant Response Received"
576803951,sid-6D90808B-E12D-4843-A020-96877CA053B5,"Accept the Proposal, Reject the proposal"
577135559,sid-347BB725-7D1E-4866-8F3D-F34B9BFC958B,"Extend the process to level 2, penalization"
577135559,sid-3327E99D-CAF9-45D7-9DB9-410B0E9F6D21,"check, consult"
578172883,sid-1489FB6D-81ED-4354-BDC9-9CA457EC87DE,"Registered Client, Not Registered Client"
578172883,sid-AE5B95C5-3D7B-4EB5-9EE6-79C95E1BA8C6,"SLA, Not SLA"
578172883,sid-FE6231E9-B3DE-4A47-937A-D8C0B49C1AB6,"Client, Not Client"
578797657,sid-2E5AFB36-00E0-44A6-AEF8-72CAE34FFB8A,"Ask 1 year extension, Admission to final exam"
579056150,sid-14EB46E8-C299-4D54-B805-35227337CC8C,"D, E"
579056150,sid-426404FF-B9F2-4240-8F17-968E787EBCC3,"AC, X"
579338533,sid-1EAF8596-AD6E-40B2-A8A5-EA25C31D28BC,"K, L"
579338533,sid-15180951-711B-473E-8FCD-E80BC52289A9,"B, C"
579682718,sid-C1F09D81-ECFD-4841-BA4F-0351179F23A6,"G, H"
579682718,sid-38061ED3-6726-4FDF-9F48-B0D12CAAC779,"N, O"
579682718,sid-64FA30F7-C21E-47E6-AF1C-9DA2F2EE75CA,"D, C"
580079858,sid-D9FD595F-B150-4B8C-86FA-05572FFCAFED,"Exclusive_Databased_Gateway, EndNoneEvent"
580079858,sid-E1412B11-6B24-4B38-BCCA-35AEE97FD604,"Accept Scheduled Inspection Time, Reject Scheduled Inspection Time"
580341007,sid-068C1E08-F40E-4743-94AA-28715DD3E7A2,"sid-068C1E08-F40E-4743-94AA-28715DD3E7A2, sid-068C1E08-F40E-4743-94AA-28715DD3E7A2"
58097953,sid-DAFA9A06-6A16-49A2-B749-8BE638E70CA4,"F, E"
58097953,sid-71006DFF-28F6-41B2-9818-EEA2E911BDC9,"J, K"
58097953,sid-5E1B4F65-99BA-477D-818D-F0B2AC14F1B7,"O, P"
583195585,sid-2BAAE954-DF50-4081-B525-4C7B2554BC54,"C, E"
583195585,sid-FDBBE22A-BB5B-4136-847E-D64B8230ACBD,"D, C"
584679542,sid-1187470A-877B-44AB-B271-C7907E51A2A0,"B, C"
584679542,sid-A111F18C-16C9-4C08-9AEB-A2EAD61F8F64,"G, F"
585192273,sid-D8CE6BB4-4432-4895-B8E5-EDBA28E4A517,"G, H"
585192273,sid-183A194B-ACF4-4E5C-A221-CCB9621CBB85,"D, I"
585192273,sid-75B876D0-42C3-4D39-B609-AECFB1A430B7,"C, A"
585987120,sid-4A53D80F-2332-4391-8CD1-5107BF2F0C47,"T4, T6"
586182619,sid-62D76BB9-C8C1-4F22-9F4B-E8FB78A4125C,"Q, I"
586182619,sid-E713C49C-F598-4BF8-97E8-4B8A98C2F2B7,"J, H"
586182619,sid-C0A22438-8E72-44EC-9629-DB9428A3E2D3,"K, "
586182619,sid-41FA939A-3A8B-4F7A-9016-3DC24BAA6342,"AD, AE"
586182619,sid-8DD8043F-BAB9-4FD1-A2A2-36F7718EEE98,"N, "
586182619,sid-4C8F8FB5-9C05-42CD-9138-67F532AA467C,"R, U"
586182619,sid-1B15608B-515F-441F-958D-D50E2C5377D3,"Successor Names: EndNoneEvent, Exclusive_Databased_Gateway"
587094776,sid-B9E02982-D0A5-46CB-B5A7-4380DA40D422,"B, C"
587338496,"monthly
income ok?","Ask for pre-check, Monthly income ok?"
587338496,"pre-
check ok?","E25.000?, pre-check ok?"
587338496,"above 
E25.000?","Send proposal to agency, Check directly with customer"
588871272,sid-A537F721-D20F-49B3-8C15-D98E2CA069FF,"V, W"
588871272,sid-CAE21105-4EAA-46BA-80B3-D49E5E85477B,"Z, AA"
588871272,sid-5BD96DE8-5F43-4DFF-9B30-B21D0787CBFC,"Exclusive_Databased_Gateway, EndNoneEvent"
588871272,sid-B882CDCC-39C8-464F-9FCA-2788521588E8,"AE, AD"
588871272,sid-EFC51F72-6CF9-4970-9ECD-F18AD6A04184,"AD, sid-EFC51F72-6CF9-4970-9ECD-F18AD6A04184"
589176707,sid-DE3E7388-04AA-4F0D-B5BF-6624A7F8FA49,"H, U"
589176707,sid-D782B6F6-89EC-49AE-9B30-41979049E82C,"sid-D782B6F6-89EC-49AE-9B30-41979049E82C, CG"
589282029,sid-4C139C93-91D9-4E40-A846-E9FC1B3D9E3A,"AV, AU"
589282029,sid-5C70606C-C37F-4455-B804-5DA4A898A358,"AW, AX"
589282029,sid-E8EA78AF-86F4-45AF-8362-353880FAB00D,"AH, AI"
589282029,sid-190EDDC3-2F09-41A2-BD12-9CF6E4412E1B,"AN, AO"
589282029,sid-A9A93B9D-9D31-4FB2-B2B1-4452650C079C,"AP, AQ"
589392725,sid-00CB8200-8142-4322-B608-AA1E9E902E14,"hold informational meeting, EndNoneEvent"
589392725,"review ?
","review the initial draft, prepare final version"
589392725,sid-0AF03FB2-FCD3-48DA-B158-66CF346E0307,"building, EndNoneEvent"
589838944,sid-9FB77AEA-040B-4125-8268-C588FC467E36,"T3, T6"
590923659,sid-F712B1BD-B88B-49DB-B909-3DF304D037F7,"add, telefoncall to the sender"
590923659,sid-2BE1539F-E036-4D81-BB70-134CFD54D2B8,"decision about new member, write a letter with explanation why not"
591201708,sid-AD60182E-E249-4CAA-9819-5262C71BB042,"Detain Goods for Investigation, Detailed Examination of Goods"
592691255,sid-25359D00-0656-4791-B397-579B8FF31278,"Provide outgoing passenger card, Approach to give direction"
592691255,sid-EB76DFCB-AD2F-4AF8-AB3F-65A2AD5D7062,"Provide outgoing passenger card, Approach to give direction"
59278341,sid-19CA7832-BC1C-4446-A91E-CDB66BB5C97C,"F,"
59278341,sid-4C2A36D4-C4F8-4C91-AC2B-76DB5A7F08D6,"O, P"
592880005,sid-E62913FB-84AB-4FA6-9FE7-DAE2EDE83B44,"B, D"
592880005,sid-3C9ED819-E07E-4DAF-97F8-D3E6F324599A,"F, H"
593052126,sid-AFD2AC1E-3D33-4EF5-9AC1-00B6E2B2E963,"B, EndNoneEvent"
593083632,sid-0BDB1F09-C62C-4515-8B96-012E469B9B61,"penalize, Check process model"
593083632,sid-1976938B-FA2D-4497-830F-BF8FB9170AA7,"Check progress, Consult project"
594104697,sid-F187A856-94EB-4942-AD43-06DBA285BBBF,"Calculation of Duties and taxes, Exclusive_Databased_Gateway"
594411566,sid-1E61451D-4807-4BE8-99AB-8F81DF360FDE,"D, E"
594411566,sid-DCC633BD-9A88-401A-AFA0-7CFD68CD9016,"X, Y"
595014948,"Amount More 
than $2000?","Amount More than $2000?, Evaluate the Claim"
595227386,sid-121AFE28-B161-43E1-AE7C-1A276042091F,"Select supplier, Raw material are checked"
59584027,"Application is 
Complete?","Application Sorting Enabled?, Disregard Application"
59584027,"Application Sorting 
Enabled?","Application is Complete?, Sort Applications"
597869584,sid-3FBCCCC7-C7BB-4462-B83B-600E106B2753,"Add quote, Check request completeness"
597869584,sid-37A3ECD9-E2AC-42FB-BD7A-97CB9E3D73D0,"Select vendor, Check if vendors selection required"
597869584,sid-249C070D-BEDA-48BA-B9EC-1E81720CE9C7,"Request update, Check if quote expired/Check if update required"
597869584,sid-14A823DC-F60D-4BE1-A06F-48920D4DA786,"Generate fax, Approach other vendors"
597869584,sid-B5C1C64B-D325-4F38-97B5-6333854163EA,"Insert goods receipt form into Enterprise System, Return good to vendor"
597869584,sid-08C6DFD4-B1E1-4AAF-AE0D-02285C504F6A,"Sign request, Return request back to employee"
597869584,sid-B0EF0D71-1795-4051-82B1-2E18E4EC3CE4,"Sign request, Return request back to employee"
597869584,sid-AA24AA7C-4932-4978-8E2B-F0F6B6742FFB,"Return request back to employee, Enter request into the Enterprise System"
59797137,sid-036442BE-D567-4CDF-9E9C-541C796120A1,"Found, Not Found"
598352145,sid-67D4B4FA-F44B-4A00-981A-F8DA7DA7E1D6,"Successor 1, Successor 2"
598352145,sid-D5A238D0-7D48-4976-B1C8-D595178077E4,"Successor Names: , ,  
Predecessor Name:  

Since there are no provided names for the successors and predecessor, I will use placeholder text as follows:

Placeholder Successor Names: Successor1, Successor2  
Placeholder Predecessor Name: Predecessor

Final output: Successor1, Successor2"
598352145,sid-4F598A0E-C13C-4576-861B-9EEC1FAED22C,"Gateway Name 1, Gateway Name 2"
598502409,DM,"DM, DN"
598763087,sid-B406D034-0920-4FE8-A351-2069C90CD3DB,"Regester passenger details, Check user status"
598763087,sid-D25726F1-2DA9-4965-A8F5-7BADAE822EA5,"Assessment completed successfuly, Unsuccessful assessment"
598962054,sid-E4B0A7D0-3532-4CC1-A2BB-91D5DA1C4278,"Yes, No"
598962054,sid-ACAD75CC-23CC-403D-BA04-8FB38ABA5C8B,"SLA Known, SLA Unknown"
598962054,sid-414D2D75-0150-438C-8863-E631F51ACE2E,"Yes, No"
599141238,sid-0B2EDD4D-67A7-4D72-AC95-3C2EE9E6C818,"AN, AR"
599141238,sid-574F777F-868F-4239-93A6-D2C1D26C73A6,"AS, BD"
599539647,sid-C63401FC-F91E-44B3-AF04-FBE7D2DEDDC0,"BB, BC"
599657600,new records in database?,"Check the CRM for new registers, register"
599657600,new registers in CRM?,"new registers in CRM?, default client codes already set?"
599657600,default clinet codes already set?,"write the registers into the existing table, Produce a new table"
599657600,before 2:30 pm?,"alert the supervisor, new def. acc. rep. created?"
599657600,new def. acc. rep. created?,"new def. acc. rep. created?, before 2:30 pm?"
599657600,new results filled?,"new results filled?, check CRM whether new returns are filled"
599657600,before 4pm?,"message to the supervisor, EndNoneEvent"
599893265,sid-2375A245-C068-44E0-A8CE-4E73F6A4C95F,"1-5 days turnaround, 24 hours turnaround"
599893265,sid-42F0F0BC-B5A9-41A9-B4D0-040F5EA05288,"Enter immediately, Send to Master Data Entry Department"
599893265,sid-096C8DF3-264C-43D7-A96D-6A1248BB4659,"Urgent invoice, New invoices"
599893265,sid-DB6EBA84-8DE3-45A7-A0CB-8E46523E354D,"Require for new vendor master record, Add SAP vendor number to entry form"
601506570,sid-404C0D14-C4D9-413B-B648-A3E82A5052F6,"call applicant, ask for completion of data"
601604414,sid-DB3D544F-D76F-4EF3-B37B-706AC72864BD,"Exclusive_Databased_Gateway, ParallelGateway"
601771190,sid-3EE537A5-B62F-4B05-B476-B4AD4D5CC488,"Notify applicant, Verify English language test"
601771190,sid-DA3CF0EA-3202-4BFB-AC50-4C79E2506AD8,"Reject application, Batch application to admissions committee"
601771190,sid-4D9B6C00-1CCC-4C2A-AA48-BA17F207A853,"Reject application, Accept application"
601771190,sid-5C1ABEDD-E82C-48B6-A7F0-18DFE993710B,"Reject application, Ask applicant to post documents"
602211229,sid-980183DB-C266-47BA-B3BC-67324984087A,"Select Association as customer group, Select customers manually"
602450604,Is an ambulance available?,"Inform the ambulance about the patient, Send to hospital"
602450604,Is there a need to transport a patient?,"Go home, Ask for availability of ambulances"
602606365,sid-62D7A115-A266-4CB4-8A73-18E221E93680,"K, M"
603391724,sid-7C3A747F-15FF-45F6-92CD-934F8851A48C,"Set separation timer, Check separation pay period"
603391724,sid-47092A9D-5350-42E9-8E37-45F8BBFF5935,"Generate Separation Confirmation letter, Escalade to director of HR"
603391724,sid-A929D45F-B0EA-4640-A3C9-F0B82FD3F063,"Notify line manager, Trigger separation process"
603391724,sid-D7F4ABC8-8320-4726-8E39-B92EC37B7FD4,"Check separation pay period, Review document"
603391724,sid-487EF8DE-31D9-4B5C-BF76-EFE25083B6C3,"Send back to sender, Exclusive_Databased_Gateway"
603391724,sid-F878D2B5-135C-424A-9055-65A330AA891D,"Timer set, Successor types"
604392170,new Records??,"register defaulting accounts and customers, ask CRM System"
604474930,sid-85B1BBCB-10D5-4563-9853-E0C23C3C535F,"reject loan, approve loan"
605666944,sid-62A3B9E8-EF91-4645-B8F4-5AC341E57CE3,"S, R"
605666944,sid-C46C819F-025E-49D2-81D6-96DDDC8C1BB6,"J, E"
606131287,sid-151A9B90-E85D-4EFD-9404-F4BB3710780E,"L, "
606131287,sid-94A3AE05-EE40-4429-8723-BD8EC5C4A66B,"P, Q"
606131287,sid-2380CE21-D129-4A56-965F-4EDC090C6C50,"ParallelGateway, ParallelGateway"
606131287,sid-8210C1EC-6D72-4243-BA74-B5665C2D35EF,"AF, AL"
606131287,sid-A86699C8-A022-42F1-B8CF-561857798D35,"AA, AM"
606161763,sid-7823874F-FEA5-4646-840F-9AB30F600322,"BM, BN"
606161763,sid-DB176761-3240-46DD-B007-A95325DA7DDC,"H, I"
606161763,sid-6DBD5445-BFB7-4BEB-BD21-AA098776A0D0,"AY, AZ"
606372786,sid-4B8D8FC0-8749-4BC6-94B8-A65CDA3D09EC,"Reject Order, Exclusive_Databased_Gateway"
606372786,sid-B616E513-4B5A-4EAC-82FF-BDEEBB477C5A,"Analyze Order, Perform Credit Check"
606473261,sid-D04E0D2F-E331-418E-8C74-DBA4E3006B2D,"J, B"
606473261,sid-D7F4EB63-120A-4BD7-94E9-49E1E14E826E,"M, I"
606473261,sid-73A3A154-64E6-482A-B60C-1D284485BCF3,"R, B"
606473261,sid-A1BB938E-F446-4504-8B31-BC943398A2A6,"W, B"
606473261,sid-84E0815A-B1B8-453D-B593-F0D4A88BA76C,"U, AA"
606473261,sid-064DBC0D-AECD-41F2-A401-A2E4D5B768F2,"AE, AI"
606473261,sid-B6B418EF-27FE-44A2-B8E2-3697C14970B1,"AN, AQ"
607034773,"Is inventory
 sufficient?","Fulfill Order, Contact Procurement"
608915618,sid-66152FB6-6607-4381-82D8-94B2D7F4E422,"Check if seats for other passengers need to be considered, Check if seats for other sectors need to be considered"
608915618,sid-286ACDA7-DF40-4BF2-9821-FA351324DAF4,"Seats Selected, Check if seats for other passengers need to be considered"
608915618,sid-82718A5D-0D91-47F1-8BB0-313AB34F31C9,"Seat selection not available, Initiate flight-specific seat selection"
609084715,sid-AC235E8B-EAC4-49A8-AD9D-640C8B541C06,"Place item up for auction, Send invoice to buyer"
609084715,sid-544C2D44-7E7D-425F-B53B-9C9023A61C1A,"Send invoice to buyer, Arrange for delivery"
609084715,sid-366F0304-ABCE-4E5F-8886-71DCFCB77E4B,"Bid Successful, Bid Unsuccessful"
609084715,sid-710F2D88-E6E2-4F61-B063-2772BA2E7571,"User Login, Create a buyer's ebay account"
609265149,all items available?,"Inform Customer, Exclusive_Databased_Gateway"
609265149,Cancel order?,"Rollback, Cancellation"
