Model ID,ID,Gateway Names
1456917298,afafccf3-658e-42a9-bc8c-17e681cf7f39,"AF, AE"
1456917298,783d28d3-ff26-47bd-bba1-c807e64b8d87,"U, AD"
1456917298,1ef2c307-7563-47d4-a880-d095eb81145e,"AH, W"
1456917298,2fa5a6a6-5142-4117-a9ad-f05c3d6543e2,"U, "
1456979538,sid-3BDE965E-87C0-4FF9-855B-0B8DB03B22C5,"V, W"
1456979538,sid-B7FDA000-289A-41A1-BBF0-36BEC6A2BBB6,"T, U"
1457514135,sid-2F665DDF-A51D-48B4-9167-C2FD5BF21B7E,"Z, AA"
1457514135,sid-BB05A06C-8F0A-44CE-97CD-3EBA0B3E10FC,"AE, AF"
1457514135,sid-C49726D1-FAAF-4970-AB8F-74D9DD22D468,"AH, AI"
1457514135,sid-0F899B42-640D-48F2-BC5A-C598A6068ABC,"AJ, AK"
1457514135,sid-6DB0504B-7381-4E4C-A270-4AD54065BC83,"AP, AO"
1457556982,"Is this order from a parent 
","Is this order from a parent, Payment Process"
1457556982,Nonprofit ,"Mail Invoice, Add tax"
1457592202,adequate,"consult with employes, statement of employes' work"
1457592202,need to find other problems,"deeper look into a company, final report"
1457857995,sid-84555183-291F-4CEE-AB70-0F6ED14A3C2C,"Block Invoice, Check Invoice Mismatches"
1457860970,"Any personal
 relationship 
between SC 
members and
 applicants?","Screen the applications, Check relationship of applicants and selection committee"
1457860970,"SC selected 
and Faculty 
Board 
approved?","Evaluate report, Discuss the new position requirements"
1457860970,"Kuratorium
and HR
 approved?","Advertise position, Discuss the new position requirements"
1457860970,"AS and EPK  
approved?","Discuss the new position requirements, "
1457860970,"already 
selected?","Already selected?, Not selected"
1457860970,sid-B789720F-D8E7-48DC-9F46-58CEEAE6F91E,"already selected?, Check relationship of applicants and selection committee"
1457907538,Customer existing?,"Customer existing?, Check Intercooperability"
1457907538,Solvent?,"Offer Prepayment, Check Solvency"
1457907538,offer accepted?,"Recreate/negotioate offer, offer rejected"
1457907538,accepted now?,"Send letter of refusal, accepted now?"
1457907538,payed?,"Send reminder, Close order"
1457907538,sid-B3E7BA2B-7501-4104-82C6-B2CE1FA907AF,"Contact a lawyer, Check number of reminders"
1457907538,Enough goods in stock?,"Send inquiry for goods to supplier, Check capacity"
1457907538,status of goods?,"start production, exclusive databased gateway"
1458320207,sid-9DA82960-889C-4C82-8E17-EBB6D61E603D,"ParallelGateway, InclusiveGateway"
1458320207,sid-46F8A958-405A-4925-B778-FE9AE74AE47F,"ParallelGateway, InclusiveGateway"
1458795966,sid-70E4F679-86BF-4D84-BC57-6C1631D58461,"Account ok, Create account"
1459996594,Is forwarded?,"Extend Job Profile, Enter Job Profile"
1459996594,Is released?,"Create Job Profile, Extend Job Profile"
1460016209,"Sign off 
on 
Add/Drop","Returns signed form to student, Returns unsigned card to student"
1460107125,sid-B12CEE09-8D11-404E-BA51-261457824CA6,"L, M"
1460692024,sid-36E2F6B7-EBC4-456D-B65F-9CCAE8296406,"D, C"
1460710139,sid-8213D8FC-372C-4F14-B397-24B3F8DD7D49,"Negotiate pick-up time, "
1460710139,sid-BD8E0679-224C-4C3E-BFA2-7B8934074985,"Recap total cost and pick-up time, Mark script(s) as declined in IS"
1461073911,sid-A6A9E41E-B1F5-4A06-86E8-5A9BA2BC8EB9,"B, D"
1461073911,sid-8F37ACE6-0374-4AAD-88DB-9AF1DCDC2320,"K, L"
1462088350,"Is land action 
planned?","Is land action planned?, Check Title Administrative Advice"
1462088350,sid-EB87753B-8B10-4FD0-9362-2127E026005F,"Check Title, Check Native Title"
1462088350,sid-4EBBF74F-7CB0-4318-9BBB-821A59A342AB,"Check Land Valuation, Check Native Title"
1462088350,sid-8A3C87CA-79B2-44C1-A212-8BF3954ED1F2,"Check Survey Plan Registration, Check Land Valuation"
1462116559,sid-DE714E1E-8585-4F29-BF41-6565035B5A30,"B, I"
1462610514,sid-06FEC039-C35B-4F7C-99DD-C6FFF281DA60,"E, F"
1463293946,sid-B65C055D-82C1-436A-8111-CB1525433FEA,"Send the resolution to client, Send the resolution to level 2"
1463293946,sid-25703DA6-74BC-4A6B-BC3F-0B2EC5132DD2,"Mark task as unresolved, Read the client testing results"
1463565752,"Any requirements
missing?
","Any requirements missing?, "
1463565752,"SoR
approved?","SoR approved?, EndMessageEvent"
1463721962,Its interested?,"Its interested?, Confirm Interest"
1463721962,sid-245EC453-80B3-4894-9BE3-2AA26AA6674E,"Read Instructions, Fill Questionnaire"
1463721962,"All Questions
Answered?","All Questions Answered?, Fill Questionnaire"
146397879,sid-BD58B8C5-3A21-402C-B7F8-BD70DBEDD3EA,"D, C"
146397879,sid-731DB646-87C6-4C9E-B5AF-AB80C886B1CC,"H, I"
146397879,sid-27D9EC28-719F-4889-9B9B-FBCAE6C5BC16,"M, O"
1464171639,sid-5F9B9BF2-62DD-423D-9725-CE42D607DFB5,"C, Exclusive_Databased_Gateway"
1464171639,sid-AB2D78DA-EDFA-4E65-8229-E82F55ACB68A,"M, L"
1465020797,sid-15156EAA-4E9A-4E9E-B9BA-9AE8AF35639A,"H, J"
1465020797,sid-1C9845DF-6C93-48A2-B633-59C18198F66C,"J, L"
1465179761,sid-99C794BC-E278-4777-ABE8-E63B847B0941,"X, Y"
1465405839,sid-21483ACD-CFEC-4868-9A16-F03C31B79D00,"G, AE"
1465411983,sid-9851D3C2-FD49-4BE7-921E-381D58A098B9,"Send out Offer for Immediate Help, Analyze Insurance Agreement"
1465411983,sid-78991E9E-1EC9-4D45-A111-133871CDCE6B,"Ask for Rejection Notification, Offer Immediate Help"
1465411983,sid-F7DF9EF2-6287-42DC-A761-AD56BCFE2E77,"Do Internal Accounting, "
1465771593,"Complete?
","Review the Claim, Communicate with Customer"
1465771593,Amount >$2000?,"Evaluate the Claim, Evaluate the Claim"
1465771593,Claim accepted?,"Send Payment, Send Rejection Letter and Explanation"
1466115471,sid-0E70B177-A289-48FA-81B2-267519C8F724,"G, H"
1466115471,sid-60336B3E-D1B5-4A46-8E1B-D21FBF659B6B,"C, D"
1466132009,"RFQ 
meets guidelines?","Send to Customer, Produce labor and material costs estimate"
1466967542,sid-84D2A9AB-ACEC-40DE-ABA7-65CD392EBAB8,"5 minutes per invoice, Vendor or client has issue with payment"
146706381,sid-BE24C36B-D971-41EE-BEA1-12B20585F896,"N, M"
146706381,sid-D8B10BC8-C334-4991-8DEB-2E43ABC77595,"J, L"
1467107206,sid-B0B7E226-5E09-4273-812F-08494BC0D91D,"send item, procure item"
1467152342,sid-7DB4D89C-7A6C-4607-BC47-A3846D0D18C4,"T, A"
1467152342,sid-0A834568-CC59-4B53-8198-3E3250B46EDC,"A, C"
1467152342,sid-267697CE-F067-4675-AACC-1C8285D882BC,"H, L"
1467262144,sid-F9A02783-6817-4491-8175-0DC13B36D6E2,"P, AJ"
1467262144,sid-C27123F2-CED4-45C5-89D9-CF4059C39E8E,"R, I"
1467262144,sid-E9EAFF74-6CEB-492C-870C-41ACD6289DCF,"W, AM"
1467262144,sid-E78972E6-CF35-4493-BC1A-DF260D536CBC,"M, I"
1467836466,sid-03397297-B8B5-441E-9231-D6943FF846A7,"Leave Asset in Secured Storage Area for Future Deployment, Wipe Hard Drive with DOD Software"
1467950499,sid-5E5D503C-A316-4B93-866F-3C85E7FE3084,"approve, send"
1467950499,sid-41F3F485-D9CC-4322-8ED4-A4CE8B8E8B2B,"approve, refuse"
1468437886,sid-B86DF9E3-2131-459E-83F8-563EC446E9DF,"fullfil wishes, handle checkOut"
1468520746,CJ,"CE, CD"
1468948367,sid-392B416E-209D-4AB7-9F4E-7016208FC40C,"Y, X"
1468948367,sid-A0E104B8-51E7-4F11-BEC6-EFFCD168B0B3,"AN, AK"
146916543,"Fees required
","Register Post Seminar Results, Create Purchase Request"
146916543,"Purchase approved
","Notify Rejection, Approval Notification"
146960581,sid-BE46CA02-0A78-4838-BB2E-413951CBDA1F,"Send Order, Procure Items"
1470096524,sid-6556BB0D-5C31-4C78-BB8A-0D8C9493BE37,"K, M"
1470128761,sid-D2ACB0B3-5729-4CEA-B2D1-D80132BE15A7,"C, D"
1470219825,sid-7A0613E6-6E47-4F13-9006-6B3FE03FE0A4,"Set status to rejected, Set status to passed"
1470219825,All objectives tested?,"Perform test objective testing, EndNoneEvent"
1470219825,Is the defect in current scope (must it be fixed now)?,"Assign to developer, EndErrorEvent"
1470259078,sid-AC27164C-97BD-41F1-82F6-9A1212A970E9,"B, A"
1472179563,sid-AA5086F4-0EFA-4EA7-BC78-D97F5311C986,"Organise second interview, Identify preferred Candidate"
1472516078,sid-5E8094CC-6C75-4424-9944-EDDD055AE30E,"K, G"
1472561477,sid-E4FFFFEE-4A4B-4A95-B2F7-6D24A081A43C,"Remove goods, Choose goods"
1472561477,sid-11D070C8-2958-4B0A-B7C8-3FF2A2007A82,"Cancellation confirmed, Cancellation denied"
1472561477,1 hour before delivery?,"Cancellation confirmed, Cancellation denied"
1472617140,sid-7F1D38EE-F3EA-479F-9436-69C9134D2390,"Apply red stamp on invoice entry form, Check priority"
1472617140,sid-AB487763-D470-48FF-8158-95E10D000C90,"sid-AB487763-D470-48FF-8158-95E10D000C90, sid-AB487763-D470-48FF-8158-95E10D000C91"
1472617140,sid-2EB6BB2C-2E44-40E3-8DF3-BA3E3246F059,"non-compliant invoices, Send invoice to experienced staff"
1472617140,sid-04228119-89F5-4B84-A1CC-52FE4E140A05,"Request new vendor master record, Look up vendor in SAP"
1472617140,sid-A0818666-FF63-43B2-9F89-42EBF7FCA80E,"Enter new vendor master record into SAP within 5days, Enter new vendor master record into SAP within 24 hours"
1472617140,"Payment
accuracy","Request received, Report sent"
1473544437,sid-A8AB4C9A-FAA7-498A-99E8-D36EBBCEB9BF,"D, "
1473616878,sid-C205173B-BE07-4015-84C3-A60FA367F1AE,"B, E"
1473616878,sid-33D88C4C-3E7A-434B-A826-4957ED00635D,"S, R"
1473616878,sid-0E66D858-E402-4BC5-8521-3D6AD3B7B136,"T, U"
1473616878,sid-FDC9229F-E9F2-4743-A644-D0E5F0E87512,"AC, AN"
1473616878,sid-ADDFD6EE-7E6F-47A9-9801-C0E980DE5AEF,"AG, AH"
1473806539,sid-ED8FCDBD-FB5E-4958-8DF8-F0930A29C8FC,"Approve Amount, Review report"
1473806539,sid-C18E3EA4-0249-4690-9FAA-D13EC0B23217,"Sent rejection notice, Approve Amount"
1474519550,sid-258F260F-74AF-4724-9B6E-B721CD783168,"C, D"
1474519550,sid-D83AB306-925F-4758-97E6-661597AB495D,"H, I"
1474519550,sid-3FC98183-4DF2-4304-9E48-F2EB479E752C,"K, H"
1474679567,sid-9AE5E2BB-0E7C-46BA-8A90-1ED97F2CD69C,"BD, BE"
1474824431,sid-FD7B1ABF-C36E-4C23-A956-7986980D5EFB,"A, B"
1474824431,sid-35F0BDDD-648B-4561-A2E0-E10FECF7B14B,"C, D"
1475614509,sid-562345D1-83C7-442F-AC0D-12B9591FB2B7,"E, A"
1475614509,sid-095E32AD-2434-409E-85C2-B7ACFFE32136,"F, I"
1476197022,sid-5A8E7593-4047-4A97-90F6-50CD6661C296,"Send Reminder, Review Purchase Order"
1477560333,sid-2FF7A410-D32C-4A44-9697-BCA7E32B37C9,"Provide further information, Task"
1477560333,sid-70F2A735-F6AF-49AA-8B30-A80775A495FA,"Investigation stops, Schedule tenure application publication through government gazette"
1477560333,sid-89141D49-40DD-4090-A48C-0C81249FF798,"Seek stakeholder view through official notification, 14 days for response"
1477560333,sid-4813BF1B-5207-4F3D-82B6-A1B374780EA9,"Prepare to make offer, Make decision to grant tenure"
1477560333,sid-7620EC64-0AAE-4B43-B1E6-7D71160C93B3,"Reject application, Suspend processing"
1478284485,sid-CB7A9122-DB3B-4928-BE1C-8B94585382F8,"B, G"
1478520806,sid-B013ED05-4F6B-4A69-8A98-8C6A99218637,"prepare warm food, check for orders"
1478520806,sid-1B38169D-433B-4622-8370-3D1EC23C35DE,"Create/Change profile, Add goods to shoppingcart"
1478600188,sid-9403A5E6-1A0B-4DCC-A4D9-8B9ED45EBB49,"Return application back to applicant, Check application form completeness"
1478600188,sid-BBF9D46C-A22D-4696-B5D0-798F8E846A49,"Application returned to applicant, Check application form completeness"
1478910439,sid-494873BB-483A-4E45-9989-BD5292CBA09C,"Day 8, billing completed successfully"
1478910439,sid-C21DAF50-7982-4ECD-94C6-B57F4CE80A4A,"Day 10, billing completed successfully"
1479161968,sid-85A98C8D-530A-4D68-8C02-4AE4CE96A574,"Choose urgent first, Check urgent invoices"
1479740449,sid-2AED8649-57D7-472E-A332-CCC4F3395418,"B, C"
1479893130,sid-5178DDDA-B0AC-4C1E-89A6-4D04CBAA010B,"N, D"
1480320280,sid-895AC6A9-64E9-4092-B727-A3597542AFDB,"B, C"
1480320280,sid-43828809-9654-4F17-B730-4D96EFD45016,"F, G"
1480320280,sid-EF84A909-C43F-4210-AAAB-FF0CF45A501D,"F, D"
1480674313,sid-053DE69D-7C53-4817-B514-8D182F3746D1,"Q, O"
1480674313,sid-95E614FF-64F4-444E-9DC5-7C2B402A6D0E,"M, N"
1480674313,sid-DC1F284B-B336-4AEE-8A5B-6642D198F951,"L, "
1480674313,sid-4D26FE34-9244-4F7F-8353-88D538939A07,"K, L"
1480990975,sid-78979AFC-5475-4FD4-8D30-4DAB3002E4BB,"Check contract type, No"
1480990975,sid-8CBE9954-09A3-4AD5-AA01-245BE54E6222,"Check for payment worksheet, Wait for payment worksheet"
1480990975,sid-FCF487EE-B7F0-4F1D-B137-BBF6303FE40F,"Request worksheet, Check for invoice"
1480990975,sid-641FF7ED-1B32-46F3-9DAC-37EFF348C338,"No, Check for compliance issues"
1480990975,sid-D65861BC-4109-446E-9F9B-59D466000C8A,"Check for partial or final payment, Check hold type"
1480990975,sid-929AA0EA-513F-4D3D-8E71-F3E690E2F620,"Send check, Fax waiver and check to sub"
1480990975,sid-B59F90C8-67CA-4525-9F9E-4C37E9389D49,"Check contract type, No"
1480990975,sid-AE34472B-7C7F-49B2-997E-BECDC12F1CC9,"Check for payment worksheet, Print Outstanding voucher report"
1480990975,sid-E7D79A04-2F19-4733-BC4E-C69B95437360,"Yes, Create worksheet, Check for payment worksheet"
1480990975,sid-6E488687-91A9-43EC-8371-DC9688C23D4B,"Give worksheet to AP, Check hold type"
1481254907,sid-114F9E88-AD35-4620-A044-57558E7D848F,"Not suitable, Suitable"
1481452533,Invoice Entry form Complete?,"Request updated details, Check SLA and write date on Invoice Entry Form"
1481452533,Compliant?,"Invoices Batched for Data Entry Officers, Client Contacted or Invoice Posted Back"
1481452533,"Existing SAP
Master Record?","Existing SAP Master Record?, No Existing SAP Master Record"
1481452533,Invoice Correct?,"Return to Data Entry, Send to Registry"
1481452533,Payment Correct?,"Payment Correct?, Contact Registry for Correction"
1482404535,sid-86323FD0-FF98-4ADE-9F87-F1B36E0F7487,"A, E"
1482404535,sid-044A63C3-1333-49A0-A712-F66ED02BADE7,"A, "
1483054935,sid-5DA13E60-2B89-405E-B10E-1DDEAB813DC6,"Retrieve case history, Open new case"
1483068776,sid-7AB836A6-E8DF-4FEB-B410-AA59B1562BE7,"S, "
1483068776,sid-A7E3C2EB-43B0-4B69-85F6-47EF8D9EA8E9,"I, D"
1483343463,sid-8A8C0E1F-F6D7-4E77-85BA-5222A8A969F8,"Check customer status, Exclusive_Databased_Gateway"
1483343463,sid-FC7A45AA-F35F-47DE-A7DB-9E56B43842AD,"Cancel order, Apply customer"
1483343463,sid-9958F6FF-7778-4388-969B-EC662345A2EA,"Producing missing spare parts, Pack articles"
1483343463,Spare parts available?,"Availability information, Duration information"
1483343463,sid-F7E2CA09-5033-454E-A626-DFD6228141F9,"send reminder, write off payment"
1483343463,sid-DF2FECA6-395B-47DC-9C80-067FF4E74C9A,"Check number of reminders, close order"
148335635,sid-D7162750-D250-4863-8D0E-647961D753D7,"Perform work on project, Defend project"
148335635,sid-DC3A4FEE-49E2-4B12-9D9E-8741B23521A4,"penalize, Extend the process"
1483686885,sid-399AA331-84DA-4562-BCEC-1067BE1E314E,"C, D"
1483686885,sid-B7D1BE6B-94A8-4F52-854D-C30AAFD5CCE1,"I, Exclusive_Databased_Gateway"
1483686885,sid-697860D9-5ABA-4AEA-B5EA-0896362A322B,"ParallelGateway, EndCancelEvent"
1484231543,sid-98185194-803C-459E-AEC0-39F6C758059E,"Pay amount required, EndNoneEvent"
1484844771,sid-6E269E64-7077-45EC-9531-BFFECA10BBBF,"SAP Vendor number added to invoice, Request for new Vendor Record"
1484844771,sid-C6F6CA26-730D-4394-ADB6-CB4CA4C8F042,"24hours, 1-5 working days"
1485268086,sid-2E794361-B6AD-45DB-99EB-603A4C398C96,"ParallelGateway, ParallelGateway"
1485392846,sid-E92925E8-CD50-416B-901D-0C2EE48AAF29,"Create Purchase Order, EndNoneEvent"
1485392846,sid-82785452-873F-4093-95AE-A3729E408350,"Approve Purchase Order, Reject Purchase Order"
148561336,sid-9B727100-CBA4-4978-A29D-A861AF2AD18C,"organize all documentation for the exam, "
1486556794,"RFQ meets 
guidelines?
","RFQ meets guidelines?, verify RFQ"
1486585927,sid-E5794E7F-FE6F-4215-BBEA-1AC8F12649A7,"new record made in patient´s medical card, "
1486585927,sid-5949957A-5464-4159-92DD-2F64FA2CBA19,"request appointment online, visit a doctor"
1486586975,sid-3364FC8B-35E7-4E3E-9B40-9F4AF4F9C83D,"A, B"
1486586975,sid-16F8F49E-7555-4402-AE85-201863884745,"B, C"
1486586975,sid-5E38D496-C112-40B8-A96A-07677CE23E19,"sid-5E38D496-C112-40B8-A96A-07677CE23E19, "
1486662875,sid-CC25B86E-023B-4D1D-94CC-87E8466D111F,"manual handling, automatic handling process"
1486662875,sid-77DDC479-2B42-409E-BC52-38787E591A0D,"unavailability message, booking confirmation message"
1486863544,sid-FD85EA07-7EAD-4794-AE31-8ED0BC1992D9,"Change date, Select departing flight"
1486863544,sid-FD588EBA-D7BB-469D-8964-2952DABC60D4,"Identify returning flight, EndNoneEvent"
1486863544,sid-F85ADFAA-0E6C-46CF-9B03-EC5A64657C02,"Change date, Select return flight"
1486877294,sid-B1866F16-6FF1-4AB2-9214-A1ACFA84D7E0,"Returns failure message, Returns succeed message"
1486938642,sid-CAC0A46B-5E05-4B63-9E6F-D902F8ABF171,"AI, Exclusive_Databased_Gateway"
1487221234,sid-2BAD5849-FFE3-4ADA-9F8E-280A2F6CA2D3,"Q, O"
1487221234,sid-D44565FC-91D6-4EF6-AA24-0E2197FE29F6,"R, EndMessageEvent"
1487221234,sid-F9DF22A2-3551-49CD-90A1-92D86EA078A2,"Exclusive_Databased_Gateway, EndErrorEvent"
1487302015,sid-1C945B12-0645-4657-B7C3-3BB975210A73,"G, E"
148759925,sid-C73AC14C-1246-4B90-B6CA-5E59ADA166D4,"Incomplete Referee Report, Complete Referee Report"
1487731720,"Yes?
","Check if customer OK, Check customer in Database"
1487731720,available? ,"get products, produce ordered products"
1487731720,"order paid?
","finish order, check reminder"
1487731720,< =3?,"advise collection agency, send reminder"
1488760422,sid-03DB2683-356C-40B3-9D7D-016DF39C628D,"Check the completeness of the invoice, Invoice details verified"
1488760422,sid-7C1D6EA1-681F-4C3E-BB11-AA8CE7549BAF,"Apply the red stamp on entry invoice, Check the priority"
1488760422,sid-5D17876D-2D56-45C5-93C1-5FA351620FFB,"sid-5D17876D-2D56-45C5-93C1-5FA351620FFB, sid-5D17876D-2D56-45C5-93C1-5FA351620FFB"
1488761498,sid-94E62270-4EF6-4633-8C6D-A70071CBBEA0,"Buy Book, Find another Book"
1489540528,sid-D9101E6D-F626-49E1-8737-C03385A37633,"rehearse, fix costumes"
1489540528,sid-C61134ED-8F3E-4BEB-AC94-3E2A4ACCB6C8,"undress actor, get actor changed"
1489726667,sid-6615F4D7-07B4-47E5-A04D-D0BE68CB5BE5,"A, B"
1489726667,sid-72669737-A139-456B-AEC7-08096CB38C4A,"E, "
1489726667,sid-13DDEF4D-5C52-478A-9F8C-E4086AB83AAD,"I, G"
1489726667,sid-8E79C444-AE00-4318-A396-CDE8A13BC9C9,"M, L"
1490198111,status of solvency,"check stock, prepare letter of refusal"
1490198111,status of payment,"check number of reminder, close order"
1490198111,sid-7F424390-53EF-4775-8061-784A3125A754,"suing the customer, prepare a reminder"
1490198111,existing,"check customer status, existing"
1490198111,status of customer,"create new customer ID, prepare a letter"
1490198111,Availability,"produce product, check stock"
1490739062,"Any delivery
started?","Any delivery started?, Not invoiced"
1490802303,sid-89DFC52F-4285-424A-A5F2-B29AEFCD1F1B,"J, I"
1490802303,sid-F4EB1586-E3FB-4131-B1A4-20E4CA904F2F,"K, J"
1490802303,sid-D3273BA9-8FB9-4761-83D7-90B58D5D9C2D,"N, M"
1490802303,sid-F1061929-756C-45CA-8793-27D4EDEE49B0,"V, P"
1490802303,sid-242300D7-A315-4807-889D-5E23FE59875D,"V, W"
1491075148,sid-352E88BC-182C-4BCC-B51A-4C9A6A264731,"send invitation to prepare material, send invitation"
1491075148,sid-D586D4EE-9BB6-4838-AAE0-7815E62D0348,"reject invitation, notify acceptance"
1491075148,sid-2EDB4790-7D5C-4489-BE08-17DBC079612D,"notify acceptance, reject invitation"
1491156805,sid-FFD5B7DB-D999-422F-9DE3-53CA0AB6DCEF,"reparation ok, another successor name"
1491496078,sid-9D07A0B7-053E-4ED1-A982-544E64F6C927,"Send Out Offer For Emergency Help, Analyze Insurance Agreement"
1491496078,sid-60654BEC-7D9C-43F3-9FE4-A5135BFD5586,"Ask For Rejection Notification, "
1491693835,sid-97B8D0F6-DE0A-4685-8F2B-4898FBB3AC07,"Create new entry of customer in DB, Load customer data"
1491829164,BW,"BJ, BU"
1491948778,sid-858DB995-037A-405A-9300-75B95CBDDA05,"I, K"
1491948778,sid-E0846976-486E-4836-B6F5-DE4028B4D4AD,"J, M"
1495069783,sid-915A65CC-F0F8-4AFA-BFCE-D6F477785452,"Let ACM repair the computer issue., Get Computer back from ACM Repairs"
1495069783,sid-6CE64C5A-11BF-4901-88BE-C5FA048AA8BE,"Pay for Fixed computer, Dont Pay For computer issue"
1495069783,sid-9A45E7FF-E9B1-4877-BA28-68B40414077B,"Inform Customer that computer cant be fixed, Fix computer Issue"
1496202084,sid-725E5C8C-60B5-4AD2-80CA-68A60BA5FE74,"Send warning about bad attendance to employees, Confirm the result of attendance"
1496202084,sid-DBA5A899-8177-40E0-839C-35D4565B8555,"Save the results, Mark the attendance as insufficient"
1500876374,sid-B6CB0E6C-C21D-4AFA-82AB-F5BCEF1B44FA,"G, H"
1501245273,sid-F0AE11C9-DE31-4D0F-BAD9-478ED3258F10,"D, EndErrorEvent"
1501245273,sid-DE4A3C93-678D-4FC8-82EB-4795C047B1FB,"F, "
1502268487,Raw Materials Available?,"Raw Material Already in Production Line?, Create Not Enough Raw Material Alarm"
1502268487,"Raw Material Already
 in Production Line?","Raw Material Already in Production Line?, Raw Materials Available?"
1503058230,sid-B89FF621-3D6F-45F3-B74A-BD4515E84291,"C, D"
1503058230,sid-7024AA76-83D5-465F-B66C-973AA4BFB6AC,"K, M"
1503148367,sid-9BAD82A3-466E-4538-BD55-DC086708B199,"sid-9BAD82A3-466E-4538-BD55-DC086708B199, sid-9BAD82A3-466E-4538-BD55-DC086708B199"
1503148367,sid-B8563692-9F33-4CD7-8AB4-FB5FB2D39294,"I, Exclusive_Databased_Gateway"
1503148367,sid-FBB7FB3C-8312-474C-9976-F73291272C50,"N, O"
1503268773,pvstel in r_exclog,"remove rows from it_nofacturado that aren't errors, left outer join vbap and it_vbfa_completo"
1503268773,c_si in r_valida,"clear error, left outer join vbap and it_vbfa_completo"
1503268773,error?,"set & print error, it_nofacturado empty?"
1503268773,it_nofacturado empty?,"set & print error, error?"
1503421410,sid-25041CDA-480A-44FB-82CF-78CEEC2CFD96,"Reject application, Prepare the acceptance pack"
1506202213,sid-A1238D5E-99D4-431C-8019-B31FEE539FBA,"D, E"
1507341940,i <= 50,"System.out.println(""T""), "
1507341940,i  >= 0,"System.out.println(""T""), "
1507341940,c1 == true,"POSITION_Y, System.out.println(""T3"")"
1507341940,c2 == true,"POSITION_X, System.out.println(""T4"")"
1508078378,sid-1E55A1BF-40C8-41E4-B7C7-A17F8A299540,"C, R"
1508078378,sid-2E3E41A3-3B94-4999-A21A-B749EF27A064,"ParallelGateway, Exclusive_Databased_Gateway"
1508078378,sid-AFD7FF1A-1EC7-4AB9-9384-AD73B70F31CB,"Exclusive_Databased_Gateway, ParallelGateway"
1508078378,sid-84AF244E-06DA-4D50-9ACE-E059ED6FADB9,"L, K"
1508078378,sid-3282C311-50F9-41ED-834C-7CDC00890F48,"O, P"
1508078378,sid-48FE5379-9379-4042-AD65-4CB87864073A,"AH, AE"
1508078378,sid-89773105-DDBA-4F99-B456-43F5808B9CC8,"sid-89773105-DDBA-4F99-B456-43F5808B9CC8, sid-89773105-DDBA-4F99-B456-43F5808B9CC8"
1508078378,sid-D076C4AA-EBB4-4F56-8507-281B03A16E3A,"sid-D076C4AA-EBB4-4F56-8507-281B03A16E3A, AL"
1508078378,sid-972305D8-85E4-4C85-82AF-E18444CBFEF1,"AB, Exclusive_Databased_Gateway"
1508335739,sid-234A4E18-7C28-4E61-BD27-FBC86B5231DA,"Find suitable suppliers, Exclusive_Databased_Gateway"
1508335739,sid-8ECD2063-3597-40AB-A56D-3F2EEAD6A32B,"Add bidder to suppliers, Inform bidder"
1508335739,sid-9330B93C-2F00-4DF5-B296-1C0A2311F7FA,"Reject goods, Check received good(s)"
1508335739,sid-FB780605-EE7C-496A-8D4B-28F577A9198C,"Find suitable suppliers, Initiate call for bids"
1508335739,sid-1065197C-376C-46BD-9DD3-B83774F9FEDF,"Inform requester, Determine financial feasibility"
1508335739,sid-30675777-197C-4120-8248-3ECDEBD9FD81,"Exclusive_Databased_Gateway, ParallelGateway"
1509061620,sid-CC668827-E346-4E60-98CE-8AA80B8F3071,"B, Exclusive_Databased_Gateway"
1509061620,sid-6F353ED3-7C1C-489A-9ADD-9C9575B0B2F8,"G, "
1509505213,sid-C74F8566-C0BF-442C-B73B-3C66CFB6AA5E,"Check contract type, No"
1509505213,sid-0745AA52-9A41-4671-B3ED-2ED121A25B21,"Wait for payment worksheet, Print outstanding voucher report"
1509505213,sid-39EBF644-A97E-4E47-A7F8-D56E127A58E3,"Check hold type, Select invoices for payment"
1509505213,sid-B75F9ADC-C396-400A-9C7E-13A283981428,"No, Check contact type"
1509505213,sid-9B63B3E7-E711-467B-9A6D-08AB90BBAD63,"Print outstanding voucher report, CM or LS"
1509505213,sid-5950133D-D885-4CE5-A737-5AF978EDFF1F,"Sign report & give to AP, Check hold type"
1509505213,sid-8972FDA0-8818-4F2C-9C7D-FFCE356D8527,"Wait for payment from owner, Create payment worksheet"
1509788203,sid-76790709-0E73-47B9-8CDE-C806EC260026,"Contact customer, EndNoneEvent"
151116258,sid-FD51210C-99D9-4840-AF50-8D6E768C7570,"Repair software, Software OK"
151116258,sid-70FFFBDE-F4F7-462E-A1F3-0DDDD3F552AF,"Software is OK, Repair software"
151144096,sid-24C3C69C-1B8D-4FC2-8812-A3762873E064,"M, H"
151144096,sid-A18CEDD1-8E73-407B-A146-03F84EF640B6,"I, K"
1511530978,sid-D4F2685D-59C5-4EC9-9316-EBD0EFC20892,"No successor names, No predecessor name"
1511530978,sid-E503E635-8435-46B8-838A-4D78710A5D55,"Evaluate repair cost, Repair cost evaluated"
1511530978,sid-BA55805B-A3CA-453D-98AB-951C7E67CF90,"Exclusive_Databased_Gateway, ParallelGateway"
1511530978,sid-254EF855-9EF1-4C14-85A0-EBBC89153CF5,"sid-254EF855-9EF1-4C14-85A0-EBBC89153CF5, Exclusive_Databased_Gateway"
1511530978,sid-9A6ECD08-AAEB-49AC-B425-E264D8C87DEE,"Check and repair hardware, Check and configure software"
1511659169,sid-26B4A214-BE19-4E54-8D97-325B97A84BF3,"Assign penalty, Exclusive_Databased_Gateway"
1511659169,sid-9E948B65-723E-4163-A544-B5E8CE568109,"Perform work, Defense project"
1512097785,sid-1C8A6BBE-AADA-45BC-AC32-CA272F5ABE22,"X, Y"
1512210818,sid-4ABA7299-DE46-4F13-AD60-A0EBD56A6402,"E, F"
1512589628,sid-930C140C-345A-46E6-8F4B-C0810C181B6E,"E, H"
1512589628,sid-C51DC1ED-B72C-4331-AA2D-E79D39C70C0B,"L, F"
1512638867,sid-CDA50746-D526-4906-8D0B-7DD8F9640E5F,"BC, AJ"
1513298839,sid-BA6D9253-995F-45AA-99CB-4DD273CC8B60,"G, I"
1513298839,sid-01F624E4-C19F-46C3-9691-4E5CBE6A3F9A,"M, Q"
1513357102,sid-D9143AA8-8126-4266-9555-C4C256C71770,"Store script in returned scripts file, Exclusive_Databased_Gateway"
1514028832,sid-901B5E8C-C9C7-4DEF-B7B3-45E111AAA9F7,"Contact customer, Prepare installation"
1514028832,sid-954F9FC6-43CA-4430-9369-2D12FF6B5D66,"Solve problem, Prepare billing"
1514136124,sid-24C040A2-4D7E-4156-BF78-AA3FFA996EA5,"Perform work according to role, Defend project"
1514136124,sid-AB336BFE-571D-41C0-80E3-30F3323FBF87,"penalize, Extend process to level 2, 3"
1514221448,sid-9CED3C43-5A90-40D7-B82F-030566D90242,"sid-9CED3C43-5A90-40D7-B82F-030566D90242, InclusiveGateway"
1515262908,sid-D4127450-B50F-4833-B3E5-0991A936D2F2,"create new account, Review for automatic approval"
1515262908,Amount under €200,"Automatically approved, Approval of expense report"
1515262908,sid-9192D226-D1CE-40E0-A9CD-757D11BEC5EA,"send rejection notice by email, reimbursement account employee"
1515277013,sid-01382FF9-2570-4946-90E7-70982C8034E8,"AA, Exclusive_Databased_Gateway"
1515381487,sid-FFE3BD81-335B-434B-B2FD-5C01E1E8FA8B,"D, B"
151560936,sid-D066E83E-58DC-4BBB-BB15-3A44C867BF61,"Exclusive_Databased_Gateway, EndTerminateEvent"
151560936,sid-4D39E3D3-C06E-4A76-A8BE-E11DE4337397,"N, O"
1515820805,sid-BF8ED56C-B723-40B5-B15F-C5D35381FD4D,"Forvard request to L-2 employee, Resolve the help request"
1515820805,sid-CB174A0F-2AD9-47C1-98E5-26EB9191D2B8,"Resend to L-2 for further action, Mark request completed"
1516105338,sid-20CE1D2B-3AC5-4C4C-A015-44F27C896EEB,"One way flight, Return flight"
1516105338,sid-313FC59A-AA3F-4909-A5D7-4AD09835E950,"Select flight page, IntermediateMessageEventCatching"
1516855746,sid-4D9C3D83-2514-40F0-92F3-CE55D26F9878,"Item unavailable, Item available"
1516855746,sid-1B821B08-2021-4CE4-8E12-55AD7072E13E,"Choose not to renew overdue item, Renew item"
1516855746,sid-A1553A33-3F36-43A0-9E88-B40C5B941A3B,"Less than 40 items checked out, 1 item already checked out for over 42 days"
1516855746,sid-A993D772-D0BB-4058-A013-70002801A51B,"Return item, Renew loan"
1517022213,sid-2A9B8B40-EF7A-4343-8A24-986EFA1FA219,"W, X"
1517053129,sid-0835F0D9-D840-482C-BBEE-7A825F18E9E0,"User Group detected/assigned, Exclusive_Databased_Gateway"
1517053129,sid-52FCB2F4-D0C9-48B8-A83A-B61A211A15F5,"Exclusive_Databased_Gateway, Exclusive_Databased_Gateway"
1517053129,sid-772E93F7-1ABC-48FD-81D0-06C03EC093A9,"Exclusive_Databased_Gateway, Exclusive_Databased_Gateway"
1517309986,sid-56274396-0274-4ADF-98FA-3ACF7E2927C4,"Maintenance, Refurbishment"
1517341327,sid-7EA4747E-D927-4D59-9EAE-5F7846FD0B3E,"Purchase Order Approved, Purchase Order Rejected"
1517341327,sid-F6305E7E-CCEE-4330-B0F2-A5E32151F6EE,"Purchase Order, Level Checked"
1517710369,sid-32400A28-10BF-4E71-99B7-370E62536E40,"Modify Billing Address, Check billing address is correct"
1517710369,sid-87402C62-35B9-4549-84D4-ACEDEDBC8419,"Addition of Credit Card cancelled, Add Credit Card to account"
1517806601,sid-C4EBD376-0A98-4D42-9A03-75A0D78130F6,"F, D"
1517806601,sid-D236769E-F1BC-48F5-BE78-3E1AF094AB9A,"I, L"
1518087524,sid-9A77D9E0-0476-48A2-BBC8-38132C21A8A5,"sid-9A77D9E0-0476-48A2-BBC8-38132C21A8A5, O"
1518087524,sid-863ED4FA-7375-49D3-9602-E3B2C53C2BB0,"L, S"
1518087524,sid-2175A1CD-B824-4FCF-BC58-4DB5DB84D0E3,"AA, AB"
1518128999,First execution?,"Allocates actors arbitrarily through the schedulers, Allocates actors according to the best known placement obtained from the previous executions"
1518128999,"Is there some
other placement
with a higher
expected
performance?","Deployment of the new placement, Is the application still executing?"
1518128999,"Is the application
still executing?","Deployment of the new placement, Is the application still executing?"
1518559627,sid-C595321A-C0EC-48B4-B3E9-36377619B7F0,"S, R"
1518578309,sid-470C3531-40D5-40AE-9513-2484D1835484,"create account, account ok"
1518887137,sid-8A9F94B6-0E3C-447F-BFAE-E4ACCF3AA9EF,"D, E"
1519162075,sid-A9C971B1-B8F7-466E-B81D-67B6E8677686,"next working day, Check availability"
1519162075,sid-29319581-6397-4607-BFA8-7BDE06C94251,"Check stock availability, Exclusive Databased Gateway"
1519162075,sid-377410BB-CE4C-4007-994C-235D147AD8CA,"Check stock availability, No stock available"
1519577434,sid-381E4D3F-AD04-4F2A-BD49-4CF97F075F0B,"Google map and street view, Picture"
1519577434,sid-5956C082-87D9-4F91-874E-E70C278BAF4D,"Twitter, Facebook"
1519577434,sid-4112D35C-3744-4F78-9666-1DBE9C4F09F7,"Write textual information, Take visual information"
1519648586,sid-67FB8F9C-3167-456B-AA27-02CA5F4DE07F,"N, O"
1519947774,sid-B883985F-3A3F-48F2-B144-A46B11FE6F43,"I, A"
1520275274,sid-BF27535F-DDD3-4E9A-AC70-1FDE60E0F3C4,"shower, breakfast"
1522874626,sid-49708CD4-EFA1-4E4C-A59F-1D5323D92594,"Physical Examination, Container X-Ray Inspection"
1522874626,sid-60C1F61A-A676-4E1B-B104-3C7C71F3D64D,"Stop for investigation, Exclusive_Databased_Gateway"
1523387964,sid-023174DB-4DC4-40C5-A4F0-884F863A97D7,"J, "
1523387964,sid-C56BAEB9-413E-49F3-B805-3E5891E8D1CB,"D, E"
1523457440,"Do we have enough trainees ? 
","Inform inovasys manager, Are developers needed quickly"
1523457440,Are developers needed quickly ? ,"Are developers needed quickly ?, Do we have enough trainees ?"
1523472367,sid-96E795A8-B3B1-4F60-BB19-A795D08AB23C,"B, C"
1523472367,sid-F4A834FE-1E68-4714-BF61-497A190DAAF7,"K, N"
1523654065,sid-1F864BDE-2DC6-4112-91A9-9E233FCF09F0,"M, AI"
1523654065,sid-C9133982-C963-4E8B-8B7C-5BF58A4877C3,"AJ, AK"
1523654065,sid-25313609-FF3C-4903-B937-8971323305F0,"C, D"
1523654065,sid-C7577688-4468-4911-B68E-FD1BDE89B03F,"H, I"
1523654065,sid-18C91878-18D3-4E37-B485-19028195A958,"N, P"
1523849051,sid-45E470FF-9650-4799-A3D0-E6A227BECC7A,"sid-45E470FF-9650-4799-A3D0-E6A227BECC7A, sid-45E470FF-9650-4799-A3D0-E6A227BECC7A"
1524328811,sid-23518FE8-0788-49E1-A40F-7B101FDE5654,"B, C"
1524932454,Verify OK?,"Communicate with Customer, Analyze the RFQ"
1525489746,Data of an object captured or the first time?,"Registering the item with DS, Publishing the basic records (referrals) to DS"
1525525560,sid-3A1B7421-7C89-4D0E-8D65-BBA1C5949649,"Fill credit card details, Choose payment method"
1525525560,sid-2980D5A1-6092-4BFB-8A4E-41B0134FBB72,"Proceed to (PayPal/POLi), Confirm payment details"
1526037291,APROBADA?,"ENVIAR MINUTAS, REDACTAR MINUTAS"
1526159253,sid-B39069FF-43DC-4577-9079-8C4A46BB7172,"Basic Search, Advanced Search"
1526159253,sid-D714C9A4-25F8-49CE-9EB1-E8C6D67FD6B7,"Checkout item, Report to counter staff"
1526159253,sid-50AD6325-0CD8-4AB8-9B8A-F7A059BF3AE9,"Notify client of non-approval, Transfer item to choice of campus"
1526159253,sid-CB6A92AA-B033-43F4-B597-9B05B4B2845B,"Request item, Search Book/eBook"
1526159253,sid-5BABBB27-1CAF-4276-BF6F-EC75C5474B18,"Request item, Search Book/eBook"
1526283948,sid-7CA9F19A-891C-40D4-9D7F-4A906C589AA6,"B, N"
1526283948,sid-1E55D453-B043-45B1-899E-46360B7A2B9B,"C, D"
1526283948,sid-A57EB737-0E7A-477A-A842-D7663CC865AE,"M, E"
1526283948,sid-6BC1F411-A980-417E-9396-EA056C35DD7B,"CK, CJ"
1526283948,sid-B6A4CAFF-9D98-4F24-BC87-8F444702D356,"BT, "
1526283948,sid-EF8D58E4-000F-44F8-9226-F28FECEED53E,"BW, CA"
1526283948,sid-3E2BF127-E2B9-4569-9374-B3B60D84FB87,"Y, Exclusive_Databased_Gateway"
1526283948,sid-AA42DFC7-3004-4716-9F8A-5693D027DAC2,"AG, AN"
1526283948,sid-0CFF1B06-0ADB-45E6-9DE0-4AFF5941E7DA,"AJ, AI"
1526283948,sid-6B91E332-FFF2-4120-8508-EBFFC46A61AC,"AT, AU"
1526283948,sid-CDB4D7F7-2843-4A7B-8361-217E1122B7D9,"AP, AQ"
1526478335,sid-BB90A865-BBC6-4AC9-9C6C-1816F088DA8D,"Need for a new prospect, Maintain customer master data"
1526478335,sid-1131A2D7-3C1E-4DD2-886D-F9BBD3C7E33F,"Approval, Check if approval required"
1526478335,sid-C692551B-FBBF-44F1-8467-B8E83D80B81D,"Correct complete change, Successor Types"
1526478335,sid-F5F79B35-27A8-4057-84E7-719EE1CBD010,"Correct complete change, Store"
1526478335,sid-88A7EB44-7828-4BF5-A653-1CC51DFD6162,"Correct complete change, Store"
1526662732,"Mortgage
Offered?
","Prepare mortgage documents, Inform customer of rejection"
1527485136,sid-C9749009-1C67-43EE-8894-964E6456FF90,"K, O"
1527754134,Material Ok?,"Store the Materials in the right location, Problem Reported"
1528655568,Question?,"Question?, Question?"
152873025,sid-99FCDD03-E29E-44F1-BB2D-FF294396FCB3,"G, CE"
152873025,sid-9A2B0EAE-677D-4F2F-B649-0111573CB28D,"M, N"
152873025,sid-4DA6B3FF-E078-489A-8705-2D0108D308B8,"P, "
152873025,sid-74F70C42-CD27-4412-9289-AFE243E49E6C,"R, "
152873025,sid-C12543C9-40B1-472E-8E4E-C9BF0C753EE7,"T, Exclusive_Databased_Gateway"
152873025,sid-CB9246CD-1968-4260-9F4E-B978A6BBAA6E,"X, "
152873025,sid-669A9D07-B4BB-44FA-92C6-74822B15EC4E,"AA, Z"
152873025,sid-2B4AB845-9BCD-4845-AF73-1B907FD5724E,"AL, AK"
152873025,sid-AD434EAB-397E-48D8-8831-35EFD1A65605,"AM, AN"
152873025,sid-B5791096-E6E4-430C-8FF8-35D3F873CD7B,"BU, "
152873025,sid-1F85E6B2-458F-4D49-84E0-B3EEC714F294,"BW, BX"
152873025,sid-C0683749-76FD-46E0-AFA9-0F37D2699E7B,"BQ, BS"
1528811961,sid-79DB1523-63B5-4F56-8031-57741B95AD78,"I, J"
1529228240,sid-84AFF804-5CFB-4233-9643-84F52ED49552,"A, P"
152936680,sid-7ACFEF41-73DF-45AE-A462-AAED34BE3C71,"Lookup & determine purchaser category (create if not exists), Lookup & determine sales partner (create if not exists)"
152936680,sid-3C31B444-F299-4D85-8D97-AE7C9BEE5DAE,"Check if prices are maintained or exist, Exclusive_Databased_Gateway"
152936680,sid-F098A968-C7C4-4D29-BEDC-BD54A3DA9AE7,"Lookup & determine technician(create if not exists), Lookup & determine sales organization (release if required)"
152936680,sid-582C712D-6D59-463E-A3B0-9A7B1EF32438,"Correct/complete request, Sales partner components collected"
15293895,sid-B86BB1E2-A25C-4101-844D-EC7B00C52F18,"Invoice Correct, Invoice with Data Errors"
152991671,sid-D91A8FD1-62AD-465A-8577-24A0F149D4D1,"Send confirmation e-mail, Adjust vacation request"
1530745484,sid-9DD1E1A8-9A99-4DCE-88D1-5E639A5884E9,"R, TextAnnotation"
1530745484,sid-06856406-573C-4200-9883-7EAD6B66B048,"Q, S"
1530745484,sid-414D022B-220A-4631-A503-74FFFA340FFB,"Exclusive_Databased_Gateway, IntermediateSignalEventCatching"
1530745484,sid-71EA73FB-E64B-41DE-87C8-44FC83FA2A42,"AV, AX"
1531134842,"target in local
operating range?","check suitable delivery spedition center, check planned transports"
1531134842,"is not
(departured || full || over_size)?","plan time, inscroll package to transporter"
1531134842,out of tasks?,"transport, return"
1531134842,is the solution suitable?,"is the solution suitable?, order problem"
1532121992,sid-43BA9047-241F-4D13-BBB3-4092D68DD2F1,"No information available, No information available"
153228887,sid-EA1FB57C-4715-48E7-BA6C-6D59EFCB688A,"C, H"
153229832,sid-55CA7366-7995-467F-89E2-73576F59D8CF,"M, N"
153229832,sid-9769CF88-086B-4858-94F9-EDE6E264D7DC,"N, P"
1532414623,"Enough 
information?","EndErrorEvent, EndNoneEvent"
1532548802,"RFQ meets 
guidelines?","Send to Customer, Produce labor and material costs estimate"
1533068192,sid-2F4B5615-CCAE-4593-A87A-E252200FF813,"Wellness management, Health problem management"
1533068192,sid-D825DE05-A214-48A7-9C4B-7636B63176DD,"Schedule an appointment (SP2), Online consulting (SP1)"
153353460,"Material 
OK?","Store The Materials in the Right Location, Wrong Material"
1535035276,sid-A7EC8E40-3761-4569-8785-D7F936950594,"Check completeness of invoices, EndErrorEvent"
1535035276,sid-136840D6-A44F-4D3B-8580-887C60229233,"Check Excel file, Exclusive_Databased_Gateway"
1535035276,sid-05A0D7AA-2CF8-4797-B518-D04619469215,"Put a red stamp on the entry form, Exclusive_Databased_Gateway"
1535035276,sid-8739CCC7-66F5-43D7-AA59-A2AA89C96D0F,"Batch and allocate to data entry office, Check compliance invoices"
1535523073,order complete,"check stock, order completed"
1535523073,sid-064B80E8-E4EE-4765-9431-D2F10551F810,"reserve part, Exclusive_Databased_Gateway"
1535523073,sid-290068F3-AEF8-4EC5-80B3-230A9D879834,"sid-290068F3-AEF8-4EC5-80B3-230A9D879834, sid-290068F3-AEF8-4EC5-80B3-230A9D879834"
1535523073,sid-60344094-0A2D-4E5F-B943-2B19ADDF9A65,"EndNoneEvent, ParallelGateway"
1535789287,sid-9BBEEE67-C0A1-4E35-A5DE-02CEA8E36E5E,"AN, AO"
1535796876,sid-4EA017EE-96DA-49CD-8EBA-09FE0B3DAD93,"AE, AC"
1535796876,sid-0B1B16A8-1855-4426-9310-CAC4D4D07D66,"AC, V"
1535796876,sid-D3A7730B-76C6-48F4-85F3-CDCFEA33108D,"AO, AH"
1536606145,sid-E69703EC-EF3F-488A-879F-86E571526240,"Repack/adjust baggage, Exclusive_Databased_Gateway"
1536606145,sid-0E4BE32E-41B4-44DA-8D53-57D3FC648A47,"Explain actual weight/cost with respect to allowance, Weigh baggage"
1536606145,sid-F99C2BFE-80A9-44B2-B07A-48E96378EA6C,"Inform passenger that weight exceed 32kg/bag, Exclusive_Databased_Gateway"
1537855789,"Canadian Customer?
","Categorize and divide loads by region and order size, Every morning"
1537855789,"transportation costs 
> 10%  of total costs?","transportation costs > 10% of total costs?, Customer wish explicitly"
1537855789,Important customer?,"Fill in form on partners extranet site, Coordinate shipping information with customer"
1537855789,"Order picked up 
by customer?","Order picked up by customer?, transportation costs > 10% of total costs?"
1537855789,Customer wish explicitly ,"transportation costs > 10% of total costs?, Assign order for distribution"
1537925333,sid-32ABE76C-A3C2-4528-B84F-062D9B360DDF,"B, C"
1538024472,sid-DF33FB24-5A02-4808-8F59-E3532AA5BFCA,"Create Purchase Order, EndNoneEvent"
1538024472,sid-F5855613-E1BD-4405-996B-5494D59BE7AE,"Approve Purchase Order, Reject Purchase Order"
1539100207,sid-DA46BDEF-5247-4AC8-B95A-86D284CB659A,"reject, contact Engineering to communicate the customer need"
1539103129,sid-E530BDA9-0691-46B9-B84F-3DEF3B44EFEC,"Propose new internship positions, Promote free positions"
1539103129,sid-EDBD6A48-65D5-47EE-B342-3369691AF9BD,"Prepare contract, Sign contract"
1539103129,sid-D6EE1B4B-4DDC-45FA-B0C4-E060F32A0D4A,"Send position specification, Receive result"
1539103129,sid-99573869-6725-43A4-AA9A-1CF1C97F4DE6,"Prepare contract, Choose one of promoted positions"
1539876433,"more information 
needed?","Review claim for amount of the claim, Ask customer for more information"
1539876433,"amount > 
2000?","Review claim, Review claim"
1540426015,sid-84784E40-39BB-4964-B396-95B43AF85B37,"reimburse to employee's bank account, notifie rejection employee"
1540958408,sid-0E92B3A0-1ABF-4F31-AA9B-180C45053B26,"automatic booking, manual booking"
1540958408,sid-1BDA2BD6-811F-4C2C-AD32-989551F51FEA,"write log message, booking completed"
1541812584,sid-622F5B4B-78A7-44B5-A670-BB2239D08B55,"A, C"
1541812584,sid-FAFDE4B2-33EC-4B48-9338-E246FF2172BC,"D, EndNoneEvent"
1542162893,sid-DA364921-BFFE-4F35-9550-9A0F57BDF5A9,"sid-DA364921-BFFE-4F35-9550-9A0F57BDF5A9, T"
1542162893,sid-43E8CABC-2E5F-4120-9519-611020149F24,"T, EndNoneEvent"
1542162893,sid-08BF4628-392A-449D-8DE9-B509318C8CC7,"T4, T3"
1542162893,sid-61C6B441-8E46-44B2-A7CD-2B4DB4BE3B8C,"T2, T3"
1542492743,Goods Available,"Goods Available, Demand for material identified"
1543137554,sid-76F0C4F8-FE17-4335-AE43-6D8914296977,"D, B"
1543137554,sid-969F5A83-6448-43C5-B303-101EB6601ED7,"K, "
1543183402,sid-D62DD082-EEAF-4EC4-9F10-DFBAFF7AC7C8,"Access Granted, Access Revoked"
1543235981,sid-94123372-BA27-43C0-BC8D-902DA3C7E73C,"Reject Purchase Order, Confirm Purchase Order"
1543307184,sid-B1CDC569-8EBC-46E3-9C0B-EB86FAE1A02F,"AX, EndNoneEvent"
1543307184,sid-2156F255-5CE6-46C8-99B9-DBBF7360FD39,"C,"
1543307184,sid-90B0A13F-C2AF-4EE3-BB78-70AEC7D596E8,"BC, EndNoneEvent"
1543307184,sid-FDB16500-1A98-43B5-8E5A-30DB719F7B36,"BD, BE"
1543307184,sid-7C282766-2BCF-4983-8C5A-E6A89532E81A,"BG, BF"
1543821372,sid-5355723D-0495-45E6-B2B0-EDEEAEA0CE8E,"sid-5355723D-0495-45E6-B2B0-EDEEAEA0CE8E, Exclusive_Databased_Gateway"
1543821372,sid-EE0B7380-5438-48D1-AF4D-EF4A1968A436,"sid-EE0B7380-5438-48D1-AF4D-EF4A1968A436, sid-EE0B7380-5438-48D1-AF4D-EF4A1968A436"
1544046396,sid-CE2C49E9-C71B-45A5-86DE-63F790284ECA,"completion of a paper based form, Exclusive_Databased_Gateway"
1544046396,sid-59BBED42-FC77-46CE-8676-AFEC65719732,"hand deliver to supervisors, submit email request to supervisors"
1544046396,sid-4F23E204-3F18-4B32-BAC6-8057DE2967FC,"Notify employee approval, completion of a paper based form"
1544246564,sid-6E7D160C-44C2-48AA-81CE-D8D6DEBFF722," penalize, Extend"
1544246564,sid-5774363F-56A0-44CB-91B4-D003C93F5151,"Perform work according to role, Present the project"
1544460955,sid-AD5C2004-E293-4914-8B44-FFE98722EF7E,"SMS Dr. script approvement request, Verify information"
1544460955,sid-08CC83DD-B4D9-495E-ADDC-5D6E1F666A1D,"Customer calls, Customer does not call"
1544460955,sid-D2CEC185-4E5A-45A1-8BC5-810CE58996C9,"SMS Notity to customer about problems with the script, SMS Notity to customer about script refilling improvement"
1544460955,sid-0D184AE8-F332-4493-9310-04AAF2797556,"Contact Doctor, Exclusive_Databased_Gateway"
1544460955,sid-D8F92978-4B43-4D08-80E7-54B78C00CEAD,"Notify customer about script rejection, Exclusive_Databased_Gateway"
1544460955,sid-33004453-DAD2-43CC-A1FF-EE04853CDEAE,"Exclusive_Databased_Gateway, Exclusive_Databased_Gateway"
154464882,"Is the name
 form populated?","Is the name form populated?, Does end time occur after start time?"
154464882,"glossary://e6f8f5a9c33e458e9365e54a0d38b660/Does end time 

occur after start time?;;","Save event information, Incorrect time notification"
15455200,CQ,"CQ, DE"
15455200,DF,"DC, DF"
15455200,DI,"DI, DH"
15455200,DJ,"DJ, DK"
15455200,DN,"CR, R"
15455200,DV,"DV, DW"
15455200,DW,"DW, DV"
1546459310,sid-B5244092-369E-48A7-B441-DAE2AA4A5D67,"U, "
1546693863,sid-E4C1B477-39A4-4218-8F6F-8989D77FDF7B,"F, B"
1547042065,sid-9CF3D82B-26A1-4979-AE68-6C244D2B1A24,"print ticket, sid-9CF3D82B-26A1-4979-AE68-6C244D2B1A24"
1547219611,sid-2FC95CAE-7BAC-4426-A987-B05E2C7C6BDD,"AR, AT"
1547895431,sid-90A968A3-E5E3-4724-9A7D-54371D8BE1E4,"create account, account ok"
1547919900,Meets guidelines?,"Meets guidelines?, Verify the RFQ"
154810192,sid-CC5522EE-91A4-4CF7-B651-E9540DD21651,"H, I"
154810192,sid-0BDD6F50-36FB-422E-B2EB-822729561BB9,"A, F"
154972530,sid-FE0D9834-EDE7-4851-9D6B-A03552E2EE43,"Employees, CollapsedSubprocess"
1550235384,sid-315FE43F-E8FE-4206-A045-EA0863258348,"F, G"
155042883,sid-C0057451-FD1D-488F-ABDB-F94873DFBEC3,"AA, AB"
155042883,sid-FDCD1E78-1225-4384-8FC6-625A7DCF927A,"A, O"
1551809554,sid-189C8F68-052C-4A20-B4DF-7AE47018471C,"To Customer service, Contact customer or insurer to solve problem"
1551809554,sid-8B3EE3AF-67D8-4441-B95C-A1AC9DAA77EC,"Contact doctor and try to solve problem, To Customer service"
1551809554,sid-863163CC-1827-45D7-A30E-152FC3CE82F3,"To Customer service, Wait 10 minutes"
1551865539,sid-B4AEFA89-E777-42BA-AA13-D6538875D64A,"Allocate more invoice, Allocate less invoice"
155204971,sid-5B3D3BED-2409-47EB-B429-F705988A2540,"sid-5B3D3BED-2409-47EB-B429-F705988A2540, L"
1553285497,sid-D94D587A-6E4A-4372-B43E-576364E23AB6,"AE, Exclusive_Databased_Gateway"
1553285497,sid-53379302-7366-4E34-B4DE-1E1FA5DDABD0,"AH, AF"
1553285497,sid-57C1DFC7-C284-4B47-AB22-4367D5601BF7,"W, "
1553285497,sid-ED3AB3AC-5AA4-4A2A-B56A-C8D9856944A8,"Z, X"
1553285497,sid-A6FAB693-2884-406E-B245-D3FED94045A2,"AY, AZ"
1553555155,sid-4BC4DE8F-23FE-48CA-81F5-A6FCA53956B9,"Create new customer record, Process sales request: check availability of goods"
155469259,sid-845CC1D1-5463-46AD-8BAD-86AD4410974A,"O, N"
155469259,sid-05A8943C-D0D8-4B6F-B401-27CF590780B5,"D, G"
1555809397,who assembles the shipment? (responsiveness criteria),"Assemble shipment, Assemble shipment"
1558043834,sid-F14C0C32-6F24-4072-89A7-682900F66BE1,"Edit Purchase order, Review Purchase order"
1558043834,sid-12130EB6-BDD0-4E04-8C1F-1899BFE65AB2,"Create Purchase Order, Check Inventory"
1558580059,sid-ADD6D524-E33B-4112-9ECF-A2D53CA2E090,"Rework, Reserve Funds for Payment"
1558580059,sid-3FEB5106-50C5-4D6C-885C-E5CF514A3E10,"Check inventory level, End process"
1558881814,sid-EB466F3D-6648-4D62-985C-D0C19F0367AB,"D, E"
1558881814,sid-6207D889-1ABF-49F2-8492-C57CD456CFB8,"F, G"
1558881814,sid-C729A4C5-5B2F-4A1F-A178-886F2FD15FD3,"J, F"
1558881814,sid-4F23F83C-5959-48EB-8359-BA5B16601A53,"H, Exclusive_Databased_Gateway"
1558881814,sid-C3B8F729-2912-4D42-8074-31084BD95BFE,"L,"
1558919774,Confirmed ?,"Confirmed ?, Cancel Factory Order"
1558945815,sid-08911B9B-A93A-4686-8D38-848B96877A58,"sid-08911B9B-A93A-4686-8D38-848B96877A58, V"
1558945815,sid-F1D73B83-A262-4C25-A938-EECD4A0AF66D,"Y, Exclusive_Databased_Gateway"
1558945815,sid-F73EC32C-D482-4D86-816E-726774638E23,"Q, AB"
1558945815,sid-D90497B0-30E5-474F-9B9D-9DADDEC44E21,"W, AE"
1559421691,sid-3E5F9651-4838-40DE-99FA-C4BC6E2AB758,"Make a note in the TAF minutes, Change to advance to CAB"
155956157,sid-868D2240-8D97-4A1D-9681-0DB6C8B27A8C,"Create new account, Account OK"
1559668890,sid-B39F9105-B968-47D9-BB08-CEC6462F1505,"AD, U"
1559897343,sid-A7E48F27-0A66-4F7E-9BFF-3F80766C83E0,"Check the request, TextAnnotation"
1559907822,sid-2B08A681-F30D-4CFF-8735-2D6BFE93A646,"B, E"
1560042091,sid-22F638E0-DD27-447D-AB34-2646AFED0582,"B, C"
1560216019,sid-A3A9A10D-365A-489B-8B9F-2BF6A2199963,"Correct/complete request, Store"
1560509662,sid-5B9FE529-73C4-4754-96C7-F437E857EA99,"Q, "
1560509662,sid-C9B5E9E7-F726-453D-AC2E-6F9ECC00345C,"D, O"
1560509662,sid-E53E56DA-ABA2-4568-BB4C-21B86658AE00,"N, M"
1561686823,sid-AA4AFE71-CD32-492E-81B8-FE8114DF097E,"B, Exclusive_Databased_Gateway"
1561686823,sid-226C0D1A-F91E-436D-B5C1-A17E6C6608FA,"E, R"
1561720798,sid-E49D03D8-D53F-4E8F-9BCA-39494D894675,"G, K"
1561833215,sid-F7C5BD2E-60EE-43A5-9068-5CC88EEF7158,"Ticket Counter, Online Check In"
1561833215,sid-33B63B60-899E-430E-8044-3FADE3DE6D8F,"Proceed to Security Check, Proceed to Customer Service Desk"
1561833215,sid-0A5D3D08-A67C-4B80-951A-248EBD8EC8DB,"Security fast Lane, Security normal Lane"
1561879068,"Credit Rating
according to
Schufa >9000?","Creating interim customer dataset record, Unsuccessful customer registration"
1561991346,"All
information
available?","Review the Claim, Communicate with the customer"
1561991346,"Amount >
$2000?","Evaluate the Claim, Evaluate the claim"
1561991346,"Claim
Accepted?","Send Payment, Send Rejection Letter with Explanation"
1562115494,Proposal reasonable?,"Travel offer from agency, Approve RTA"
1562115494,UL Admin director approval needed?,"Create purchase request, UL admin director approval?"
1562115494,UL admin director approval?,"Document to admin director rejection, Create purchase request"
1562122274,sid-C9FF9091-2861-4C9C-AD2F-D84D32473E6A,"C, B"
1562122274,sid-C1D86812-409C-4AB2-A029-71E9A30F38E6,"G, H"
1562122274,sid-CB8E0C79-283F-4A02-9715-CC2878004804,"L, K"
1562817650,sid-CCE0A466-D053-4EC8-B1C5-3829A28B68C3,"Payment Funds Reserved, Rework Purchase Order"
1562817650,sid-C02D9E89-8897-468C-9591-E601F3B8C3ED,"Purchase Order Created, End Process"
1562911389,sid-733FFFF7-ECB5-488D-9509-66F821F7165E,"E, B"
1563278367,"Are issues
ready?","Are issues ready?, Review Issue List"
1563278367,"Did enough
Members Vote?","Have the Members been warned?, Issues w/o Majority?"
1563278367,"Have the Members
been warned?","Have the Members been warned?, Did enough Members Vote?"
1563278367,"Issues w/o
Majority?","2Nd Time, EndNoneEvent"
1563278367,2Nd Time,"Discussion Cycle, Issues w/o Majority?"
1563278367,"Conference 
Call  in 
Discussion 
Week?","Wait until Thursday, 9 am, Check Calendar for Conference Call"
1563278367,"Conference Call in
Voting Week?","Wait until Monday, 9 Am, Wait until Thursday, 9am"
156341899,sid-1C271557-9BEB-41FC-AA9F-9B890DBECDC0,"AU, AV"
156341899,sid-A1229EBE-4DC6-45B2-98AB-108612FA8561,"P, Q"
156341899,sid-438727F8-9140-4C7E-877A-65E4142B00C6,"F, "
156341899,sid-D97FCC7E-4B6E-4E27-BF04-5EC101068808,"C, M"
156341899,sid-81A99CE9-7610-4A53-9A6A-A538BC523A09,"sid-81A99CE9-7610-4A53-9A6A-A538BC523A09, Predecessor Gateway Name"
156341899,sid-D2BD1F30-5F5A-4F28-BA78-62F7F6078771,"BE, BF"
156341899,sid-D8F01985-7ADB-447F-9D49-29C59ABB3E06,"sid-D8F01985-7ADB-447F-9D49-29C59ABB3E06, BG"
156341899,sid-7BE15BC5-7EFC-46A3-8F1D-76777789D3BF,"BG, "
156341899,sid-DEBE9B06-B791-42D7-9AC2-2077E88B6345,"BJ, BM"
156341899,sid-00D09187-666F-4EE7-9040-58BD461AB782,"BI, BL"
1563800096,sid-82901B0F-1BF4-4F2F-9230-BC9D453A095E,"Process First, Check Urgency"
1564401696,sid-21B46E13-B3A9-4A32-863A-1384C4262D76,"AI, AH"
1564401696,sid-7507E26B-7453-4308-AD24-F25F7A3EBF60,"AP, AG"
1564401696,sid-127588C7-9193-45C3-BD6E-FA633675B89B,"V, "
1566749682,sid-976CAEA6-BDF2-4D15-BED7-958AEE2CC472,"next working day, Check availability"
156720896,sid-40FCCACF-E79F-49BC-9C40-CDB05FF6B6DF,"Print(""T2""), Print(""T3"")"
156720896,sid-884B8672-ACB4-4031-91F6-1972274DBA50,"Print(""T3""), Print(""T4"")"
1567585302,sid-4F4668E5-8C13-4B26-B7F8-AA78E3093E1D,"D, B"
1567585302,sid-8D974D9B-5032-409A-B9FC-FDD55F4B0457,"D, C"
1567817726,Material OK,"Material OK, Perform Quality Inspection"
1567838130,sid-738CF0FD-E136-4671-B44F-9F58379AA528,"send mapping to GSC, send mapping to ISC"
1567838130,sid-55F24AD2-0BCE-4706-9E34-5BD52C8B53DE,"send mapping to developer, send mapping to Zhuhai coordinator"
1567838130,sid-5FAC65C4-9003-4C10-94BD-D70D1340C24E,"send mapping to developer, send mapping to Zhuhai coordinator"
1567838130,sid-294DF69B-8406-4EC4-B667-4D912B2ACAD2,"contact responsible person, finish developing"
156807477,successful?,"successful?, storyboard meeting"
156807477,rejeted?,"rejeted?, approval"
156807477,with marketing view?,"marketing review, complete final version"
1568179089,sid-A8DFCB80-215C-474D-BEAE-40953C547154,"E,"
1568179089,sid-63EFCD48-6107-4105-A962-A8CA5E144E61,"sid-63EFCD48-6107-4105-A962-A8CA5E144E61, sid-63EFCD48-6107-4105-A962-A8CA5E144E62"
1568179089,sid-6D15DE39-111A-46AC-A246-8A41C51C4546,"Exclusive_Databased_Gateway, Exclusive_Databased_Gateway"
1568179089,sid-C6BF33DC-1B8A-48A1-A8A2-05110DA3DCF8,"P, Exclusive_Databased_Gateway"
1568179089,sid-EFC6498A-AB92-4280-95CB-B87850B214E8,"O, EndTerminateEvent"
1568179089,sid-F76820F1-42BF-4A7A-9EB6-B8D8FB0B78F6,"R, "
1569409393,sid-A8AF87F5-5C92-44BA-BF3C-0509B5EC8370,"Forward the request to Level 2, Resolve request"
1570086414,"are materials ok?
","store materials, send back to supplier"
1570089867,sid-E6AEC0D3-51EB-4ECD-B16A-FB921DA9FA02,"Send Thank You Acknowledgement, Request Confirmation of Vacancy"
1570763453,sid-34CA2B17-BA29-4232-809C-D19662974A22,"Installation order, Order rejected"
1571201514,sid-D85847B5-6E14-43FA-ABD1-85936607EB86,"E, G"
1571689910,sid-8DCD3571-23D2-4A33-BBDE-1FC462373FC6,"Standard service, Premium service"
1571992689,sid-B5993B15-3ED9-483B-86B6-94DF69B5BDB7,"Send For Supervisor Approval,"
1573144462,sid-76EAFE6C-1F45-462C-953E-FD6FD85AF95F,"check for a hospital treatment, undertake recommended treatment"
1573144462,sid-244A46FC-C989-4778-B1FD-4E69AAAE446F,"ParallelGateway, ParallelGateway"
1573523556,sid-B7F55ED3-61A5-4CDA-A6A8-08CF80423B5F,"H, I"
1573523556,sid-97FCDCE7-EA9F-4BE2-9D58-C8C31B13398F,"AD, AA"
1573523556,sid-8FB75902-4455-46EF-A442-0AE0247C3F1F,"W, X"
1573561650,sid-7A328893-66FC-4E39-96D7-466113E40738,"Approve Purchase Order, Reject Purchase Order"
1573561650,sid-5A547E01-528E-45DF-8258-885F0BB481F0,"End Process, Create Purchase Order"
1573684365,sid-E1E7474D-C2B4-46F0-9960-C7C7FC70D508,"C, D"
1573684365,sid-69533F48-C1F2-4283-95C1-31A35F29B149,"I, K"
1573684365,sid-1EF8AA34-2AAE-4BBD-880A-80C7C928C8AE,"O, P"
1573684365,sid-50F78FE8-A628-4EC6-A24B-4BB93361E0B9,"R, T"
1574118847,sid-725DBE11-931B-423C-87F4-E8FB00D5BCDD,"C, M"
1574290879,sid-439A6357-DFF1-4AEE-A6F9-86BFEEFB0C05,"Road issues information, Notes to BCC"
1574922788,sid-563C9709-3FCD-43CF-9865-FD9D10483F5B,"Pack into Boxes, Pack into Boxes"
1575384992,sid-F0928F68-136C-4B96-BEE8-7BE7456AA298,"Choose the best applicants, Enter email address"
1575384992,sid-CC26F5D7-2D5B-432C-8168-0D998EBE4002,"Retype email, Send invitations"
1575384992,sid-2BBC4247-048B-41CB-BED4-DDFC080265B3,"Solve student problem, Succesfully finish studies"
1575384992,sid-CDF8BB42-D04B-4EF0-9F3B-C2F37BA4D446,"Succesfully finish studies, Solve student problem"
1575641128,sid-CADC24CC-50D1-40AC-8621-2A955FDFC76B,"N, O"
1575641128,sid-4F1EE79F-AFFC-4428-A2FB-4AFC09BB7FBA,"S, N"
1575641128,sid-385EC3FA-7836-4C81-BF13-D9B77745E93B,"P, Q"
1575641128,sid-587A68F0-14A3-4D12-B92A-A15A095FB05A,"F, J"
1575641128,sid-197F4CD9-5762-4BA3-9A20-D022FFE05795,"K, J"
1575707710,sid-E21E45C3-B2E3-425A-A9ED-0D00C92EDBEE,"O, "
1576196359,sid-1A66BFBE-E509-4953-BAA4-86B91EC07CB6,"Provide knowledge-base support, qualified person support"
1576196359,sid-27FD350F-A977-463C-BD0C-5C213C0E87A7,"Sign contract for private service, Register customer for public service"
1576281561,sid-37BA4E96-30A3-4D17-BCBF-3709A73D747B,"AB, ComplexGateway"
1576281561,sid-5923097F-D2AB-494E-9C78-069F260D24A4,"AB, G"
1576441608,sid-6EB2EFCE-B4B9-4B1A-95DC-A3699F4E9EE5,"Purchase Order constructed, Review PO for Approval"
1576441608,sid-3B789F7E-5879-4975-B3CD-B8717DC8A4A2,"Inventory check complete, Inventory Level Below"
1576589817,sid-FC51F791-5836-4BDF-911A-034793F9618E,"D, E"
1576589817,sid-99003B83-3C61-4A20-9995-2AD0A491A9B8,"G, H"
1576589817,sid-4CD4F8AB-4367-45D2-9933-468F6DCB1094,"L, M"
1576692862,sid-CEFB3ADC-6578-4290-9F87-CC2154DE4221,"Y, AA"
1576692862,sid-3235D057-637B-42A7-B505-CD6AA9C3B40E,"AC, "
1576721033,sid-E517B904-F729-4A27-9891-F339302865E3,"Discuss implementation details, Create release"
1576721033,sid-FCB0FE0C-D7FB-496F-8E96-5427865D8565,"Assign tasks to development team members, Call a meeting"
1576943991,sid-5E263C75-03A1-4AEB-9A24-53801A17D82A,"Inv_Unreserve_on_RealSupplier_LocalService, Inv_Reserve_on_REalSupplier_LocalService"
1578476124,sid-15FD845F-96CB-4836-B151-C6865DEE17FC,"B, C"
1578476124,sid-7B5EA2D7-E4CF-4AD4-948C-C2E3374E6799,"sid-7B5EA2D7-E4CF-4AD4-948C-C2E3374E6799, EndMessageEvent"
1578476124,sid-FB2989BC-63E1-4E3C-BB5A-58D82A4CFA13,"Gateway_Name_1, Gateway_Name_2"
1579144976,sid-8C2F8158-3CAF-415D-904A-21884A48DFBD,"H, J"
1581345047,sid-064CA0CA-D613-40B2-ABD8-E59DCB6D8593,"Since the Successor Names are listed as empty, it's indicated that there are no defined successor names for this gateway. Therefore, based on the provided information, I can't provide two gateway names.

However, if you want a format following the example you set, and you still require output, I could provide placeholder names instead. Here’s a hypothetical output based on your format:

Placeholder Name 1, Placeholder Name 2

If you need specific names or have further details to clarify, please let me know!"
1581614474,sid-D76D1F36-4457-437C-B4EA-07786747CADB,"AI, O"
1581614474,sid-8653D175-E665-41C1-A993-6001B8C5C022,"O, P"
1581709770,sid-BC34A0C5-E83A-4185-AB74-AEEB016250B8,"Cancel script order, Try to contact customer"
1581987744,sid-5A92BCEE-FFBE-4A20-9002-EF06CDEA9D1A,"A, Exclusive_Databased_Gateway"
1581987744,sid-98EE7207-BC98-474C-B5FF-5CDAD384A1D2,"B, C"
1582230538,sid-895EB338-088B-4E99-B264-71A9C06F8736,"AF, AG"
1582230538,sid-34CF7459-7EDB-4046-91D2-5F8D93168105,"AA, Exclusive_Databased_Gateway"
1582267656,sid-2E4C9458-69A3-40AC-84B0-3B5B633978DB,"G, B"
1582267656,sid-257128EE-AE42-442A-A618-70B303A67165,"H, I"
1582472422,sid-6D495D47-1C4E-4947-A437-9C2C3060C224,"Create event from application menu, Create event from 'what are you planning' field"
1584104839,sid-F106FCB0-1A0D-4C99-B17D-F73770AD80F4,"Select Item, Change/Refine search criteria"
1584104839,sid-48D9409C-E697-41E4-82E4-4C1F01C31114,"Send payment details, Send delivery notification"
158423501,sid-2B9BED00-C484-4FDD-A844-CCAC7739E0D2,"AY, BA"
158423501,sid-35C9AAF1-6D1F-4461-8DA4-8E34FE1B1A0F,"BF, BG"
158423501,sid-4B8B9C00-7C50-4487-83A2-BDB924BB62A9,"G, E"
158423501,sid-F5A39519-32BF-46D1-9157-340EF683C551,"K, "
158423501,sid-C1E84BA9-4F45-4CB2-B7E9-8DA20C5D1AE9,"T, Q"
158423501,sid-08980E7E-B0B7-47C3-AE62-108976E22ED0,"EndCancelEvent, Exclusive_Databased_Gateway"
158423501,sid-29AB2BE6-5AB8-41D2-8A72-9578D83B36B1,"R, Q"
158451370,sid-BAA6CEB6-3AFB-4D16-8DB9-5172C9B42916,"Exclusive Databased Gateway, EndNoneEvent"
158451370,sid-2827B28C-5B05-4F3F-97CF-B636B5DD1828,"sid-2827B28C-5B05-4F3F-97CF-B636B5DD1828, Exclusive_Databased_Gateway"
158451370,sid-1B74F117-44B9-445B-A6EA-B8A07B49EEDA,"J, H"
158451370,sid-7DEB564A-8F71-48A8-85B1-0B77A1EE90FA,"K, I"
158451370,sid-29BF0CF3-8AE6-4839-8844-024E7396727A,"H, I"
1584608660,"Credit 
Rating 
OK","Check Self Credit Assurance, Void Special Insurance Proposal and notify Sales Dept."
1584608660,"Self 
Credit
Assured

","Evaluate Possibilities for Re-Insurance, Approve Special Insurance Proposal with negotiating terms"
1584608660,"Re-Insurance
 Acquired
 from Industry","Approve Special Insurance Proposal with negotiating terms, Void Special Insurance Proposal and notify Sales Dept."
1584608660,"Negotiaions 
for Special 
Insurance 
Contract 
Sucessful","Negotiations for Special Insurance Contract Successful, Adjust surcharges and discounts by negotiating with customer"
1584781235,sid-06E59FA4-E567-4617-8B8D-7C9F34348AE7,"T, U"
1585843988,sid-1A805F71-C769-4EFC-96DA-5117910F0DBA,"Reject the Form, Accept the Form"
1585843988,sid-A8C5744B-92A6-49DF-809E-A19DE5E0201C,"Accept the Report, Reevaluate the Case"
1585843988,sid-173D0B48-06B4-4B6B-8EC7-63BC20D74538,"Exclusive_Databased_Gateway, EndTerminateEvent"
1585843988,sid-3DE02A23-405B-43AD-A791-40AB5AC7598E,"15 days, Ask for the Case Reevaluation"
1586283264,sid-2DB75697-3AEA-44F2-BDEA-0179B401F157,"Prioritise Opportunity, Assess Opportunity"
1586283264,sid-37AFD9DE-DFA6-4DBE-88F3-ADE2E2E54E21,"Decide Program of Work, Review Submission"
1586283264,sid-B430795F-A599-4AD5-A681-2AE4CA4E622B,"Obtain Feedback, EndNoneEvent"
1587128242,sid-0A35D1A2-D007-4E51-A157-67A87A97B69A,"J, K"
1587128242,sid-7023C8AA-5564-4D70-A5E0-CAF21E07B3A6,"L, J"
1587128242,sid-C85D17DD-FC04-4539-9CEE-2A58E62CAA19,"D, E"
1587128242,sid-88272CF9-D25C-4559-BA8F-14347BB4841A,"Y, X"
1587373637,"Workaround
 available?","Create Known Error Record, Change needed"
1587373637,"Change
 needed?","Initiate Change Management, Workaround available?"
1587373637,"Major 
problem?","Major Problem?, Problem Closure"
158739398,sid-91D7E038-3286-4C7A-AB8C-78E341B376C6,"Two day express delivery, Normal delivery > 3days"
1587522250,sid-A8E7B29D-430D-4876-B213-CC4878FDB2BA,"Send FAX to doctor, Call to doctor and ask about refill"
1587522250,sid-4D36AC8C-02F0-4C53-8944-A1757F732D09,"Put receipt to ""Dr. call back"" bin, Call to doctor and ask about refill"
158788516,sid-6F54C766-6499-457F-A0DE-EBD4F10EDD40,"C, D"
158788516,sid-FD0C8806-422E-4964-96D1-1A29F4A2F0AB,"J, K"
1588323256,Invoice Incorrect,"Contact Client Directly, Send Incorrect Invoice to Customer"
1588460268,"Time to
Quarternary Hospital","Road Ambulance Dispatched, In helicopter range"
1588460268,In helicopter range,"Time to Tertiary Hospital, Helicopter Available"
1588460268,Helicopter Available,"Helicopter Available, In helicopter range"
1588460268,Helicopter Required,"Helicopter Available, Road Ambulance Departs Scene"
1588460268,Helecopter Available,"Helicopter Departs Base, Road Ambulance Departs Scene"
1588460268,Time to Tertiary Hospital,"Road Ambulance Dispatched, In helicopter range"
1588460268,sid-7E9762E4-EDDB-4F37-B398-D530F76B5BD7,"Helicopter Required, Helicopter Departs Hospital"
1588460268,Time to Secondary Hospital,"Road Ambulance Dispatched, In helicopter range"
1588460268,Dispatch Road Ambulance,"Dispatch Road Ambulance, Helicopter Available"
1588460268,SCI Noted,"Contact on call Spine Service, ED Assessment"
1588460268,Surgery indicated,"Surgery indicated, Spine Cleared"
1588460268,sid-92486174-7801-400B-B0E7-8697389F67E0,"ICU Assessment, Exclusive_DataBased_Gateway"
1588460268,CT required,"CT required, CT"
1588460268,MRI Required,"MRI, Fellow or Consultant Assessment"
1590746780,sid-FAFC9BB2-E3BB-4737-924E-A3DA425B0BB2,"Shower, Breakfast"
1590746780,sid-EE3E57DA-0C12-4734-B4B1-F3C64D71F369,"Continue sleeping, Get up"
1590747428,sid-A2BFDB01-A6DF-4BF4-B756-A22807773C4A,"M, N"
1590747428,sid-98F33396-4966-4F67-AEC8-30AA188896CF,"AJ, AE"
1591073955,sid-C1145033-FACC-4764-A9C4-940F0C8FBD5E,"Perform Final Business Approval, Exclusive_Databased_Gateway"
1591073955,sid-DF698BFA-5FCA-42D9-99FE-F8665F4BF6B9,"Request Rejected, Accepted by Citi Technology Infrastructure"
1591768362,sid-8E54876B-6EDD-47D9-8273-7EA050341BB7,"BC, BE"
1591768362,sid-B50E4CB5-0EA5-452A-B420-1915754393A1,"B, C"
1591768362,sid-09D5D5F0-0652-4AA4-9384-A5DFD86ACD67,"I, L"
1591768362,sid-38CEA02A-F37D-409D-A9CE-D393217A1CBC,"V, O"
1591768362,sid-E435446D-4C6D-4199-8B40-30B7157A666A,"Q, R"
1591768362,sid-C67E6E23-05B8-4A5B-87BF-391270C04878,"W, X"
1592014007,sid-FF5CAC6F-9A29-4A56-B0FA-B1EB3BA5329D,"Reject, Approve"
1592014007,sid-8F2AF761-9EAA-4747-912E-7D87FDD62E01,"Reject, Approve"
1592270417,sid-84EFC557-CF69-472E-B605-9BA348116493,"register offer loss, send billing- and pincode-information"
1592270417,sid-3743C9E7-9F8E-4CB3-8ED4-5EDEB4493CB9,"register competitor information, no information received"
1592283142,sid-E00B0B1B-D4C8-4E31-8F98-D1ED7A1E4800,"Y, F"
1592283142,sid-FF80926D-0242-4D70-BCAC-64EDA5B4041B,"V, AN"
1592373073,sid-FFDDF996-36B0-4049-A321-60B1ADF2AF94,"Send a Reminder Letter, Exclusive_Databased_Gateway"
1592373073,sid-2D09B0C2-B977-4508-AF00-D14FCBD95B4C,"Disregard Invoice, Make a follow-up call"
1592464875,sid-002413C4-63F0-473B-AF4A-8EB455AEE21F,"Exception help, T3"
1592496792,sid-948F87B2-E406-491D-856F-5377BBE27EDE,"F, G"
1593396733,Answer,"Check alternative night Activities, Collect DVD from Phil"
1593396733,sid-24D3928F-63B0-4923-8C02-2A37311DFC4B,"Bring Back DVDs, Lender sends Reminder for DVDs"
1593465486,sid-96738BE0-A1EC-4820-8A73-514CED9F9418,"adds incoming mail num&date, records letter"
1593569908,Goods availability,"Send production request, Deliver goods"
1593569908,Materials availability,"Manufacture product, Send material requisition"
1593691417,sid-CFD8D163-4E9E-483C-B7D9-D3ADFB7BCF48,"I, H"
1593725397,sid-FFAFF908-5CCF-4970-9E5B-9533F3CC462A,"Decline, Appoint volunteer"
159373,information complete?,"add incoming mail number & date, phonenumber available?"
159373,phonenumber available?,"Phone number available?, Phone number not available?"
159373,membership possible?,"membership possible?, membership not possible"
1593772272,sid-EB16F5AE-4EC9-4A3C-8AA1-07B06FE136F8,"BF Check, Calculate EAD"
1593772272,sid-685724CA-EE86-45BC-A5F3-9248D6880EAC,"Define Parametrization, BF Check"
1593945208,Authorize Repair?,"Authorize Repair, Take Back Computer"
1593945208,"Was the
Computer
Fixed?","Receive Copy of Documentation, Receive Incompeletion Notice"
1593945208,"Was the
Problem
Solved?","Inform Customer of Completion, Try to Fix the Problem"
1593945208,"Can Bill solve
Problem?","Test the Computer, Inform Customer"
1593945208,"Was the Problem
Solved","Complete the Task, Report to Bill"
1593961105,sid-4776A1C5-C3BD-46A3-9DA4-37B1DA9DFF1D,"A,"
1594376577,sid-B49FD189-959B-4294-B30D-CED1574290E2,"L, M"
1594660153,sid-E8D851D8-0D0A-4E95-B0D1-52439115AB7C,"I, N"
1594660153,sid-41A81F91-40D7-43F8-8279-F5846CCA0C57,"E, N"
1594660153,sid-D6973F25-A232-4EF5-A7B8-A6135B3ABF02,"P, Q"
1595486564,sid-FA35AB2A-24C7-4090-B837-3A0A1D5D14BB,"B, I"
1596348602,sid-FE6A406F-5921-40AB-9D30-31B9835DCF4B,"Inform requester, Prepare RFC"
1596350510,sid-E7D0F14D-3212-44E4-B3EC-A928DAB09CC4,"G, EndNoneEvent"
1597317420,sid-CE864C6E-3D05-4D91-8296-F481765C64D3,"B, Exclusive_Databased_Gateway"
1597512168,sid-E1FE3FD3-2B30-4A7F-9310-AF7D0371ED57,"sid-E1FE3FD3-2B30-4A7F-9310-AF7D0371ED57, "
1597512168,sid-B0EA1638-2737-4A9C-9BE2-6B1B0A249D6B,"BS, BP"
1597586583,"All information
avaliable?","Review the claim, Communicate with the customer"
1597586583,amount>$2000?,"Evaluate the claim, Evaluate the claim"
159861458,sid-2432C855-3460-4FB9-A168-2B4B0C003F80,"C, D"
1598721004,sid-CF5E86DE-5287-4034-8141-FE72E104D237,"Reject Purchase Order, Confirm Purchase Order"
159911883,sid-63AC6E80-C428-410F-A208-234CC8FC7541,"H, G"
1599317222,sid-98824AE4-5CAE-427F-9657-29E4AE3A179A,"Add Invoice Date, Redo Invoice"
1599317222,sid-55274AB5-355E-4AB0-8A3B-CEB3B37B26BD,"Record Mistakes, Tick Invoice Entry Form"
1599343054,"More
information
needed?","Review claim for deciding whether to forwarded to supervisor, Ask for additional information"
1599343054,Is claim less than $2000?,"Review claim, Forward to supervisor"
1599343054,Accept or reject claim?,"Accept or reject claim?, Review claim"
1599467602,agree with terms,"take computer back, authorize repair"
1599467602,repaired?,"repaired?, task completed"
1599467602,computer fixable?,"test computer, inform customer"
1599467602,able to fix problem?,"repair computer, ask bill to work on the computer"
1599984036,sid-A161827E-0220-4E74-93FB-67BC23864B2B,"Position requires notification to external agencies, Position does not require notification"
1599984036,sid-81AD7428-398A-47C4-A81C-8AA1B7D75126,"printed copy is complete, printed copy is non-complete"
1599984036,sid-ECD0DBFC-5750-4D51-9A0A-1FC44F522989,"collect referee reports, send back to referee for correcting"
1599984036,sid-E26054C2-9E41-468E-9CC1-BB08AB145FC1,"Recruitment manager determines need for psychometric test, no need for psychometric test"
1599984036,sid-FD074A44-4337-432E-9625-E44EF382E8B0,"Successful candidate identified, another interview needed"
1599984036,at least 1 candidate still remains,"interview arranged, another interview needed"
1600478617,sid-92D1DBA5-D777-4900-9219-3A09FA9C0CDD,"EndNoneEvent, IntermediateTimerEvent"
1600478617,sid-82A8D5D2-180F-4B61-A98F-27AE13C7D161,"EndNoneEvent, IntermediateTimerEvent"
1600478617,sid-531B90A4-AD96-464D-9454-1761AAB19898,"Since there are no successor names provided in your input, I can't generate specific gateway names based on that information. However, if you need an example regardless of the specific names in your case, I can provide a generic output format. Here’s an example format based on the request structure:

Example output: Gateway A, Gateway B

If you can provide names or more specific details, I'd be happy to assist further!"
1600775205,sid-BB3D0F3B-B91A-4753-A462-2A4D621FBC2F,"N, Q"
1601551686,sid-CB3AC8B2-3C90-46BB-AC8B-DECAA15F2E98,"Approve, Reject"
1601551686,sid-89647413-88DC-4FAE-98D2-B113A99E1409,"Approve, Reject"
1601551686,sid-AA580689-1151-4269-AD08-2477FDE35F25,"Exist Client, Non-exist Client"
1601551686,sid-E68ABF5E-74D1-4243-B315-C5934DA0E2DF,"Enterprise, Subscription"
1601551686,sid-9C5DAAAE-7C08-46E4-9F79-1F8DFDF6C040,"New Service, New Update"
1601551686,sid-B4F47498-8F65-4767-A853-4461EE5B7A9D,"Check client, Request update info"
1601551686,sid-4E196C11-C4ED-44A9-BBE4-1BF2B733D082,"Enterprise, Subscription"
1601551686,sid-31542AB2-748E-4EC5-AD7B-56BEFE3B0BAA,"Approve, Reject"
1602475137,sid-049E8AA2-9656-4B2E-9AC7-B51115C1BE38,"proposition of evaluation, validation of practices"
1602475137,sid-1DE3E132-13AE-40AB-A06D-7D9475DFFB2C,"validation of process, Exclusive_Databased_Gateway"
1602475137,sid-EF9A57FB-BD5A-4C46-BEA6-577A3C3F7E7F,"action plan and change management, identification of non-efficient practices"
1602787351,sid-49090695-2E71-44C6-9811-8CC14D58A6FB,"Approve, Reject"
1603039809,sid-CB298B56-2DD3-4752-A0FC-8FC9F3BA229C,"Q, S"
1603039809,sid-F46DC84B-3B52-4933-9F4B-7211F10A0B04,"AA, AB"
1603039809,sid-4A010992-AAB0-4CC2-A416-3A662936D580,"D, C"
1603039809,sid-08BB6543-ED22-49B8-9F80-AABFECCE9595,"F, G"
1603039809,sid-C732B7F3-3FB5-4D58-A389-2CB52C484318,"J, K"
1603935376,sid-A1EE47F9-D8A2-4CF1-96FD-0B338EB8A68D,"I, K"
1605054492,sid-5CA6FFD1-BD2D-4FC4-82C5-34DCC85858C9,"Manually update inventory, Resolution Center"
1605671907,sid-1596824F-7985-4EB3-AB53-5B788D111C10,"O, N"
1606284011,"meets 
guidelines?","meets guidelines?, Verify the RFQ"
1607341144,Items in stock?,"Items in stock?, Order requested items"
1607341144,QC approved?,"QC approved?, Retrieve item"
1607341144,"QC 
approved?","Portion meals, Collect items"
1607594332,sid-0647DFD2-0DB5-4B08-BB2C-3A9637A0C031,"Check if Project is external or internal, Finalize Project Deliverables"
1607594332,sid-440369A3-3E0B-43B8-A703-45D2BBD651AE,"Contact client representative for requirements, Check if Project is external or internal"
1607625746,sid-736A8D79-F51E-482F-9D24-31F6601F1B84,"H, I"
1607876896,sid-3569685A-321B-4460-B63D-B79B54850C01,"Solve problem, EndNoneEvent"
1608502873,sid-3F3B13C5-A77C-4F65-8680-7ABDCBECF5EF,"D, C"
1609760886,sid-C9DF409C-3240-4EBF-B431-B8A72737E922,"Symptom & Diagnosis (R2), CT scan (R4)"
1609760886,sid-9041D406-B488-4E36-825D-CF8EAC80A9FD,"T5: CT scan, T6: Therapy B"
1609760886,other complication?,"other complication?, patient has contraction"
1609760886,patient responding well?,"patient responding well?, T23: brain surgery"
1609760886,complication?,"complication?, T31: Monitor patient"
1610069454,sid-48D8D418-517D-46FB-86E1-629723FD35FF,"K, W"
1610069454,sid-B70F5611-9DA3-478E-ACDC-B300C7B61E13,"AF, AC"
1610069454,sid-103C0910-11AC-4AC0-8985-0FF95A5CF49F,"AD, AE"
161054553,"pricing
and terms
Satisfactory","Submit Purchase Order, Inquire about availability of products"
1611233750,Fees required?,"Register process seminar results, Create purchase request"
1611233750,Purchase request approve?,"Notify rejection, Approval Notification"
161187916,sid-F635BC9E-ADB5-4D3A-BBE2-16B38BDFEA0E,"Create Purchase order, Check if in stock"
161187916,sid-F5585C2C-BFCF-4896-AD41-86739F69EA01,"Reject Purchase order, Review Purchase order"
1612093645,sid-FA33DEE7-AD49-433E-AE0F-7A18E9A6806E,"Back to Production, Seal script in bag. Store bags by ordernumber near pick-up"
1612854546,sid-E652D2AE-A0EC-46D9-9204-794BE811E823,"Construct Purchase Order, End"
1612854546,sid-43EB15A3-EF88-436A-9E3F-A01FDA5C998F,"End, Send Reminder"
1613511115,CV,"CV, CF"
1614339277,sid-9F005C36-2CCE-4503-8337-FF6D3E3E527B,"B,"
1615007141,sid-C1934599-A063-4A83-9954-AE34FB7B05FA,"V, "
1615007141,sid-A6EA26DC-53AC-4CC5-9C7E-C339D975ACDC,"W, U"
1615007141,sid-2E7B58E5-E8D8-4FB0-B039-0834BB9BE4FD,"X, EndNoneEvent"
1615007141,sid-73780478-413B-460B-990F-F0BF4FBFF8E5,"A, "
1615007141,sid-148ACC48-3017-4EA2-B70A-99EA43D07878,"Z, AB"
1615007141,sid-A26B6A52-5006-499A-BF8A-4B58C0BEF27D,"IntermediateMessageEventCatching, IntermediateMessageEventCatching"
1615007141,sid-88487793-F7E5-4E44-B3A1-5CE8F5F36D63,"Based on the provided information, the output is: EndNoneEvent, IntermediateMessageEventCatching"
1616155608,service request?,"Request Fulfilment process durchführen, incident priorization"
1616155608,major/VIP incident?,"major/VIP incident?, pre-defined incident?"
1616155608,found solution?,"Kunde informieren, incident escalation"
1616155608,pre-defined incident?,"major/VIP incident?, modell ausführen"
161624596,sid-819D60BC-4962-497A-BB68-268B5604AEF2,"Notify Requestor of Approval, Notify Requestor of Rejection"
1616489573,sid-9D51EF6F-EA68-4C1B-8E1D-3947E775C58A,"I, J"
16184396,Is correct?,"Is correct?, Incorrect"
1619106656,sid-4115EF1B-C81E-4AC3-9CED-F3E500822CBF,"Farm, Distributor"
1619279321,sid-781E9698-95CD-4BC8-80D1-E1C147AAF2F6,"B, T"
1619279321,sid-E1C8B3A7-4E38-41A8-A762-559D9A6F3875,"E, H"
1620631400,sid-9C3A04D5-E6F3-49C1-A6E9-B6C8831FD496,"Passenger not cleared, Passenger cleared"
1620631400,sid-AFCBD418-1BFA-4407-B5D1-298B4E2AFA93,"Disallow passenger from continuing, Allow passenger to continue"
1621314749,"AS-IS models 
approved?","Collect feedback & modify models, Review models"
1621733577,sid-C666711F-7819-472F-9B00-515A4E9EE4EB,"Accept order, Order rejected"
1621929425,sid-E7324F12-F1D4-4EAE-A3D3-48D288B18E45,"sid-E7324F12-F1D4-4EAE-A3D3-48D288B18E45, S"
1621929425,sid-ADD09A23-E43F-4363-B40B-DEB023DC8AD5,"AK, V"
1622001194,"glossary://51395bb3787841948d40ddbeba06abf2/Is there
Financial
Impact;;","Open EMS, End Process"
1622001194,"Is the
Resolution
Known?
","Fix Issue, Check With Vendor"
1622001194,"glossary://37756830a59249aa9b26152375343da9/Does 
Vendor
Has a 
Fix;;","Failover to COB, Fix Issue"
1623008546,sid-98672240-36DA-43DD-95BC-20B021F27F17,"B, G"
1623008546,sid-D3D5CC90-B300-4408-BBAB-53DE5BD908C7,"G, F"
1623143407,sid-E2186E02-99C1-4E7B-AF83-E0E7394F9C00,"shrinks the database, writes a log record entry"
162334880,sid-07239E9A-FCB5-493B-B683-ED410189BD1B,"O, P"
162334880,sid-D958FDCE-8258-462A-B41D-04CBA119B6CF,"C, M"
162334880,sid-A97E1593-8DE9-4FC6-9FF9-31AB9FD420D5,"AD, R"
1623621406,Part in Stock?,"Part in Stock?, Customer Wants to Proceed?"
1623621406,"Part
Criteria
Sufficient?","Inform the customer of cost and stock status, Derive the correct part to order"
1623621406,"Customer
Wants to
Proceed?","Part in Stock?, Inform the customer of cost and stock status"
1623862756,sid-3103490C-A0C1-4EB4-B548-E8985F3F5C0A,"Find a solution, Process Response from Pit"
1624312323,sid-EDD9792A-F514-4B87-A3D5-0884337A5A89,"Gateway names: Successful Task, Unsuccessful Task"
1624817616,sid-7BF9C045-48C1-4E65-9F9C-00A9CFD6F445,"X, Y"
1624817616,sid-2CF19B89-40E2-414D-BD28-372AB37BF9AA,"sid-2CF19B89-40E2-414D-BD28-372AB37BF9AA, Z"
1624817616,sid-2449504B-08CC-450F-87E8-DAC751C89D8A,"E, AZ"
1625015381,sid-68EAAB4C-7DF1-453D-9AE8-77D6A54E0E0C,"G, F"
1625015381,sid-AEA71E2B-1E04-4F6C-9738-0F82DDEBFBDD,"Exclusive_Databased_Gateway, Task"
1625015381,sid-FB488345-606C-4452-9516-ADEC62489CA9,"AN, H"
1625015381,sid-62C1E1CD-1921-452B-BAF9-8FB8B9B29DF1,"EndNoneEvent, EndErrorEvent"
1625015381,sid-76CD07AA-5E3F-4EBE-97F5-9C08B9DE372B,"V, AF"
1625015381,sid-82AAEE28-B51E-4D9B-B46D-0CF3B4DB8383,"X, W"
1625015381,sid-E83E6015-2F67-47DD-BEF7-C61099D5981B,"EndNoneEvent, EndErrorEvent"
1625015381,sid-B925DD83-774F-4983-962D-C0864F8605A4,"I, AN"
1625162794,sid-C96207DF-B666-4A27-9114-E613E1466F1F,"Reject application, Send relevant material"
1625317070,sid-CCF19DF1-4F35-469A-A7E7-95D6F64B89B2,"Enter required information, Decide to continue"
1625317070,sid-82404C81-F34E-48AD-ADBB-D23211CBBC78,"Cancel Process, Re-try login"
1625317070,sid-022F4CB4-17CE-4F99-B641-7A785611B2C0,"Display error message, Ask for the minimum information required"
1625317070,sid-1F19ACD6-94BC-456F-8B77-A2256DA09DC8,"Display information in the site, Check if terms and conditions accepted"
1625317070,sid-6A2B34F7-5343-42DF-A5EA-145CDFF5053E,"Display login screen, Display list of sellers screen"
1625317070,sid-75038611-57EA-402C-87F9-3A8F96BAF7DC,"Display Brief overview of all business for sale, Display Deed of confidentiality screen"
1625317070,sid-547C0500-B9F3-45C9-861A-41A97B25F756,"Show detailed description of list of sellers, Display Deed of confidentiality screen"
1625317070,sid-75AE733D-9B0C-423E-BA60-DD9A840802DD,"Ask for a brief overview of all listings, Ask for a deed of confidentiality authorization"
1625338078,sid-36893AC5-038D-4236-A568-48F0EAD0444B,"Assign penalty points, Check process model"
1625338078,sid-003D802F-8790-4967-82F9-28F60EF27EE5,"perform work according to the role, Present the project"
1625792937,sid-48EEC27B-4AE2-4CAF-8E27-AB7FC62177C6,"Delete player from waiting bag, EndNoneEvent"
1626493539,sid-DA1FB3CB-F5D1-4E8C-AB13-5CF71DA13D42,"M, R"
162709676,sid-4212B45A-080B-4C10-890B-FFAE185AD4EC,"AE, AF"
1627204226,sid-80A5CE56-FF39-42C4-8597-89D3B1DC16B3,"Prepare quote, Invalid plan notification sent"
1627204226,sid-3BD08F04-A3CB-4713-949B-75FCFE42FAB3,"Applicant notified of rejection, Check modifications to natural environment"
1627391600,sid-6607CCB4-19A2-4D44-98D4-99250D29B5FF,"K, G"
1627522537,sid-AAE1D479-5B93-48D4-B18F-C73E4968F1E6,"I, Exclusive_Databased_Gateway"
1627522537,sid-7D7475EA-C366-40B3-B790-0B7BCFB3CE04,"sid-7D7475EA-C366-40B3-B790-0B7BCFB3CE04, sid-AnotherGatewayName"
162758182,"Meets 
Guidelines?","Meets Guidelines?, Verify the RFQ"
162940910,sid-B9C6ED5F-D5C4-4BF8-B71D-9D5C5F006B98,"Reject the request, Allocate system resources"
1629734057,sid-6611D452-5847-44FD-B4D2-8804A56C14E3,"Register loss, Check order"
1629934095,sid-2C05BE37-8026-49EB-8D0D-8398681DF538,"Based on the provided information, the two gateway names are: EndNoneEvent, EndErrorEvent"
1630308523,sid-CBA6BD0A-C549-4469-897B-661C97953942,"C, J"
1630362363,sid-AFAA07CB-35D1-4425-9D96-E093E4E32DE6,"Successor Task, Successor Exclusive_Databased_Gateway"
1630362363,sid-F2B84501-1115-4C71-8F88-7BBE20939814,"Task completed, Task in progress"
1630362363,sid-51AA256F-714D-4CE1-A0D4-12190150DDA7,"Core Process 3, "
1630362363,sid-AA4B517C-EC8C-4831-AB8A-5A367F1A3D26,"Exclusive_Databased_Gateway, Task"
1630362363,sid-B0ACDDF8-3760-4415-9F5F-6B8659568A12,"Core Process 2, "
1630362363,sid-5078266E-9BA2-4596-AD91-AF835FFA6015,"Task, Exclusive_Databased_Gateway"
1630362363,sid-9938BCF7-C0A6-4EB6-9270-1E28937A6DF2,"Task, Exclusive_Databased_Gateway"
1630362363,sid-82A8C4B0-76E5-4149-B25F-92F672860D40,"Exclusive_Databased_Gateway, Task"
1630362363,sid-140238BA-A67F-429D-A1B6-E573DFDBE62A,"Exclusive_Databased_Gateway, Task"
1631590791,sid-11E1AA40-9BB2-4A7C-B2D7-837E36B05641,"R, Q"
1632816651,sid-5F8471C8-4C3B-4DF8-8F8B-0B82F79E110E,"BI, EndNoneEvent"
1632816651,sid-1DEAD2F3-5CA4-4948-BE31-570FFA44B51F,"BR,"
1632816651,sid-1EE26C00-129F-4ACB-9CFE-262097E35E80,"CU, CO"
1632816651,sid-759282C1-C6A3-4C16-B0EC-FDFDFEFC68D0,"CV, CS"
1632816651,sid-47AE1FD0-55B8-4E02-ACCE-A9E2C33DA3F3,"EndNoneEvent, IntermediateTimerEvent"
1633446803,sid-054035AF-79FC-4B17-B828-A45D0C0C54E1,"H, I"
1633481094,sid-25E25636-8142-4441-9E3A-E357F7198CB3,"Ticks the relevant box on the invoice entry form, Send to client via postal mail for completion"
1633481094,sid-26EE5493-02B9-4301-B99B-3F2AAF8023D7,"Check if SLA for client is recognized, Another Gateway Name"
1633481094,sid-CB6B2AB4-24A9-4F8D-A523-E030A86541BA,"Puts a red stamp on the invoice entry form, Exclusive_Databased_Gateway"
1634051895,sid-2372B129-AA23-40EA-AC07-A558ED7AD03C,"D, B"
1634218458,sid-2999B13B-BC0E-4A4A-9646-EB343B8A3435,"Create Purchase Order, "
1634379825,sid-71BFFDC5-D847-4384-9567-A03622094919,"Calculate Credit Rating, Order Missing Documents From Customer"
1634379825,sid-77E7D6F1-69EB-4429-97D9-451D67772F88,"Check Approval By Supervisor, Check Approval By Accounting Clerk"
1636172446,sid-19E9FD6F-18B7-4F97-B34B-AC787C26DCE3,"D, E"
1636296516,sid-12F0C4A1-C247-42C8-88E9-D1802A20DFEE,"consider the price, accept"
1636477659,sid-5551885D-A4D3-470D-8354-384621D278B2,"Book returned, Notify Customer/Librarian of Theft reporting"
1636477659,sid-D750256E-B81B-452B-B5E1-0A8EA853ECAF,"Confirm to BPR, Confirm to CDA"
1636636277,sid-91566F2E-FDDE-45B9-8ED9-165002B514D4,"Receive Packing Slip, Receive Invoice"
1636636277,sid-D1892A84-F14A-47EE-BA94-B60D0303BF67,"End Process, Create Purchase Order"
1636636277,sid-1AD9503D-5C30-44F0-AB19-2B875E203C0E,"Rework Purchase Order, Reserve Funds For Payment"
1637460047,sid-2FD3AB66-DD87-4C77-8FFC-0177057804F4,"Book displayed by format, Book displayed by category"
1638393491,sid-9D0CA1B7-EC02-49E3-A905-4B2AF75BA2D3,"Schedule Inspection Time, Acceptance of Entry Condition Report"
1638393491,sid-C98FC278-FCD5-43AE-AF55-C2833F00EFA4,"Fill in Discrepancies, Review Entry Condition Report"
1638393491,sid-8D7B7FE5-C1EC-4D67-8662-320CFE547DBA,"Inspection Time Notification Received, Acceptance of Entry Condition Report Notification Received"
1638393491,sid-0713F6EE-2138-4EFF-9BDF-22A1395AF398,"Proceed to Electricity and Gas Connection, "
1638393491,sid-3CB865F4-3395-4E88-81AE-B8F8431FC3D5,"Proceed to Teleco Connection Page, "
1639076518,sid-3B03F8A2-74E3-4B78-9802-FED8DF797A7A,"W, X"
1639076518,sid-25D03337-54D3-45D1-8689-02214959EA24,"AC, AD"
1639076518,sid-04D163CC-3F2F-4DC5-808E-BF4FFF0AF335,"C, D"
1639076518,sid-9052AE14-2CA7-4A18-BA80-FAE6BF1A17F8,"M, N"
16392699,Partial or Full Order Rejected ,"Send Invoice, Credit memo"
16392699,"Credit memo
","Credit memo, Partial or Full Order Rejected"
1639962882,sid-9DC81118-65BB-4B1E-A083-CD820D8ECA91,"H, I"
1640128993,sid-43E3D7B5-3CBF-49E2-8E05-8980EC17F7E2,"AB, AA"
1640128993,sid-C338564F-BB86-4C70-8AF0-4C92C2D7CA33,"I, AG"
1640714388,sid-7B2C077A-44C2-491F-ADF4-873CD11050DD,"C, B"
1641451466,sid-3328087F-F464-4490-8AA0-1AF14E407345,"J, R"
1641451466,sid-BF9CADBD-58A7-4A7E-A722-57D24E7E1E7C,"P, K"
1641451466,sid-C3BD8F81-4FF1-44D0-A7B7-6270F295B627,"L, N"
1641451466,sid-6E7EA24F-0FC6-4134-9BE8-2080C752CEF6,"M, Q"
1641710876,sid-C4A9EEA6-58D0-4998-85E0-23913C095E6E,"E, "
1641710876,sid-F12BCF13-0248-4770-8E5B-99EDB6EAFD0E,"S, M"
1641710876,sid-2DF03D52-1F62-4162-B973-794DCA29F99F,"N, P"
1641710876,sid-20875482-09DE-4721-84E5-6B1EB6CAE516,"S, G"
164335709,sid-DD2AD76E-A780-4EED-81AD-11E0BA71355C,"O, Q"
164335709,sid-AC429196-F52D-46EC-8313-C87B3FEB53D6,"G, S"
164335709,sid-C121218B-A4AC-46AC-B5EA-6F407B9ED4D8,"C, A"
1643446603,"PS hours
signed?","Signed PSH, PSH received"
1643446603,"PS hours
approved?","Approved PS hours, PS hours received"
1643475990,sid-2E623DB2-56B0-4DFA-AA1A-EBD2EFF13C6C,"D, A"
1643668500,sid-124B33DD-2527-4CC8-A941-FC2D47C1CA38,"K, CollapsedSubprocess"
1643780963,sid-9F85A9D4-14AC-4435-95E3-9D7FB2C8584E,"A, C"
1644110715,sid-FB1ED446-10D2-4C56-BF33-54C93A9849B1,"InclusiveGateway, Exclusive_Databased_Gateway"
1644199692,Is it possible to serve the order?,"Is it possible to serve the order?, Find the nearest warehouse"
1644226000,sid-602A7039-5059-4BBE-9FDC-F171AE1F17D7,"S, R"
1644507643,sid-AE222BFA-5F08-4679-A0C5-007BB10999B9,"reject order, accept order"
1644507643,sid-4E37AFBA-56B0-4233-A984-C69DD9B02ACE,"reserved, back-ordered"
1644584306,sid-9320557F-0695-413D-85CB-088AE944F763,"Revise Tuition Fees, Check Census Date"
1644930779,sid-8607B1A7-29AD-4437-819E-29ECC8323FC1,"P, R"
1646137637,"Material
OK?","store the materials in the right location, Problem Reported"
1646541622,sid-5291E0C5-530F-4286-A33A-60A858A8A316,"Bus Banking, "
