Model ID,ID,Gateway Names
1288516525,sid-784CC979-7E06-4B95-8A9C-5BEBD05A2538,"Create a new vendor master record request form, Exclusive_Databased_Gateway"
1288516525,sid-050574F7-47BC-43DE-95E1-DF0B50913699,"Puts a red stamp on the invoice entry, Check invoice urgency"
1288516525,sid-CFC9C978-C922-4E85-B717-0648FA26232F,"sid-CFC9C978-C922-4E85-B717-0648FA26232F, sid-CFC9C978-C922-4E85-B717-0648FA26232F"
1288516525,sid-706FD334-42CB-4637-809F-24BFAA4101F8,"Return invoice to client, Checks the completeness"
1288516525,sid-C37A9B1D-BA7F-47DC-B7ED-4F7F0019E9F8,"Sure! Based on the provided information, here are the two gateway names:

Gateway_1, Gateway_2"
1288516525,sid-226FBA20-0EFC-42B1-965C-A2BDBA6CA0AF,"Send Second Reminder Letter, Send First Reminder Letter"
1288516525,sid-E5935D90-9F51-430C-A8BB-F65591C0125D,"Staple invoice entry form to front of invoice, Sort Invoice"
1288516525,sid-4ABA5735-5863-4E82-A2FB-2FB658CCE3B8,"check the box ‘invoice entered correctly’, Highlights error on the invoice entry form"
1288790214,success,"storyboard meeting, End"
1288790214,review neccessary?,"marketing reviews draft, content initial draft"
1288790214,approved?,"approved?, not approved"
1289094085,sid-78A6F546-C594-4E51-B3C6-F8E4652F376F,"Return request back to employee, Sign request"
1289094085,sid-4866B622-CA17-4C21-A361-4C42408FC314,"Add quote, Check request completeness"
1289094085,sid-8BD626BA-4A3C-4AE3-93E8-535FEFFA5C8C,"Sign request, Return request back to employee"
1289094085,sid-B6E92840-4E82-4BE8-975B-EA4B48F2ECAB,"Return request back to employee, Enter request into the Enterprise System"
1289094085,sid-7EB150AA-6A2A-4C76-B412-62F8925F6C81,"Select vendor, None"
1289094085,sid-1926319A-81F0-41E0-BC71-44BCB9E96654,"Request update, Check if quote expired"
1289094085,sid-53BAD9EA-14EC-4125-921E-B667C25540A6,"Approach other vendors, Generate fax"
1289094085,sid-A3DD917A-AC2D-4640-A697-309D9260DB7A,"Return good to vendor, Insert goods receipt form into Enterprise System"
1289094085,sid-B4730933-8502-40F9-B427-FE0F56F863D8,"Investigate errors, Exclusive_Databased_Gateway"
1289094085,sid-0D766F0E-244B-4C81-9267-B11F045042B7,"Send payment notice, Contact vendor"
1289094085,sid-BAE62622-AE20-47E6-A0FD-4A94835A4FC4,"Generate cheque, Send payment notice"
128945951,sid-3E6ACD99-B8AF-4866-9082-ECCE6EEB139B,"Cold goods, Warm goods"
128945951,sid-8393B7BB-8C29-456C-88C0-6EF1FBFF3D36,"Checkout, Cold goods"
128945951,Canceled?,"Canceled?, Check order"
1289598486,Result?,"edit 2nd level ticket, Send mail to account manager"
1289790962,sid-2F1E7973-EEA9-44B0-AF9B-C349BF4AAF26,"F, E"
1290108879,sid-231DBC64-6BE0-4BEE-BF8F-A8AD940440F5,"Notify Claimant, check claim"
1290108879,sid-2D3A5CDF-B4C0-4AAD-AC86-505C350B1CB5,"send complex claim form, Send simple claim forms"
1290344057,"PC or 
Laptop ?","PC or Laptop ?, Dispatch, Network or Message or Database or Server?"
1290344057,"Network or
Message or
Database or 
Server?","PC or Laptop ?, Network or Message"
1291042293,"successful?
","successful?, informal meeting for half a business day"
1291042293,approval?,"approval, building for 3 days"
1291042293,"marketing review needed?
","marketing review needed?, preparation for final version"
1291089324,sid-DFD34C0B-20F8-4367-9E9F-9DFD57782C42,"W, U"
1291089324,sid-BA2B70AF-3816-4E5D-9327-A23B4AE3899C,"AM, AL"
1291788614,sid-DEE65166-FA02-4421-A0E5-4DA7F6BE5C24,"Exclusive_Databased_Gateway, EndNoneEvent"
1292112037,sid-BF3B2FA2-FAF7-4ED1-9C9B-8EF1FAA6F9C6,"Q, AJ"
1292112037,sid-10897BFF-81A6-4AC1-AC3B-CABBD6B3AD71,"AO, Exclusive_Databased_Gateway"
1292639067,Gateway,"Gateway, Gateway"
1293097177,sid-A6436E7A-7976-465A-BD8D-3F468EE7D1F0,"Buy equipment, Buy equipment"
129320630,sid-DFB9E37F-3BED-4192-BD48-D35D94BE8511,"Create Purchase Order, End Process"
129320630,sid-58EA2A92-246E-4BC0-8AA2-795865347339,"Rework Purchase Order, Reserve Funds For Payment"
129341472,sid-501A05EB-C02E-48E7-9BBA-30DFC82BBB37,"K, L"
1294399598,sid-96DF41B8-92ED-4980-B2B2-B200F385267B,"Buy, Rent Lease"
1294399598,"Agreement
","Agreement, Negotiate Lease"
1294399598,sid-33B6EBEC-E352-4CFC-8E6A-E3A9AF0DBDEB,"Location and Availability, Location and Availability"
1294628171,sid-9B25E1A7-9216-4F95-887E-A11237BF9728,"A, C"
1294628171,sid-4BAC8593-6E22-4116-9345-EFDA3F777DB6,"AA, AB"
129479000,sid-54B338A6-32BA-4297-A2E7-51DB2878D923,"Enter Gift Code, "
1295502242,sid-6FF8C63B-6DA8-4F63-B9F7-16DFCCB0F265,"B, C"
1295616385,sid-A5A5BD7A-AD25-4279-9E33-BD1D3FCAD235,"L, M"
129589600,sid-350168D0-65FF-4EEE-A186-C8024F952EA7,"BD, BE"
129589600,BO,"BO, BP"
129589600,sid-7ABFEF83-1B4A-4FA5-AD8D-F00BE709260F,"CD, BY"
129589600,sid-01DBE04C-8BAA-469A-8C59-1CC3BCAE198E,"CE, CC"
129589600,sid-B83BDCEC-9C78-4778-AB2F-074E4EC21A09,"Exclusive_Databased_Gateway, Exclusive_Databased_Gateway"
129589600,sid-EE702865-EE94-4CB7-93F8-B2FE1058CB2D,"E, H"
1296415028,sid-1E842D1C-D1BD-4094-BB53-CAC74B771033,"B, C"
1297149028,sid-060D9FCB-FD44-4578-A73E-9B9DCBC91DB2,"Validate client on blacklist, Bad Order"
1297149028,sid-1EDF4887-3A9A-42E8-A3C3-7702D5C7B325,"Bad Order, EndEscalationEvent"
1297149028,sid-6A6AA417-CB5F-4A0C-9B43-E986E7C3E747,"Deliver goods, order status"
1297149028,sid-9C051F6F-641B-4204-ADEB-3DC2BEE3E281,"status, status"
1297149028,sid-B746B13B-AAC7-4E1A-9A5C-418A82A9D2B5,"Ask for order status, Cancel order"
1297149028,sid-62F93908-3E1C-44AA-B063-B4AE87D85CEE,"Ask for order status, EndNoneEvent"
1297512040,sid-60B28DF3-7211-4D90-883D-D982C714A645,"Add to list of external lecturers, Record negative response"
1297713003,sid-0BCEDF48-05FC-4D96-999E-1A8FCEA83577,"Didn't find a course, Found a course"
1297713003,sid-EB46A57D-845D-4284-8964-6B744A7A3AC0,"login correct, login incorrect"
1297775074,sid-40E2083C-2BF8-4A87-826D-D59992E9FE5A,"D, E"
1297803207,sid-129AB564-AAFD-468C-A18F-FD3E19D43178,"R, V"
1297803207,sid-4362E3A9-E083-48D2-9444-EC970B6C7E96,"R, X"
1297803207,sid-80849274-6119-40D4-BA86-EC6C109E0EA5,"B, C"
1297803207,sid-17DA7B30-9D36-43E7-851B-88B59CF6A423,"M, L"
1297806636,sid-7B2C1574-4976-4306-8D7F-F73AFB1081FC,"Installation ok, Solve problems"
1298342378,sid-CEE6EF48-1C42-406E-ACB2-ED1C5120F009,"I,"
1298342378,sid-B5EE1F03-AD87-4E08-BEF6-C9F3846681DA,"J, I"
1298578060,sid-958F09FE-D47B-4505-B1F6-DF4BDB3A7219,"sid-958F09FE-D47B-4505-B1F6-DF4BDB3A7219, IntermediateMessageEventCatching"
1298578060,sid-107E4A5B-2D29-42B3-9D30-F6E62F961F5B,"student uses personal money, tries to find a sponsor"
1298578060,sid-CB3E5F32-19DA-4051-B8E9-CC0D83B0F681,"Remove funds from the travel fund, try to remove funds from the travel fund"
1298921566,sid-878EA25B-5506-41C2-9701-BB822E7E72E0,"A, M"
1298921566,sid-1DE654FE-B64F-4965-8027-2B993A708BBC,"V, N"
1298921566,sid-AE803BC6-1553-41EB-9DC6-849F452EAF50,"W, V"
1298921566,sid-6DA0E019-610D-4155-883F-C9241F2CD989,"B, C"
1298921566,sid-A54443BE-B4BB-423F-A188-ABDCCD5EA11A,"K, L"
1298921566,sid-9E8161C0-3CBF-44CB-B20B-5933870F64C8,"P, Q"
1299092488,sid-6FB49239-41A8-46E7-A2A9-BB99C5937EA6,"Based on the provided information, the two gateway names would be: sid-6FB49239-41A8-46E7-A2A9-BB99C5937EA6, P"
1299263142,sid-29D36ACA-0229-4AE8-8E9A-AE69EE168937,"high stock price alert sent, low stock price alert sent"
1299595724,sid-D8A6B820-1A3B-4440-A694-622711D34E28,"D, C"
1299595724,sid-E0611771-4738-4EAF-A585-74E88B09878F,"G, I"
1299691035,sid-15F38956-93B7-470D-BD5B-B6E9F55BEC84,"Check if extra insurance is necessary, Request quotes from carriers"
1299980741,sid-DF8D3E22-9DE4-4C71-A63E-A7F29705B503,"Email screening passed, Email screening failed"
1300482628,sid-21383E57-11E4-4529-8A1A-081927A9DB52,"C, E"
1301102196,sid-7F4B26BA-0D79-475F-B248-D7630C2A3AF1,"Define possibility of alternative solution, Prepare initial impact"
1301102196,"Is requirement
 complete?","Consult requirement, Define business requirement"
1301331371,sid-0CE9CDDC-388A-4438-B507-B3543FD18B56,"C, D"
1301363008,sid-70CCE441-92BC-4E1C-8C25-93759F05EB06,"O, N"
13017272,sid-AE3BE161-DB97-409C-AF65-90C5626D14A5,"Rework Purchase Order, Reserve Funds for Payment"
13017272,sid-4AA715AD-DE21-42D5-8C7B-2FF2D284F2BB,"Eng Process, Create Purchase Order"
1301770108,sid-B2E6A938-0FA0-464B-8F2A-DB2AE50BE013,"C, D"
1301770108,sid-8696ED91-0840-4466-B362-F93DAF2A3DA0,"S, T"
1302913215,sid-451B3FC8-7F9B-4098-9DD3-9DB14257D65F,"J, I"
1302913215,sid-9CDB94B6-155C-4E0A-8566-6DF53B7A1145,"sid-9CDB94B6-155C-4E0A-8566-6DF53B7A1145, K"
130363964,sid-FAB2BA95-CFED-4882-816E-3BC9618F14C7,"Change design, Integrate with the overall implementation"
130363964,sid-FAD97E18-90B2-4976-9870-924ED3FD64E2,"Test the final website to make sure everything is going well, EndNoneEvent"
1304095516,sid-5CEEEE30-BF97-44A7-A811-F0A21E82CFB3,"K, P"
1304095516,sid-0BA6B972-375C-40AC-87AB-B9AAB05E9F12,"L, M"
1304095516,sid-41F13A5D-1EA3-49AA-A7EE-BDB3A78ED1D2,"Q, S"
1304511654,sid-1094848E-F7BC-4A46-8DB8-C888A25C60A1,"sid-1094848E-F7BC-4A46-8DB8-C888A25C60A1, F"
1305097415,sid-8FD2663A-2E71-41BE-9267-055C918D5603,"start crying, thank SC"
1305255662,sid-D484A118-98DF-4684-9B51-DBC62847A11A,"Fill the script, Reject script"
1306388197,sid-43AD302B-C1B6-41CC-8D3C-44A551A03AB9,"Wants to rent a bike, choosing bike configuration"
1306388197,sid-C9007349-2B2D-496D-8BDE-62FDD27E8864,"Asks for test ride, Exclusive_Databased_Gateway"
1306388197,sid-203EBEC3-7F29-4DD2-8958-87F4A8D8EF19,"takes test ride, reconfigure bike"
1306388197,sid-296670EB-AC48-4861-978F-5F5DF7012B44,"bargain, accepts regular offer"
1306388197,sid-E87271CC-1926-4399-949A-A658812C9F6E,"1 month, ParallelGateway"
1306388197,sid-A5DF32ED-5F75-4B71-AAB8-AAC14ADE1A3B,"offers lower price, Offers payment by instalments"
1306388197,sid-53ABF879-0E4D-4383-8058-0CCAD5125BF7,"Intermediate Message Event Catching, Exclusive Databased Gateway"
1306479654,sid-9321CD7D-A9AC-4CDA-A106-CB17A8BDAAB1,"O, A"
1306549497,sid-B474F685-183E-46C8-A0C8-7DB2433F0FFF,"Exclusive Gateway 1, Exclusive Gateway 2"
1306549497,sid-A94C9148-A9B7-472F-8989-07BC0EA99257,"G, J"
1306549497,sid-66E39765-16DD-4124-B05E-E7C6515B03C1,"M, G"
1306549497,sid-0CAE25DF-C9A2-4E21-B5B5-8AFF251FF459,"O, G"
1306549497,sid-F43A679B-6067-4BB1-899E-4AC25CACD890,"R, L"
130662210,sid-EC26E11B-86BF-41F0-8DDD-BCBF90FE7EE5,"Process Enrolment, Reject Customer Order"
130747201,sid-9E14F43B-0A74-43D3-B3AB-2FD83DDCCC5F,"sid-9E14F43B-0A74-43D3-B3AB-2FD83DDCCC5F, L"
1307664598,sid-3B6BE1D2-12D5-4077-814A-D2004652489A,"C, E"
1307764145,The answer was positive,"The answer was positive, Answer from the carrier"
1307925558,sid-59792933-D036-45A6-BB35-D66CD9B4AC64,"Exclusive_Databased_Gateway, EndNoneEvent"
1307925558,sid-56ECF2E1-4F67-4D20-8B58-153BD055078F,"N, K"
1308569112,sid-E19820BD-477C-4BEC-8194-82A35AD8E333,"C, B"
13086800,sid-202D3780-9A34-466C-9294-9A80468E2F62,"Login successful, Login failed"
13086800,sid-1B218223-2AE3-4445-AFD1-C1BBA479878A,"Act A, Act B"
13086800,sid-79D9A5B4-B89C-4223-A4C9-0888D19FDC50,"Act B, EndNoneEvent"
13086800,sid-FA1F042C-0C3D-43EA-81FD-A295B882901F,"sid-FA1F042C-0C3D-43EA-81FD-A295B882901F, Exclusive_Databased_Gateway"
13086800,sid-D01B4C51-CDDD-4CFC-A9C0-6D10559E3EDC,"Task, InclusiveGateway"
13086800,sid-ECB9F926-14AE-4112-8476-70E025D3E6DA,"Exclusive Data-based Gateway 1, Exclusive Data-based Gateway 2"
13086800,sid-C432535D-F838-4EA5-9F3D-76A6C182F422,"Exclusive_Databased_Gateway, Task"
13086800,sid-83C853AA-8CAF-447C-A045-4E9D3C52D0DE,"Exclusive_Database_Gateway, Task"
13086800,sid-19EFB506-BA69-432A-9CC6-95DA3BA5524E,"sid-19EFB506-BA69-432A-9CC6-95DA3BA5524E, Exclusive_Databased_Gateway"
13086800,sid-0C46D793-7435-45EA-8241-2B16A360D53A,"sid-0C46D793-7435-45EA-8241-2B16A360D53A, Exclusive_Databased_Gateway"
1308916042,sid-D44465E1-DE39-4C59-B38C-F041D7BE1FBA,"process urgent cases first, sort per client"
1308916042,error checking,"return to data entry officer, Change status from Parked to validated in SAP"
1309063378,sid-DBFB68C8-4AB3-44F2-9822-5ECDA3E5F616,"U, V"
1309063378,sid-2FADBA91-2DE5-429F-9759-72C4C7236D14,"B, C"
1309063378,sid-0E2A2BDD-F31B-4F18-AA7F-341D585FBD70,"I, J"
1309090254,sid-38FC1A23-F307-4B70-B7F6-AF72AD674AE6,"End Process, Create Purchase Order"
1309090254,sid-4EDF486C-BA99-4CB7-9F9E-67C894ED5641,"Rework Purchase Order, Reserve Funds for Payment"
1309301951,Publisher or client?,"Authentication, Forwarding the query"
1309301951,sid-D4460804-11D2-42C7-8687-17DF29F6C87D,"Detecting an event of a particular EPC, Receiving the query from a client"
1309448160,sid-BB2809EF-7DCD-47B9-A54D-4DC954A867D2,"F, G"
1309672350,Is The Prodution Rule Defined,"Check For Substitute Product Rule, Prepare Production Line"
1309672350,Substitute Production Rule Found,"Prepare Production Line, Create Product Rule Not Found Alarm"
1309680707,sid-EB6520C8-FC40-4967-B8BF-DB9B943045EF,"sid-EB6520C8-FC40-4967-B8BF-DB9B943045EF, EndNoneEvent"
1309680707,sid-A0AFD8F5-EF90-4C81-99DB-5EF975A57D50,"Exclusive_Databased_Gateway, EndTerminateEvent"
1309763880,sid-301A8B7B-2038-49ED-A74E-64A47834D666,"L, M"
1309993962,sid-5903A607-1E45-408D-8806-883E6D5B617E,"B, "
1309993962,sid-43690535-8CF7-481D-9875-6E05B3EE132F,"E, C"
1309993962,sid-79F7EC4F-5423-43E5-A084-9BB9404FC1FC,"K, J"
1309993962,sid-A4770B2F-177D-4AA6-9657-9DB470D850AA,"N, Exclusive_Databased_Gateway"
1309993962,sid-B0CAFB2E-2236-484F-B690-035FA8183D9C,"P, N"
1310018682,sid-26822654-2727-4E87-B7C7-8DE17176CDEC,"AD, D"
1310018682,sid-09E6E644-7656-435C-9E6D-3FFCB70D3CF4,"E, T"
1310288838,"Time and Cost are 
Acceptable?","Authorize the Repair, Take computer back"
1310288838,"Computer
 Problem fix?","Payment Pick Up Computer, "
1310288838,"Problem 
fix?","Inform Customer, Invoice"
1310288838,"Able to fix
the problem?","Perform the task, EventbasedGateway"
1310288838,"Running 
Fine?","Customer file documenting, Test the computer"
131042056,sid-41CCD7E3-47DF-4B0B-B853-8B9BF22658BD,"H, EndNoneEvent"
131042056,sid-E79BFD1C-FA20-46A7-AB50-0DE13CCDE74C,"I, J"
1310731655,sid-672C3420-378C-42A6-87ED-417175A7B28E,"send requested documents to Uni Assist, send requested documents to Study Department"
1310731655,sid-8494FFDC-BA30-49ED-8AE1-CAB72F4A7AAE,"Application via online tool, send lottery application"
1310731655,sid-EF34C5D0-ECB9-4F42-8539-912DBCCFC17C,"formal and legal review of application documents, register documents and make a pre-check"
1310731655,sid-F38A6335-2E9D-4ADE-99DD-A1CBAEA12417,"inform applicant that application is invalid, mark the checking"
1310881958,sid-B5F7863C-3D29-42FA-9C86-6698BE7E6427,"Invite and conduct applicant, Search Talent Warehouse for internal applicants"
1311087871,sid-C047FDFD-C21B-4A19-977A-5E22532D5969,"J, U"
1311288946,"Purchase
Decision?","Send Purchase Order, Analyze Quotation"
1311731304,sid-47E5B8F3-6B32-4419-ACEB-40FC53B09789,"Offer accepted, Analyze offer"
1311731304,sid-F5808473-8D08-41BE-BC58-63E247F30610,"Rework offer with new data, ParallelGateway"
1311731304,sid-CD46B233-A1FD-4B5A-8918-D25BE8AAD420,"Publish offer, Do not publish offer"
1311731304,sid-FE130B4D-59F6-4C43-B004-07CDF573C9C0,"Identify financial limitations for new offering, Create new competing offer"
1312704923,sid-E4D32AD8-986F-4AC0-8F4D-A3FF1D4E9058,"Close the project, Decide on whether to continue with the project"
1313145225,Data Correct?,"Registration Error, Verify account availability"
1313145225,"Account
unavailable","Create New Account, Registration Error"
1313145225,sid-ED2D509F-3C75-4C6A-819F-C6679E2CAC9B,"Add New Issue, Analyze Proposal"
1313145225,Correct?,"Verify Proposal, Form Error"
1313145225,Is OK?,"Is OK?, Verify"
1313145225,"Is voting
required?","Schedule preliminary voting, No voting required"
1313540764,sid-4154CD6B-0425-4CE5-97E6-4B1F23A00321,"Accept order, Reject order"
1313540764,sid-C752110D-622E-48C1-BE06-7300BC85DFE5,"Back-order part, Reserve part"
1313540764,sid-E906E41B-4970-49AC-8E35-547897CEDC64,"Part list processed, Process part list"
1313724278,sid-39FB4264-C9A5-4157-BC6E-47C3F09B4B51,"AQ, AP"
1313724278,sid-2BC85DE8-1979-4B65-BEA3-C38EA3E3CE20,"AM, AR"
1313724278,sid-D32BCF98-5261-4D1F-945D-3FF9CDE701C0,"X,"
1313724278,sid-518E8978-991C-4C4E-8537-4412A7B3A346,"Z,"
1313724278,sid-A02FC57E-FF3C-4D70-B6D9-AD877BCC8C34,"AC, AB"
1313724278,sid-453AE8F0-AC90-4AEC-9348-9F72D2BAAF50,"AD, AE"
1313724278,sid-BD290564-0D95-4708-82A2-359CDD2B5FFC,"AI, AD"
1313724278,sid-784F9C18-F43A-4D15-94FF-D0847EE16D9B,"AK, AL"
1313724278,sid-E4901B15-2DD4-46C2-A578-CF06DB270923,"AG, AD"
1314122988,sid-00C615BD-BE3C-44D7-9D63-158C2A805762,"Client's request, Request from CM"
1314122988,sid-1E11DF28-36A2-4920-A032-94F2A34C0AFE,"CM's response, CM requests for more info"
1314122988,sid-A5B776C0-1DA7-4A8B-91D2-A751902F077C,"Client finish or abandon, Offer more info"
131466401,sid-2CC47535-03AF-49FE-A75C-DBDFFEC0B53C,"K, T"
1314709428,sid-B9FB6075-67BE-4B06-9D7D-3CC9561BCF34,"manual booking, automated booking"
1314709428,sid-7963B80D-52D2-4C69-AFF0-686236F3C725,"ParallelGateway, Exclusive_Databased_Gateway"
1314709428,sid-ADB0347B-0115-4738-8991-8791186EE6A3,"ParallelGateway, Exclusive_Databased_Gateway"
1314735888,sid-8DD3EB45-D654-457C-8838-EAC107E65F54,"Bike Configuration, Intermediate Message Event Throwing"
1314735888,sid-E77F1408-089F-4D9B-B5BB-CB726E2C537D,"Bike Configuration, Test Drive"
1315254708,sid-C01347A7-AA6A-4116-AE63-A17D5F2FFD80,"W, X"
1315254708,sid-31720233-2872-495B-923D-9B032BE80D61,"Z, "
1315254708,sid-5E7E7BF5-F3A5-43D4-BFD5-61E3ACBA3415,"AW, AX"
1315436419,sid-F32A13EA-C4FD-4BD7-9810-FB87DB351DC5,"Check marketing need, Send to Admin"
1315436419,sid-75BD0947-D79D-4147-893A-695EC6BCC451,"Check Admin respond, Send to Marketing department"
1315436419,sid-5C88F57B-7858-439C-894C-255EE33EC6A4,"New update, New service"
1315436419,sid-C63D427C-1454-425E-A1BA-E18691E38434,"Reject, Approve"
1316132883,sid-23C5A05B-B091-404B-8397-414353D8D99C,"P, S"
1316132883,sid-AE1711AF-D707-4DD5-9109-BCAC73602536,"Q, Exclusive_Databased_Gateway"
1316995171,sid-CF9A3048-D5D9-40F4-A819-76486525996D,"D, E"
1317118993,sid-34F60EBF-7362-46F7-9E31-B032220CC140,"O, N"
1317118993,sid-1EF521AE-1DDF-41C0-939B-1AF5A7B3E1CC,"Q, R"
1317261593,sid-FA01F3DF-A367-43DE-B631-881F1E6BFC1D,"C, D"
1317779258,AX,"AY, BB"
1318050031,sid-C31F7EA3-7588-4512-B34B-33FC32CCBC4B,"Prepare customs, Checking customs"
1318050031,sid-C0D0601A-A5DD-40FE-8015-5FD12E12ED38,"Changing based on requests, Doing rehearsal and takes"
1318050031,sid-1DCDC1EC-F118-4129-A784-C330F0CF20CF,"Exclusive_Databased_Gateway, Task"
1318836402,sid-364FA873-06F1-4FE9-B557-FC1B3C1AD165,"take coke out of the fridge, look for coffee powder"
1318836402,sid-39577F2A-0B0D-4D99-ABDD-30000B0E1F6E,"fill water into the coffee machine, put powder into the machine"
1319749431,sid-FB63B9B0-EE41-4C2F-9308-4CE802A269D5,"E, D"
1320189746,sid-2325D0C2-9D1F-448E-A7F8-4A76FA352916,"Work on Project, Defend the project"
1320189746,sid-F4ED29DF-6E23-4160-B80A-30E802DE5B0B,"penalize, Extend the process"
1320611480,Letter complete?,"Telephone Call, Archiv Letter"
1320611480,got Information?,"Archiv Letter, EndNoneEvent"
1320611480,member? yes/no,"send denial, Stamp Letter"
1320618746,Vehicle available?,"Vehicle available?, Determination of transport vehicle"
1320618746,"Destination
warehouse?","Update IS, Place shipment to branch office"
1320763470,sid-773C5BCB-C1F9-42D9-92F4-1AD490DCD7CB,"notify rejection, notify approval"
1320957814,sid-6889449F-DC18-4DA8-BE4F-700B84FDA64D,"CP, CQ"
1320957814,sid-03936D13-5D48-467F-9C42-DA08BA440DD6,"DB, DC"
1320957814,sid-D668720F-4B31-4C0E-A4A9-8630C3A410C1,"BQ, BO"
1320957814,sid-09BBECCE-784E-49E3-9172-7A424F0F0BE4,"BV, BU"
1321426772,sid-567A95BF-9BC5-405B-9CEF-2CFECBB22A47,"Approved, disapprove"
1321666393,sid-37578C12-A770-4227-A2F5-3DBF0A26C45A,"C, D"
1321666393,sid-6467CE41-4862-4FCD-87D5-BB519DF4CDF3,"sid-6467CE41-4862-4FCD-87D5-BB519DF4CDF3, H"
1322553360,sid-F25127EB-6EC1-43E2-B211-BF072C3E4E8A,"J, I"
1323441281,sid-12180AF8-46CC-4561-830B-8F6611DCE7A4,"I, J"
132344192,sid-3E467B16-F2E7-43B6-ACEF-63B761054843,"B, C"
132344192,sid-E420D2D5-199E-4C56-B595-ACBFBB672779,"C, D"
1324367532,sid-61EAA0C3-5CE9-41D5-9CDA-FD98F468054D,"B, C"
1325538128,sid-B568EDB4-851E-408D-851F-53AB975458E3,"select Baggage requirement, Exclusive_Databased_Gateway"
1325538128,sid-EC5718EE-CC9B-4F52-8978-D51AEC36BF7D,"Print e-ticket, "
1325538128,sid-0413FE2F-A19B-49DF-A0EF-52F1BC931037,"Display message ""Change search option & try again"", Exclusive_Databased_Gateway"
1325538128,sid-4AD79C65-AF9A-4A20-B8CE-935EB593FACA,"Notify customer of rejection, Show payment confirmation page"
1325577451,sid-30042518-4BD3-481A-A27A-3C1413F8B07C,"C, D"
1325577451,sid-C3109AED-964F-446E-ACB8-90C942F552D2,"K, "
132632983,sid-B0833D81-531D-457D-AF10-F482BF741E7C,"Put in high priority outbox, Put in outbox"
1326407742,sid-A475D2F2-0821-486B-B63D-550BF5B08336,"N, T"
1326635821,sid-DBF11337-E532-4C17-897D-D225BFB1D8F8,"Calculation and Payment of Duties and taxes, Inspection of Goods"
1326647905,new report request?,"new agent request?, analyze incident"
1326647905,new agent request?,"closed incident?, new report request?"
1326647905,closed incident?,"closed incident?, new agent request?"
1327142924,sid-67006A5F-78B6-43E0-A29A-CA67400B47C2,"H, I"
1327142924,sid-A24DC833-88C4-4BCE-B81B-2C3D33946475,"J, A"
1327142924,sid-B4106E69-CA32-4350-AA46-64DDB1338279,"J, D"
1327224296,sid-6E60DD20-A0DC-42F2-AEA2-2EF4848E1ACA,"Q, R"
1327224296,sid-4089CD73-3E4B-4270-B817-0765436EA0F0,"Start Message Event, Intermediate Message Event Catching"
1327234604,sid-A02B9E5D-C32D-4B82-A5EF-4ACD569F5056,"Exclusive_Databased_Gateway, Exclusive_Databased_Gateway"
1327234604,sid-238A0EBC-7A16-424E-8EF7-C944DB372B67,"C, I"
1327249572,sid-17D29DEF-1BA8-4935-90B8-474472EF3CE2,"Present offer, Request address"
1327637172,sid-0151829A-AD65-488A-B756-11B380453124,"F, D"
1328025354,sid-B6977250-35C1-4B17-8164-D94C414FD6F7,"Create Purchase Order, Check Inventory Level"
1328025354,sid-0CEF38B6-EBBD-477B-B440-E528D29CAD85,"Purchase Order Approved, Purchase Order Rejected"
132836878,sid-EDED420B-1714-4B97-8328-8E936E1B77E3,"AL, Exclusive_Databased_Gateway"
132836878,sid-2A37F8AE-3D46-4FA9-95FF-7DDF6C0B981A,"AN, AO"
132836878,sid-81489B36-1012-4014-AA16-EBC4209C9A24,"E, F"
132836878,sid-55AA111F-BF84-43CD-827F-FAE746C32867,"H, I"
132836878,sid-A0C3762B-7057-4229-9D52-1B2765F763C7,"M, L"
132836878,sid-671E1E2D-03CD-476F-80B4-B9D22B493C30,"N, M"
1328726571,sid-2EBD8FAC-45F7-488C-A1BE-6595D6062780,"Send a referee report to complete, Exclusive_Databased_Gateway"
1328726571,sid-05F7E452-4454-4AE5-B251-6C9AD1683423,"Send to archive, Exclusive_Databased_Gateway"
1329999614,sid-AAC4B369-647C-45BF-8E2D-3DA24B55F448,"Referee Form Completed, Exclusive_Databased_Gateway"
133013776,sid-D346982E-C17B-4C48-8506-1E2AB26D4A04,"E, G"
133013776,sid-F51E4828-D83E-4A2D-91A3-E6008F785F57,"L, U"
133013776,sid-FC7A25FC-39BD-4D85-8036-1508AD6DF5F8,"L, M"
1330192871,sid-C11AC32A-14A0-4331-B0A9-1A41112B9660,"I, Exclusive_Databased_Gateway"
1330192871,sid-C918177B-C75A-43C8-804A-D1472D4356BF,"F, Exclusive_Databased_Gateway"
1330498622,sid-5266E8FC-1BAC-4D0A-8807-E7109FB93113,"Reject Application, Approve Application"
1330498622,sid-A2EE856A-D030-4BAA-95E0-AB9E4B0E776A,"Approve Application, IntermediateMessageEventCatching"
1330498622,sid-BC465310-41FC-4455-B273-5DEE68034D21,"Submit Application Form, Exclusive_Databased_Gateway"
1330498622,sid-D4591DB3-DF05-4F8B-980C-824A5DF40074,"Disagree with Agreement & Contract, Agree with Agreement & Contract"
1331551808,sid-EFD9B1FE-E540-4D6B-818A-865750CC3D0C,"W, X"
1331551808,sid-2F09DF70-2E9F-48D6-9679-9675A28C5CA6,"U, ParallelGateway"
1331551808,sid-FC82F33C-26B8-417B-A0E7-C4F5FC055FAD,"E, D"
1332081410,sid-D46BC653-BDFF-46F5-B9FA-85FA1F5C3FF2,"AS, AW"
1332081410,sid-61B1E9A3-236E-4533-96B0-C9EE3BFF2E83,"AO, AL"
1332186805,sid-D42A7E00-4405-4C2D-9E2B-BCA827128028,"sid-D42A7E00-4405-4C2D-9E2B-BCA827128028, sid-D42A7E00-4405-4C2D-9E2B-BCA827128028"
1332186805,sid-E16E1C63-6835-439C-ACA3-1C0206142002,"Exclusive_Gateway_1, Exclusive_Gateway_2"
1333164773,sid-ACDBA6DC-1FC1-462F-B376-1D693F31E587,"Exclusive_Databased_Gateway, ParallelGateway"
1333164773,sid-3C9BAF6D-6CB5-47B8-9F81-99DBF47819A7,"AT, AR"
1333164773,sid-4C4F9DAF-CA6A-48A4-8827-7B46F999EC4E,"AM, AN"
1333321256,sid-4A37D161-A15C-4CD3-9860-22C89BE34045,"Check identity of customer, Try to find the solution"
1333321256,sid-C77C3C08-3898-486F-A82E-916028ED0492,"Hand over the bag, Return to production for disassemble"
1333321256,sid-A4EB8A1C-26B0-45AB-8CD2-F886F07B836B,"Check identity of customer, Script not fulfilled"
1334286860,sid-0B79DFD2-6634-496F-9F2F-862C41AB094A,"integrate into database, Check audience"
1334286860,sid-FDAE4BD8-8698-482A-A964-31D7C5102B01,"Check Stock, Exclusive_Databased_Gateway"
1334286860,sid-C628D32A-CBA1-44F7-B294-65F801125E3E,"Check audience, Check Costumer"
1334286860,sid-5E546355-D7A0-4E77-8D81-F4DB3A9A86E6,"Produce goods, Exclusive_Databased_Gateway"
1334286860,sid-2BAA2A56-102D-4CDD-8DF2-EE3B96898D3D,"close order, Check number of reminders"
1334286860,sid-56EF543E-CF40-4ACE-8271-621843E7D9E3,"contact lawyer, Send reminder"
1334292558,sid-900E1647-05FC-46E3-9F37-B1B01A10D20A,"G, L"
1334498703,sid-349E82C7-99C4-4157-90CC-C92C69437B8A,"C, D"
1334498703,sid-83C135F5-ADA9-46F8-83F7-E6C134B1DB8D,"D, E"
1334498703,sid-50E09106-2EB4-4A9E-9037-3CD9F5374B43,"G, F"
1334498703,sid-8F3F308E-4729-4702-98CB-E97A588D4730,"D, G"
1334498703,sid-CD298AF4-1CE3-4037-980F-7970138962C1,"K, L"
1335374102,sid-C74F892B-A117-4ED0-88A5-FBD79E3B79FF,"H, C"
1335374102,sid-D7F8856E-12B4-4E00-B823-294366FC81DC,"D, F"
1335374102,sid-4CD87107-275C-4BB4-8214-F5DE82077196,"E, K"
1335473888,sid-17DB51FA-CE17-4BCC-BD7F-6801F6900A91,"send confirmation, ???"
1337402520,sid-B8214B04-A2A6-4540-8DB4-B9A54BAF7D65,"Follow Up with Client, Check if Revised Position Profile Returned"
1337645986,sid-9CE621B4-0041-43EE-9C4E-44D72B3EC74F,"go have a drink instead, movies playing in foreseeable future"
1337788454,sid-A4EF4520-CE4B-40AB-8B4D-249CEEB9E830,"G, H"
1337788454,sid-15160855-C296-4820-81DC-744AD2F53F89,"M, O"
1337963132,sid-01B3D6FD-C78E-4757-ACA8-511B959F8E94,"Create purchase order, Check current inventory level"
1337963132,sid-E938E0B0-4CE2-42DF-9CB6-EC18EDC59D75,"Approve purchase order, Reject purchase order"
1338471823,Enough free drivers?,"Enough free drivers?, Ensure enough human resources"
1338471823,sid-D5698227-9E46-485B-88A9-B869707BCE52,"Pick up products from store, Check products on store"
1338574476,sid-75392ECC-E32B-4D77-9F4A-19692F7CDCE0,"1 - 5 days, 24 hours"
1339210416,sid-3B211FF5-31D1-42A2-B74A-6E00639E6D7A,"inform the advisor, sent to com. esecut. for approv."
1339210416,sid-3436B87F-8630-4F7F-959A-54D658D3096C,"thesis is not ready in the prearrange time, prepare the adequate form"
1339210416,sid-AF1F5B84-3BC5-4CBA-9B76-0A64C208EDD6,"contact the experts, Exclusive_Databased_Gateway"
1339262452,sid-5355B90A-96C5-436E-84D3-5A55DF952D72,"B, E"
1339262452,sid-3D30E223-9DE6-484E-B47A-56D3DE46FA37,"G, F"
1339262452,sid-FB345E41-2125-4277-AE71-11213032FA32,"I, H"
1339438443,sid-69F2CE12-A909-4192-93AF-FFC6B5671B69,"G, H"
1339494205,sid-1A04D5BF-2480-4ACA-A01C-DE1D054285DB,"C, A"
1339812283,sid-4FEA438B-524E-422E-A575-9F7AEC62E198,"H, K"
1339841595,"RFQ Meets
Guidelines?","Send to Customer, Produce Labor & Material Costs Estimate"
1340376938,sid-C79C773E-630D-49BA-93AD-27EABA7FDD67,"I, P"
1340376938,sid-7DC51270-173B-435D-A708-0A32D1C9ECFC,"L, Exclusive_Databased_Gateway"
1340376938,sid-6B5F43FF-E1C5-4330-8FB4-C9E31EEB9162,"M, O"
1340376938,sid-CB796F66-E2E3-4906-B78F-8DF89B93223B,"E, H"
1340595160,sid-A07EA683-DC62-4105-B2C0-7C5D65F87B8C,"validity confirmed, inconsistencies found"
1340595160,sid-13D26D37-CEB5-4EA7-84A4-36D1E8ADC897,"position does not exist, position does exist"
1340595160,sid-9BB43734-AF68-4D2D-BD3E-DED87B0E683D,"decide to create a new position and business case, no new position created"
1340600970,sid-35C78AD7-C7E5-470D-9880-9E1F4AD0E52B,"Servicing not done, Request part from stock"
1340600970,sid-49161F7E-241D-4634-A767-67326FF4B6A8,"Servicing is performed, Get customer authorization"
1341655406,"Can consultant solve the
 problem?","Handling & solving the problem, Notify support"
1341740389,sid-FA80F7A8-433D-4243-A29E-E5FF2333872C,"Notify Customer, Process answer"
1342417146,sid-303E4DD1-23F2-4A06-9FD4-2734A6680632,"claim, check if money received"
1342772173,Go to order?,"Search products, Edit order"
1342772173,Confirmed,"Confirmed, Order confirmation"
1342772173,"Not in stock
","Not in stock, Check cart"
1342772173,sid-59DC84B9-3633-4221-B9F8-C0D7D9E79DD0,"Edit order, Check warehouse supply"
1342853981,sid-DC7F9B78-0C78-4C15-8F33-A8A59A2F6064,"sid-DC7F9B78-0C78-4C15-8F33-A8A59A2F6064, [successor_gateway_1_name], [successor_gateway_2_name]"
1342853981,sid-BF0D76C0-80AB-47AE-9A35-4A59901B9BAB,"E, Exclusive_Databased_Gateway"
1342853981,sid-E790FD7E-B397-4903-A51B-4958A746B38B,"H,"
1342853981,sid-4300BAB0-8D2F-4FD8-ABDC-CA2A53680453,"I, "
1342853981,sid-83B3D31F-B23C-4F92-A2A4-0D25DD4FAC64,"P, Exclusive_Databased_Gateway"
1342853981,sid-0A172AEB-B6AB-4B6F-A6DC-95BCA146B469,"sid-0A172AEB-B6AB-4B6F-A6DC-95BCA146B469, Q"
1342853981,sid-1F6C9DD6-CE7D-4E44-87E0-A60CD76D299C,"sid-1F6C9DD6-CE7D-4E44-87E0-A60CD76D299C, R"
1342853981,sid-4C5DCA74-0EBF-4780-A5FC-ABFD3D3BBDB8,"sid-4C5DCA74-0EBF-4780-A5FC-ABFD3D3BBDB8, Exclusive_Databased_Gateway"
1342853981,sid-AAD63752-80B0-4EF8-BC41-48765187892B,"sid-AAD63752-80B0-4EF8-BC41-48765187892B, T"
1342976471,sid-32EE815F-0E11-49C7-9BC3-3E63D3EDD0AE,"J,"
1342976471,sid-E27BF17C-5B71-4780-A3FC-3ABE239FB14D,"R, Q"
1342976471,sid-835DB6DD-8CC5-47B5-93ED-26FA585C8ABB,"T, U"
1342976471,sid-A6DCC350-4D20-404C-B45D-28B3E698BD46,"Z, AA"
1343879800,sid-4F154B85-3CC3-4779-9F05-01072B21DDD4,"N, O"
1344743915,sid-1EB2A92B-10D4-4421-BC41-82F28E41DFF7,"Sends invoice back to client, Checks SLA"
1344743915,sid-277BE3CA-22CE-47C6-8C96-66FE48759549,"puts a red stamp, Exclusive_Databased_Gateway"
1344743915,sid-0E0A4A1F-AC23-480A-BA7E-5CA5C0F7DB49,"Check for compliance, Exclusive_Databased_Gateway"
1344743915,sid-616F81C9-37B6-473F-A159-CB1415EEDA00,"Send reminder to Client, Check for response"
1344772460,sid-CA7DACD7-28F9-4BBB-91E2-CF8AD664E564,"I, H"
1344772460,sid-47ED0178-F61A-47B5-9210-DC3E5083737A,"L, K"
1344772460,sid-51AC6E97-0D6B-447D-BD68-B14A4E9CC8E0,"sid-51AC6E97-0D6B-447D-BD68-B14A4E9CC8E0, "
1345862369,sid-D2493688-0C0F-4E0C-8F01-C7028F5D9F83,"Exclusive_Databased_Gateway, ParallelGateway"
1345862369,sid-9F5B0C9F-9F6E-43B7-A0F0-5D00610B0D43,"I, A"
1345862369,sid-D9452705-D942-47B9-BF23-ED2BA3688ECD,"A,"
134598255,sid-BC4AE570-0E02-4484-8ACC-815119CAE369,"D, Exclusive_Databased_Gateway"
1346058448,sid-FBE6EF7B-1D45-4982-8286-EA7A13A8F14C,"G, K"
1346058448,sid-230978D7-2E49-4B41-9156-A2E7867A6409,"E, IntermediateMessageEventThrowing"
1346058448,sid-E756C269-A97B-43CD-A869-FF18946362BE,"F, C"
1346332832,sid-DA172C1D-AC4C-4F0C-8CDC-9BC73ACBCB50,"Obtaining Export License, Preparing Export Documents"
1346486905,AV,"AW, AX"
1346486905,sid-8B1F2639-26F4-4952-9CC2-41424C281B0F,"BB, BC"
1347588828,sid-9DF789C1-FE46-4BDA-A3A7-449429638BFC,"V, U"
134803435,sid-D52D7D0D-8B55-4B3D-983D-0AAC985AD5C0,"N, F"
134839239,Meeting Outcome,"Create Demand Registration, Record Stakeholder Meeting(s)"
134839239,sid-B4CC16F1-8E78-4518-BBE7-1378882A3693,"Create Business Case, Submit Demand Registration for Approval"
134839239,sid-21AD867C-E583-4C3A-BE02-C05896648FD3,"Submit Business Case for Approval, Review & Validate"
134839239,sid-C4CAA8A2-4A22-49CC-AFF0-4B175BDCCFE5,"Submit Business Case for Approval, Review & Decide"
134839239,sid-5B97CC47-B4B3-4E32-84F2-74473D92D30E,"Submit Business Case for Approval, Create Clarity Project Request"
134839239,sid-13552419-EECA-4D30-8713-E4A35A4AA9BF,"Send Notification to PSO, Respond to Clarity Project Request"
1348481611,sid-7AC0C11F-D1B0-408D-8753-404E8D9E43D1,"I, K"
134927832,sid-B8938BDE-60F7-4D26-A254-0ACBD94FB7EA,"Request shipping details, check inventory"
1349396967,fc31853e-f066-49a6-b3c6-cbde05cbf800,"D, E"
1349396967,6db91f2f-a976-4bd5-94c1-8d8d624cdc25,"BS, BQ"
1349396967,4042133b-e2ee-4808-9ee5-2f6f0a80830d,"BD, CQ"
1349396967,94ac2b61-6e2c-4d20-b3a1-6cbcfa2ce87f,"AZ, EndNoneEvent"
1349396967,1fc654d7-4401-416d-841e-ea13f54252fc,"CJ, CP"
1349396967,82d36304-d99d-49de-b593-58883f443664,"CM, CK"
1349396967,623884cd-19ee-4152-b285-8f785a928d1b,"CS, CP"
1349396967,9e3b4885-84b5-4f62-8c76-e523e1b7dfff,"CQ, CV"
1349396967,ddb85274-6ffe-48af-98c2-72d4f763e8b2,"BF, O"
13497086,"RFQ meets
guidelines?","RFQ meets guidelines?, Verify RFQ"
1350174507,sid-22D720DC-F6AA-4BA9-AD93-C1071BCDA4E6,"InclusiveGateway, Exclusive_Databased_Gateway"
1351508314,sid-F62916FB-84D1-47B0-AA84-55FC28518128,"Switch two items, Switch two items"
1351614485,sid-9689882A-D3BC-41B5-A78C-7437594D14C6,"Receive Notification of Application Result, Process Completed"
1351614485,sid-6DB39391-E2B5-4FF4-BBBE-90F6A0AA1625,"Modify Application Form, Review Application Form"
1351636315,sid-7664F3AC-FB85-442F-8D9B-CEC6E0D9F109,"Request more information from client, Categorise invoices"
1351636315,sid-CF3CA325-4BFF-4ED9-B2C5-7960E8EA2C74,"Return to client via postal mail, Complete and attach invoice entry form"
1351636315,sid-FAD1D436-A86B-4AF9-B282-91DB1F9E8CB5,"Look Up SLA, Successor Types"
1352358186,sid-7C069C92-F235-42D6-8C3B-5099FDEDDE74,"approved by manager, not approved by manager"
1352358186,sid-DD3DE7A2-5C1E-4B22-911D-B0A51D12BE31,"accept, reject"
1352358186,sid-3A4AA84D-F237-4C55-935B-BDF81A4946FA,"accept, reject"
1352537313,sid-4076701E-83F0-4ACF-AE0A-E1907161FE0E,"N, O"
1352537313,sid-D505B0EC-4A5E-4B8B-9C38-70519E6811B0,"P, Q"
1352537313,sid-C9BBA5FE-E4EA-4AB7-9C5E-4FB346FCC948,"U, V"
1352537313,sid-9B9C8584-BFC7-4E43-B1F3-A9384FF8D61D,"Z, Y"
1352537313,sid-252B1CE3-ED7B-4132-975E-4237F3A2CED6,"E, G"
1352537313,sid-6655BB1B-A6F4-4D8F-AE3A-33837A4C5ADF,"sid-6655BB1B-A6F4-4D8F-AE3A-33837A4C5ADF, L"
1352537313,sid-D9AAAE70-837B-4882-96CB-239DAC99482E,"D, J"
1353066507,sid-AC32751F-671E-4130-901A-43B5685CD48D,"No further investigation, "
1353066507,sid-445045FE-4B5F-45CC-9C2D-160E33ED3602,"Request for further information, "
1353083269,sid-5EB4AB62-70A9-4328-8359-C1656D55F9B1,"C, D"
1353083269,sid-DC5D69FD-0055-435C-A4A1-CA00225C3E85,"H, L"
1353083269,sid-4C6325AE-DE4A-4218-AB62-C3D0F0D9DB9B,"W, V"
1353083269,sid-3EE0189B-0F2C-4FF9-976D-DE008D7D1ED8,"Z, Y"
1353083269,sid-CDD6081B-7ACA-430C-9C51-78A21DF5A514,"AA, AB"
135387098,already an event stored for an EPC?,"Capturing data of an item for the first time, Capturing the up-to-date records of a registered item"
1354167307,sid-869A2817-A966-4AF9-9714-34C9B4217F47,"K, J"
1354167307,sid-F1E84B65-3017-49D7-AB32-1CA73EE7FBA5,"H, I"
1354259629,sid-07374BF7-268C-4B97-8CB1-DEFAF89118A9,"G, "
1354259629,sid-1795E209-5647-4947-8BE9-270D40D16966,"I, B"
1354355099,sid-73CA1F87-610E-4B85-9E9A-F7E19B4B0677,"Give Coloxyl and senna 1-3 tablets 12/12 or q8hourly, if appropriate to intervene in terminal phase: however patients who are experiencing terminal restlessness may be constipated."
1354540163,sid-523E8AD9-3881-4F15-B2ED-359D28C3F9AE,"Login, Browse products"
1354540163,sid-46644636-8286-4683-9553-A4ECCFB2F5AB,"Login, Place an order"
1354540163,sid-5AA4A947-DCEC-4FFC-83C7-231081CAF7E2,"Provide Translation, ParallelGateway"
1354540163,sid-F03E8596-2669-457A-B457-DED2E9570475,"Provide translation, Send out the offer"
13547152,sid-DE5DD889-6E30-4ADB-94D5-2A73048C9DD6,"Considers the extension, Exclusive_Databased_Gateway"
13547152,sid-92C144EE-DE8F-45E6-B968-59EC3FF6C5E9,"sid-92C144EE-DE8F-45E6-B968-59EC3FF6C5E9, Exclusive_Databased_Gateway"
1355953622,sid-230E1E12-DB5A-4B15-8C6C-2E7FF4E43926,"Send more information request, Send categorised invoices"
1355953622,sid-BEF3301F-2867-4F25-969F-72F089CA0F9B,"Send incomplete or non-compliant invoices to client, 1.01 Complete Invoices"
1356584348,sid-C936D002-3E86-4757-AEFB-D64F1A575098,"telephone call, Content Check"
1356584348,become a member??,"become a member, Decision"
135789961,sid-0E706EC5-FC8A-4C07-982C-955D36F26BAA,"J, K"
1358099965,sid-8BBEB68B-7060-4CF6-B472-1B5F7647B02B,"G, K"
1358099965,sid-B6AEC994-B65A-4672-A531-99CDDD29E3BA,"I, "
1358099965,sid-AD609E2F-38AD-4D48-B6DA-F0E103EF611F,"I, Q"
1358099965,sid-1CD019DF-7136-4DD1-B1BA-C14E0EA0CD00,"C, D"
1358099965,sid-130C4770-F224-41B3-A520-128A3CF513A7,"B, E"
1358479571,sid-77AC17AB-95BD-4B5F-AAD5-D1D930C4642C,"sid-77AC17AB-95BD-4B5F-AAD5-D1D930C4642C, sid-77AC17AB-95BD-4B5F-AAD5-D1D930C4642C"
1358479571,sid-979A8CDC-F1B4-4BFD-91DA-4DA2CB4D5AAB,"Return Invoice to client, Send invoice to experienced SSP members for clarification (in 1 day)"
1358479571,sid-60C6A009-5BD0-4E7F-B3A3-0C7A00C0E1C4,"Based on the provided information, the output is: IntermediateTimerEvent, IntermediateMessageEventCatching"
1358479571,sid-FBA0C38F-D33F-42A8-9BCD-92DBBD941149,"Send Reminder, Waiting for Response"
1358479571,sid-405B9E14-1A0F-44E4-961C-5170B7AF49B5,"Call Client, Exclusive_Databased_Gateway"
1359630947,sid-29EB2449-3E7B-49A9-BA52-88CD777464D0,"IntermediateLinkEventThrowing, ComplexGateway"
1361304225,sid-2F5AC642-4F98-4F34-BA3D-660377FF64F2,"Check WIK2, Reject"
1361304225,sid-F6F3FB70-F5B5-4E79-BB6E-745BB643F290,"Check WIK3, Reject"
1361304225,sid-D0D99D56-3956-4747-8A8D-4289D93EB589,"Check WIK4, Reject"
1361304225,sid-4978C189-50BA-4C71-A7B1-B3766DE81E23,"Check WIK5, Reject"
1361304225,sid-864AB934-D881-4EE0-BB7E-3C537390287D,"Check WIK6, Reject"
1361304225,sid-2599197B-C248-49B2-8FE4-3F1A94223467,"Reject, Accept"
1361304225,sid-0910F17B-EF72-4DFF-BD96-A92E9F67532C,"Check WIK7, Reject"
1361468541,Is MultiTechnology,"Is MultiTechnology, Analyze BRD"
1361522417,sid-9FAF15E7-F596-4827-9FD3-184E91662088,"Enter a Gift Cards & Promotional Codes, Confirm Shipping Address"
1361522417,sid-022A3A70-E853-429E-AD61-F116CAF811E1,"Confirm Shipping Address, Enter Credit Card Details"
1362025090,sid-D06177A5-5D40-44F5-B58E-66ABCAB0EF30,"Negotiate, Evaluate proposal"
1362113578,sid-31E66060-CBFD-4798-A120-BAA68BEFFE84,"terugbezorgen computer aan klant, ship computer to repairservice"
1362134534,Incident resolved within 1 hr,"Incident Resolved, Analyze Incident"
1362134534,"Is there Financial
Impact","No Incident Opened, Open EMS"
1362134534,"Is the Resolution
Known?
",Is the Fix Available?
1362134534,"Is the Fix Available?

","Is the Resolution Known?, Check With Vendor"
1362164763,sid-AF6E3216-57B6-49AC-A1F3-91251235C889,"authorization check, check the customer"
1362164763,Wholesaler?,"create new customer, send message to customer"
1362164763,sid-A723D641-BC58-4C7F-9998-BE516DBBC2D6,"send message to customer, solvency check"
1362164763,is okay?,"adjust order confirmation, check customer response"
1362164763,sid-3F894935-75D6-4CD0-A30D-4F1119E7EFD7,"request to the warehouse, do production order"
1362164763,sid-19635FA4-BFC2-47DF-94CC-5F4B4B32164F,"check no. of reminder, book the incoming payment"
1362164763,sid-9D80080F-17E0-409D-854F-7633945133B1,"send a reminder, further dunning procedure"
1362164763,sid-B52760D1-2AFD-45D0-8CB3-D079338CCE31,"make a complaint,"
1362303264,sid-E0017083-98AC-433A-A311-48486E1F9970,"sid-E0017083-98AC-433A-A311-48486E1F9970, sid-E0017083-98AC-433A-A311-48486E1F9970"
1362303264,sid-47B18F1B-D517-4EA2-BDFD-38793B817CA4,"Inflict wounds, "
1362303264,sid-F31FEA78-D9C1-48B1-B21C-1E639EA10692,"Remove target from board, Inflict wounds"
1362303264,sid-18C4F31D-FDDE-4F21-8888-84009D7DF936,"Hero dead, CollapsedSubprocess"
1362855822,sid-6976306A-8FCD-40B7-AEDD-EA001EB6E726,"A, D"
1362855822,sid-8950CA73-8D7C-40C9-9AB7-92524EE62FFC,"E, Z"
1362978240,sid-EFEBAE16-6CD8-49B9-B028-DE1D5D9990FB,"L,"
1364308140,sid-94072C28-8F31-403F-809D-AB7D154C30FB,"Prepare Invoicing, Exclusive_Databased_Gateway"
1364308140,sid-0D8D55F2-ACDF-4AE0-BD07-CE02283A34CE,"Add parent company as invoicing address, Predecessor Name"
1364586933,sid-5CFBD811-5A41-4495-886D-32CF7D02F261,"D, E"
136492008,sid-1D311A5C-18D9-485B-AEA1-15D82E642F7F,"E, F"
136492008,sid-8BB6DE88-1D03-4763-8995-B05002F336B1,"G, H"
1365357727,sid-768D63CE-DB22-4C52-8A1D-2D972998CF57,"R, T"
1365600683,sid-49295DA5-5F86-455C-9CD1-BB5E8CA8BA8F,"Funds remain in reserve, Release Funds"
1365608010,sid-F94A430E-DEF9-4D1A-97D4-67DBF6276897,"AA, S"
1365669964,sid-608A67B7-A9A6-4EE4-B425-6DDC096BEEEE,"J, I"
1366226987,sid-BB22E81A-E52F-4A46-8892-A0BB031C1E1A,"E, F"
136641527,sid-E870ECFB-C988-4640-B7F9-46C165880942,"Re-sorting Invoices Per Vendor, Re-sorting By Invoice Amount"
1366535375,sid-C6A7C801-4F8A-4A02-AB6C-A946A628A56F,"Send Purchase Order to Shipping, Send Rejection Notice to Retailer"
1366535375,sid-0996E6FE-6F35-47A2-BA34-EBD34EF86A03,"Allocate Funds for Payment, Contact Auckland Accounts Receivable"
1366535841,sid-B15D48AD-E66A-43ED-9E66-CF307CD4752A,"C, D"
1366535841,sid-CF3E1CF4-D128-4691-9B07-D9F6E4A35AC8,"E, F"
1366859951,sid-B70CFD6E-3D0F-40F8-BC9C-8ABE2CB11119,"inform RW about orders, receive all orders"
1366986683,sid-AFB14CA7-8F11-46BE-9B45-06075EEC1FC7,"check the ‘invoice entered correctly’ box, Highlight the error in the invoice entry form"
1367169019,sid-10456593-E806-4D75-84BE-9FE18C0E5BE2,"Exclusive_Databased_Gateway, IntermediateMessageEventThrowing"
1367169019,sid-F7F32F00-B15F-4F67-A1BE-503F743BC882,"make the certificate, print the self declaration"
1368766821,sid-9171972E-688E-4054-AD91-02776EAC31F0,"AG, AH"
1368899865,sid-F5C47787-3BCC-4576-BA57-C64E4FCEED54,"E, I"
1368899951,sid-A71EF279-E889-4106-9876-AF7B3BA44C5F,"send request, send offer"
1369035906,Reuse Potential?,"Reuse Potential?, Evaluate Reuse potential"
1369035906,Target State Exists ?,"Target State Exists ?, Identify Business Domain & Capabilities"
1369035906,"Aligned to
Target state?","Aligned to Target state?, Technology Product Evaluation"
1369035906,Internal Hosting ? ,"BPRA Assessment Process, IAPP Assessment Process"
1369650301,sid-83EC8F98-7759-494C-9E9F-12C15115FABE,"Correct/complete supplier request, Post-check data quality rules"
1369650301,sid-D42F8CBF-8B09-488D-AD2D-21547DA54865,"Correct/complete request, Pre-check data quality rules"
1369650301,sid-738B497A-B203-450D-BC4C-837A253CF086,"Revise request, Approve request"
1369966639,sid-24CF8F98-F2A5-4BD9-98E2-300D6ABF0AE1,"B, D"
1370071305,sid-F4D6AEDA-BFB2-4DD6-AB62-64AD082EE139,"Check form data, No data found"
1370071305,sid-30B7D9A9-52A9-494F-A171-6A31C230F70E,"Prepares the certificate, Compile the form"
137011500,Estimated time and cost of repair.,"Authorize repair, Take computer back"
1371040592,sid-A9A664F6-8CC3-4A76-BD39-FCE0FB5F67D9,"Send invoice back to Client, Escalate to experienced SSP member"
1371040592,sid-CA50FA4F-A405-4677-A5E2-BE92FCCA2D63,"Follow up by phone, Disregard invoice"
1371040592,sid-938A4589-0364-4DE8-918A-BAC9129B5973,"Follow up by phone, EndNoneEvent"
1371040592,sid-FF3D9DB4-647C-4CBA-82F1-5D44A5B97498,"sid-FF3D9DB4-647C-4CBA-82F1-5D44A5B97498, Exclusive_Databased_Gateway"
1371040592,sid-0ECD9134-08D7-4229-872F-F17F69DB1397,"Invoice previously not complete or not compliant returned, Sort invoice per Vendor"
1371040592,sid-6C6AAA63-F574-45AE-8879-F3BDC9EE3D28,"Mark as 'Entered Correctly', Check entered invoice details in SAP to the invoice"
1371173521,sid-9F515EB4-0184-4CDB-B130-7A9CFA3A6541,"B, C"
1371872755,sid-DB34C140-CE07-4087-82EA-E1E87F46D38A,"Create purchase order, Check Inventory levels"
1371872755,sid-36724C8D-6C1B-4F0E-9A1C-E4A015C58BC8,"Reject purchase order, Review purchase order"
137333708,sid-8FF1B5BC-D0F0-422B-9B39-310A614CC62D,"AL, AQ"
1373362337,sid-A4DD000B-007E-4997-A48E-2E8C106649EF,"Assign penalty points, Exclusive_Databased_Gateway"
1373667070,sid-76BFDC8F-59A1-4922-8A2B-8EF351692CB4,"E, Exclusive_Databased_Gateway"
1374417087,sid-EDBF9640-3920-4917-81F7-F4475FEA007C,"Manual data entry, Process ESB Orchestra"
137484613,sid-115F852F-6963-4DF3-B6D5-562ABDF09A18,"AM, AL"
137484613,sid-1FC57F03-64D3-4B2E-829C-1FA43D6EC19E,"AN, AO"
137484613,sid-0682AF6C-EB8E-473F-8CC3-CE6E210DCDEE,"sid-0682AF6C-EB8E-473F-8CC3-CE6E210DCDEE, L"
137484613,sid-54E69B7B-8582-4EB4-B740-AD763B1B28E3,"BZ, BY"
137484613,sid-D0D5521C-5CE9-42D0-BCA6-D430A9A2B318,"CD, BM"
1375223899,sid-3D9431F3-5269-479C-AE64-93443320470B,"Check application Completeness, EndNoneEvent"
1375641855,sid-61C0D9C4-AD95-45BB-A669-E84DFDA9415B,"F, EndNoneEvent"
1376623024,sid-F7CFF94C-265F-40DC-A7FB-93818E234E19,"M, N"
1376834495,sid-E0C083CD-DD40-4C5C-AC74-E616D3305E95,"Reject Purchase Order, Approve Purchase Order"
1376834495,sid-80241A1B-6E71-4B78-A73E-FEBAF4D9D78D,"Create Purchase Order, Check Inventory"
1376869934,sid-7F680A35-59A7-43F8-B771-098D952BF78F,"Rework Purchase Order, Review PO"
1376869934,sid-69A46CC8-DBFD-46FF-A8AE-82CE95541F7E,"Construct or rework purchase order, Check Inventory Level"
1376985950,"Is Request
Actioned?","Is Request Actioned?, Request Acknowledged"
1376985950,"Is reminder
actioned?","Is reminder actioned?, "
1376985950,sid-FC85EF24-D0E6-4091-9B8F-590CCE39FB2D,"Is Request Actioned?, Is reminder actioned?"
1376985950,"Is it an 
Urgent
Invoice?","Red Stamp invoice as ""Urgent"", Write SLA on Invoice Entry form"
1376985950,"Is the invoice
complete?","Recall Client's SLA, Return invoice to client to complete"
1376985950,sid-CA322057-E9C2-4A00-B448-4056C960F752,"Search Excel spreadsheet for SLA, Recall Client's SLA"
1376985950,"Is the invoice
compliant?","Is the invoice compliant?, Is the invoice not compliant?"
1376985950,sid-93A645E0-83A3-41FE-9B8B-876CEC93BD8B,"Return Invoice to Client, Phone client to request required information"
1376985950,"Vendor
found?","Enter Master Record Request Form, Enter Vendor code on Invoice Entry form"
1376985950,sid-A28A7853-0854-479F-A99C-0F89F9FF3537,"Sort Invoices by Vendor, Sort Invoices by Amount"
1376985950,"Is invoice
batch validated?","Update invoice batch to validated, Validate data entry for invoice"
1376985950,sid-83F9D628-26FD-488F-AAA4-59698D64B248,"Pay Vendor, Leave Invoice unpaid until next pay run"
1377310773,sid-FB297F0A-3AD3-4F86-A6AA-022DECB3FFFF,"D, F"
1377314541,sid-6CEC14F1-96F9-45CF-961E-6FCB7E98E307,"G, H"
1377367296,sid-5D397A89-3C6F-4C34-8AF3-F7538EDFF586,"proces repairing computer continues, customer goes home with computer"
1377476468,sid-BFB113B3-21F6-4DE5-8F3C-C46B797DF39A,"F, G"
1377861093,sid-F9857162-EAD0-4E0F-8F09-A2F79455713A,"C, AR"
1377861093,sid-87A1B35E-5F18-4F27-911A-4AB6F287D0A7,"B, E"
1377861093,sid-9C2D9C09-29E8-4785-B699-9FCDCAFC4FF8,"BE, "
1377861093,sid-15AC7001-2CB2-40EC-A45D-3D169F0E793F,"BA, BC"
1377861093,sid-13F91E3B-5910-484D-9739-F3709F5C89AD,"AX, BA"
1377861093,sid-2BC51F04-CDB6-40F6-9566-9E4E6709EEA3,"BA, BD"
1377861093,sid-25A1D130-3154-42E3-ACE9-D27706A9C963,"H, BB"
1377861093,sid-DF489B64-1F83-41C8-92C6-B12DC0694311,"Successor Names: , , Successor Types: EndMessageEvent, EndMessageEvent

EndMessageEvent, EndMessageEvent"
1377861093,sid-34496E21-AC3B-4072-92C9-02311C39ADC4,"N, O"
1377861093,sid-026E9E88-DF63-46C8-B9FF-F7F83F1BC8BE,"P, Q"
1378020412,sid-4C130E36-9E88-4189-BF23-270278F5CC1F,"StartMessageEvent, Exclusive_Databased_Gateway"
1378020412,sid-C215FB5F-4A21-482F-8838-BB896B46FAD4,"EndNoneEvent, Exclusive_Databased_Gateway"
1378020412,sid-8C853EE1-FAAA-4F3F-A13C-DAF791E09977,"sid-8C853EE1-FAAA-4F3F-A13C-DAF791E09977, N/A"
1378020412,sid-999F8A9E-85FA-4556-95EF-BC54AD5231EA,"sid-999F8A9E-85FA-4556-95EF-BC54AD5231EA, "
1378026838,sid-C11FE2BC-52A9-4719-8957-A4D79E8BFFD8,"E, D"
1378026838,sid-C32AD8E8-4974-4B1C-B980-AD708F21ABBB,"B, E"
1378521345,sid-8758C3D4-5905-49FC-885F-056D1DD044CE,"J, K"
1378851896,sid-151A5B9E-333C-4E96-86A7-D64387DF3236,"Enter Transactional Sub-Process, Exclusive_Databased_Gateway"
1378851896,sid-2F838742-65D2-47FE-BCB7-AE1404388F13,"Cancel Transaction, End Sub Process"
1378968165,sid-8C3F169B-7CDA-4D8C-8A0E-40782A710312,"Enter SLA, Check Excel Document"
1378968165,sid-EFD8E6A5-7FB3-4D3B-86A6-5586948E78C7,"Enter SLA, Enter SLA"
1378968165,sid-5E40E9EC-0E3D-40A9-A0B1-DAD8AA057B7E,"return to client, sent to experienced member"
1379403871,"Product 'On
Sale' now?","On sale, Not on sale"
1379560686,Economically benificial?,"Additional goals given?, user acceptance given?"
1379560686,Additional goals given?,"Additional goals given?, Economically benificial?"
1379560686,user acceptance given?,"Economically benificial?, Additional goals given?"
1380004518,sid-5DF42748-0D1E-46CF-9CB8-090D6E1FBD9A,"B, C"
1380026976,sid-9F3779B8-E84E-49C1-AEC8-CF9D89EA4156,"Request Purchase Requisition, Raw Materials Available in Stock"
1380192203,sid-2DF39F20-CDC7-45C6-B29A-BAA6070E39C7,"F, H"
1380192203,sid-92BF7EBA-1FCA-4501-B7A0-B1424DD2A1B0,"H, J"
1380627523,sid-CCEE4816-4BA9-4CA3-BEE1-0A41E9548E57,"W, Y"
1381389666,Recorded Signed For?,"Recorded Signed For?, Delivery attempt of Recorded Signed For Shipment"
1381389666,Delivered?,"Delivered?, Not Delivered?"
1381389666,sid-15D0BDD1-5ACA-48A6-B70A-07127AEC938F,"EndMessageEvent, ParallelGateway"
1381454035,sid-E8287208-CEA8-4BDF-BB87-01D1AB91DA39,"C, D"
1381454035,sid-F7FD8788-CDAC-4A0F-BD40-2562FA2246A4,"E, D"
1381454035,sid-2753BCAC-DB99-43C5-B356-152FFE70EAC5,"G, H"
1381454035,sid-2BF6AFD8-7ED3-403C-91DE-C18592BBA8F0,"AF, AS"
1381454035,sid-C8885966-00B1-4D5C-ABBD-684E86F09E8A,"L, AL"
1381894597,sid-F2001408-ADCA-4541-A92F-0182A93789D1,"credit check, customer identifies himself"
1382809309,sid-9CA8736C-9FFA-4704-82C3-2E32D84EFFD5,"AF, AG"
1382950257,sid-57D3E1D6-63A9-4D22-9273-BD26D7141CA3,"C, D"
1383546764,sid-11818811-631C-4766-8D76-606357925E53,"Close the ticket, Make a ticket with task"
138434149,sid-D83DB726-7A33-4507-BE4E-FA001EA73306,"Y, AB"
1384346123,sid-222B9E9C-B083-4859-9BED-A48E2C43F30E,"AL, EndNoneEvent"
1384346123,sid-81639E51-4BB5-4BB5-AD5E-C116BBFE2FA1,"T, R"
1384406616,sid-2C9DEAE3-1E56-484D-A47D-D2FD93ADA8FC,"Acknowledgment Received, End"
1386878442,sid-BD1FF833-CEB1-4958-8124-BD4E6B641D1D,"fill personal information, compare result"
1386878442,sid-551C2555-03A8-4B08-B8D0-E2E3C0427960,"to search flight, "
1386895195,sid-C2D0CA23-D2A7-4163-B89D-2D5B47B78D2C,"Good Receipt, Send Rejection to customer"
1386895195,Raw material Available?,"Raw material Available?, Goods issue"
1387452822,sid-195EB039-9AD8-4BC3-869F-C56F3AA6D087,"P, O"
1388361948,sid-9BC208B0-EDE4-432F-8F51-1FE4193BF47B,"authorize the payment, enter the code"
1388361948,sid-D911FD17-80DE-4255-835F-93F53D56B605,"log client in, deny access"
1388361948,sid-8815905B-81C6-45F9-9CB7-EE77CC1B9DB1,"Enter bank account and amount, check bank account"
1388361948,sid-5B8A4B6D-9581-4BB4-949B-2722BE114135,"Enter bank account and amount, Check amount"
1388361948,sid-EF58EEDC-853B-4BCD-8AAA-43CAD39601A5,"send code by SMS, enter bank account and amount"
1388800964,sid-12A96F2D-4CB7-47E7-B163-ACF98C925A4B,"C, E"
1389500877,sid-F5C84DF8-7BFD-4688-9CB1-CB14E1E572FB,"A, B"
1390034476,sid-648C8ED7-739E-44C1-B82B-7759C00236A2,"Available, Not Available"
1390034476,sid-90491129-E935-4B8A-8007-C61D24F90E25,"Satisfy, Not satisfy"
1390262799,CM,"CM, CG"
1390966477,sid-31250E0C-8B70-47B7-B79D-C1D83BFC1D6B,"Request Shipping Details, Check inventory"
1391471812,sid-948A2DD4-8798-4C7F-94BB-B144B0D27AB7,"Must end with the same x, plus or circle it started with"
1391529931,sid-D2550FDF-5E18-48E3-A8FB-4AFA59F6D5F8,"Put invoices in regular box, Check invoice priority"
1391529931,sid-FB1AF67D-7788-4BBB-B4AD-D82D4C543DCB,"Add invoice number on the entry form, Fill and attach vendor master record request ""VMRR"" form"
1391529931,sid-805917CA-5962-4E45-9710-77779117D11E,"Re-sort invoices per vendor, Re-sort invoices per amount"
1391529931,sid-9CC4B37D-862C-4255-8F7C-8BED8DEAD594,"Put invoices batch on the outbox, Put on High priority Outbox"
1391529931,sid-70CE503F-1905-4A94-BD49-5738CC9BA5D1,"Enter to SAP(24 hours), Enter to SAP(1 to 5 days)"
1391799930,sid-10C88BFC-3650-4DB1-B981-8A27332DDB77,"Based on the provided information, the output would be: Phone number exists, Phone number missing"
1392425406,Amount <= 1M$,"Assess Risk, Request Approval"
1392425406,Risk = low?,"Request Approval, Accept Credit"
1392478068,sid-6C302E6E-EBA5-4F57-BAAA-0B1D20CC2D43,"Q, "
1392478068,sid-CA4399C7-59E1-4B2A-89D5-B904DD5FE525,"U, R"
1392478068,sid-58B9A724-E5E5-46D2-B517-E2EA46C3B2BD,"V, "
1392478068,sid-5E1F643B-63D1-474E-8DF3-E32BD0A44C1E,"W, T"
1392478068,sid-9988C94B-5007-40F8-9237-919652585878,"G, F"
1392478068,sid-71A95971-90FB-43F9-B177-59385FFF2D53,"N, O"
1392478068,sid-B2FD173C-CC90-4CA5-AD30-5AADCA511445,"AH, AI"
1392478068,sid-D786FA2F-0DDA-4A66-903C-060B9403C875,"AL, AM"
1392478068,sid-194699E0-D6E0-4CC7-828A-7137691C5A1A,"AO, AP"
1392478068,sid-B4CD6F8B-7F02-412D-84F9-A8583904908F,"AR, AS"
139383364,sid-6DEAD051-B749-4189-A73E-78735A0DA155,"H, I"
139383364,sid-CCB875E1-8AAC-477A-9373-C51BE8E8F53E,"AK, AC"
139383364,sid-86FCF5CD-4B9C-4F0F-983E-B20E3EC264F3,"AM, T"
139383364,sid-B0787E41-30E8-4F89-B932-E151DA86A3A2,"AQ, BA"
1395720394,sid-4D9A6CCB-5F4C-4D2A-BD87-B093592C7CAA,"B, C"
1396521142,sid-93C78F44-7C7D-48BC-8000-6D8B28685F3A,"asign penality points, Exclusive_Databased_Gateway"
1396521142,sid-2AB38196-FE61-4198-BA31-19F18F7BF43E,"Perform a work according to the role, Present the project"
1397100610,All items available?,"Leaves order at door, sticks labels on respective boxes"
139730729,sid-71D45F3B-F014-43EE-BC99-096CD5FB4378,"Confirm student in the system, Send a Refusal Letter"
139730729,sid-2F0D55F0-D348-4127-B187-84C26669A5C1,"wait for application deadline, Send a Refusal Letter"
139730729,sid-B3D56D96-2AA6-4947-A60E-337D26FA544B,"Verify the Documents, Send a Notification"
139730729,sid-54DF17F4-1BB6-4F3B-808A-0102CFE43571,"Send a Notification, Analyze the Application"
139730729,sid-984FFEDA-9E6C-4C97-A072-17947D6B61A9,"Request confirmation, Send a Refusal Letter"
1397524255,sid-D4E115AF-97FA-41E7-9A61-20E245FE952C,"Choose the best candidates, Take them all"
1397524255,sid-7755D061-5F18-4C4B-95C7-86F5FA70C45F,"Succesfully finish postgraduate studies, Solve problem"
1397524255,sid-CDA0A68A-4CAE-44C7-B231-0F469C4A53A8,"Contact postgraduate studies department, Successfully finish postgraduate studies"
1397524255,sid-1A44AC55-9A6F-4FE6-8A37-7485FC172425,"Study postgraduate studies, Recieve result"
1397524255,sid-AD804DE4-3F6A-48C6-90E2-CFF1C2437F73,"Send application, Decide"
1397529620,sid-896D428E-D351-4444-B454-FAD9B02A527E,"B, Exclusive_Databased_Gateway"
1397529620,sid-AC86FF25-B44E-4FDF-9274-A6D4405FF76B,"G, "
1398071007,sid-2A9FE5AD-CE53-4EE6-943D-7E6FB7D82492,"J, K"
1398354442,sid-B365F19F-3A31-47F3-900D-99465CB852EB,"reparing the costum, checking costum for damages"
1398383977,sid-7CB46F8E-038E-4233-845E-BE594EFE93F5,"Renegotiate with Candidate, "
1398383977,sid-DE684B02-BEF7-4B9F-8970-1942B8E871F8,"sid-DE684B02-BEF7-4B9F-8970-1942B8E871F8, sid-DE684B02-BEF7-4B9F-8970-1942B8E871F8"
1398383977,sid-4F3FA4FC-B641-4995-BCE5-61F66742EE34,"Close Vacancy, Exclusive_Databased_Gateway"
1398383977,sid-925F9D70-AB48-4045-92BD-4C0905027E0D,"sid-925F9D70-AB48-4045-92BD-4C0905027E0D, sid-925F9D70-AB48-4045-92BD-4C0905027E0D"
1398383977,sid-847698A9-A0B8-43B1-8231-5F6F075D2237,"Appointment Failed, Application Preparation"
1398685171,sid-5D5C72DF-2DE8-4FED-8B30-6C8D05E0F0FF,"P, O"
1398685171,sid-948F1885-173C-4185-B07F-8D4996B32119,"Q, R"
1398685171,sid-30BC1205-8EA4-4621-9B3B-A7511752F017,"S, T"
1398685171,sid-6BE4CE13-A1B6-4904-B6FE-5F134B98D72E,"K, L"
1398685171,sid-97FE20A1-AF28-4700-92DE-E89E5FA34A6C,"sid-97FE20A1-AF28-4700-92DE-E89E5FA34A6C, "
1399102131,sid-CE50915F-D01E-4D3A-BFE3-2172B90CC844,"E, D"
1400634438,sid-ED7C5B78-5F50-4A4B-BC88-FA400DFBDEF2,"Sort by Vendor, Sort by highest amount"
1400955521,sid-8300AEA1-EE75-4BEA-93A8-19D740A48086,"Communicate with developer to help solve the problem, Mark issue as solved"
1400964832,sid-286AC5A8-D94C-41F7-A091-11D71F139DBD,"AB, Y"
1400964832,sid-51BA86AE-E142-4B68-9104-D3BD66630D2D,"W, AF"
1400964832,sid-4448720C-97B1-4F17-A959-BE4D628E6A57,"AG, Y"
1400964832,sid-8B2AF42D-A548-40DE-95DA-DAC37CB6F3CD,"D, C"
1401510224,sid-F0B9F0F5-7A5B-4522-A2EF-05FAAF885E46,"AS, AT"
1401510224,sid-A5F185ED-2360-404E-8E0F-E01D15C16963,"BR, BS"
1401890603,sid-DA37111E-7947-4F89-8FA3-9D4B700E9C13,"Make an app, check availability"
1401890603,sid-734E03B4-12CE-4153-BE85-349D4C805335,"check availability, make an app"
1401890603,sid-D2FF8709-33DE-416C-86AD-4D9453B95554,send to X-ray again
1401890603,sid-BDE16470-146E-47A2-B6EB-05B5F85D893D,"Emergency treatment, Normat treatment"
1402129974,sid-0C19148F-4EF5-4113-B842-5E2694FA79AC,"Enter the information for SLA agreement, Return invoice to client to complete"
1402129974,glossary://0bc630664ace43e598f623632fc9c1dc/Priority?;;,"Attach red stamp to invoice, Check the invoice's priority"
1402129974,Compliance?,"Compliance?, Check the invoices for compliance"
1402490275,sid-BE66B67D-3436-404A-A968-33644321296E,"C, "
1402728016,sid-4C004653-3098-43BF-BE7A-F8A6D0733CD1,"J, Z"
1402728016,sid-D9E6BBD6-CE8B-4E8B-A890-DF47F6E540B7,"F, Z"
1402728016,sid-2C4BE9CB-E354-45F3-93E0-01A2913CA835,"Z, AA"
1402830729,sid-BD7FCD28-F37B-4AF4-8BD7-8680F8CFA1AE,"O, D"
1402830729,sid-6F8400CA-AAB9-468E-B244-4595BC8A0D20,"J, J"
1404490177,sid-5852A78F-5560-4ECF-A0EE-C9CF1BD53951,"O, B"
1404490177,sid-22CD3E63-7647-4340-9C91-A88F46EAB692,"R, A"
1404960705,sid-3B054E49-08D6-4CE4-B4FC-1C5CF1CD0F16,"Confirm Order, Reject Order"
1405162167,sid-22781DCE-7EFE-4242-BA88-53EE40BE7B99,"Request payment from customer, wait for customer to arrive"
1405162167,sid-C1DB7329-9A82-404F-AB3B-A46FAA0CF790,"Return part to Disuki, Request payment from customer"
1405162167,sid-89853AC5-4938-456B-9781-DC70C5237B8D,"Return part to local inventory, Return part to Disuki"
1405162167,sid-EA2739E4-C500-4C46-8CAE-6A3A590EA143,"Check credit, Register payment"
1405162167,sid-BDC3327F-8463-441F-8C06-690A1D870349,"Register payment, Check credit"
1405199992,sid-90F9205E-D99A-4AC3-89E4-16D00078ED61,"X, Y"
1405199992,sid-BECE7E77-2FD0-429A-B5B4-E332EA90F1AE,"sid-XXXXXXXXXXXX, sid-XXXXXXXXXXXX"
1405199992,sid-2C46F365-5EF2-49B3-A8F6-DAC6CF8D5171,"N, T"
1405199992,sid-27E47FA8-CC0B-4C73-95FB-EC753AE81D8E,"R, Q"
1405760672,sid-C628C9E0-3105-42D5-9E22-AF2455F51BEB,"System performs a DUR check, Refill manual check process"
1405760672,sid-7432DD97-EEF8-45BE-9893-199ACA6DBE50,"System performs a Insurance check, Try to solve issue with doctor"
1405760672,sid-9FB217E5-A80E-4C19-86AA-D1329ABD64F0,"Continue to Pickup, System performs a DUR check"
1405760672,sid-60AF5252-A922-4AE4-A45F-2B0CEE6BC24C,"Solve issue with customer, System performs a Insurance check"
1405760672,sid-64273765-0B82-44A6-9EA5-F5B03BDC4CA7,"Insurance check, Solve issue with customer"
140626412,sid-E6FED298-4830-4ABB-BAE0-975C2821FE37,"Y, Exclusive_Databased_Gateway"
140626412,sid-4673C4EB-915C-42ED-8403-CA602A580587,"B, H"
1406266630,sid-F7664943-5D0D-4F6E-8A38-38A2546AD19C,"M,"
1406266630,sid-0F030FF6-31A7-42AF-8483-080FD95EC74C,"M, IntermediateTimerEvent"
1406266630,sid-6E8245F7-92C9-4A1D-AAD7-249C9EBC4FF2,"F, EndMessageEvent"
1406329570,sid-A4F5ACEB-0D63-4E4A-A864-AABC469BE5F3,"Bank Account Details, Credit/Debit Card details"
1406654253,"Purchased Order Rejected
","rework the purchase order, reserve funds for purchase order"
1406654253,"
Inventory > minimum level","Check current inventory level, Create a purchase order"
1406654253,no,"send reminder, record payment"
1406826333,sid-5AF30526-4FEF-46B5-A3D9-A05180EB6A13,"C,"
1407075927,sid-9AD33029-E704-448D-8EE0-B565F0B7D876,"D, Exclusive_Databased_Gateway"
1407075927,sid-27C99E7F-4C98-4DA2-B41B-A2D923FAEB55,"AC, V"
1407917684,Are issues  ready?,"Are issues ready?, Review Issue List"
1407917684,Conference  Call in  Discussion  Week?,"Wait until Thursday, 9 am, Check Calendar for Conference Call"
1407917684,Conference Call in Voting Week?,"Wait until Monday, 9 Am, Wait until Thursday, 9am"
1407917684,Did Enough Members Vote?,"Have the Members been warned?, Issues w/o Majority?"
1407917684,Have the  Members been warned?,"Have the Members been warned?, Did Enough Members Vote?"
1407917684,Issues w/o Majority?,"Reduce number of Voting Members and Recalculate Vote, Did Enough Members Vote?"
1407917684,2nd Time,"2nd Time, Issues w/o Majority?"
1408075999,sid-8FBEA7D6-2CB7-4515-92E5-7A62B4002918,"Perform Credit Check, Exclusive_Databased_Gateway"
1408075999,sid-991217A4-2EFE-407C-963B-83135F1793F5,"Notify Order Rejection, Perform Credit Check"
1408075999,sid-CC1FA082-C692-487A-AE03-31C6DBB9E94D,"Process Order - Raw Material Replenishment, Check for Quantities (Warehouse to Warehouse Transportation)"
140821669,sid-21D1FF2F-0D24-4E1F-B65F-2097A7FA92CF,"B, C"
1408502544,sid-495AE6D1-33A2-447C-899C-BC3195C2EC1A,"Correct/complete contact master data, Assign unique identificator"
1408502544,sid-3E061E17-7F70-457C-8F10-4AEB48C31ACD,"Check assignement to sales organitaion/channels, Contact master data created"
1408502544,sid-4A89306B-5017-408B-861A-CC75823D2202,"Adjust and store contact master data, Notify requestor"
1408852994,sid-5F4392A6-5B47-453F-B4D5-3984938F9830,"D, sid-5F4392A6-5B47-453F-B4D5-3984938F9830"
1408852994,sid-1A2B5A11-53F7-4DF8-BF1F-47C5D72D457D,"C, U"
1408852994,sid-89CD08C4-1469-4CEC-9CB1-AF24458F8476,"V, W"
1408852994,sid-CF25D310-FA35-43C3-B42D-F343C841B0EF,"AG, AJ"
1409128070,sid-2D1440D0-4A49-4987-A067-0B352C51E62B,"J, K"
1409229193,sid-035257AD-F41C-4D9F-AF36-9FAE54AE8DCE,"K, L"
1409366538,sid-78496939-D35E-40FE-83F6-976CF7D4DDFE,"Passed: Criteria approved by ISA, Failed: ISA requires changes to criteria"
1409366538,sid-43D2AA7E-9AC0-487E-99A2-AD1886475A4D,"Test feed approved, Changes required to feed file"
1409366538,sid-613608ED-A43B-4D8C-A762-F550BBEF13B0,"Test Passed, Test Failed"
1409425898,sid-8554D5C6-42AE-4FA4-AAB2-6552445D312A,"AH, AF"
1409425898,sid-077C78F6-DB24-4AB4-BD5B-DA6762D239AA,"sid-077C78F6-DB24-4AB4-BD5B-DA6762D239AA, AG"
1409425898,sid-0BB53AE8-D738-4CE7-B89E-166B2950FC5A,"sid-0BB53AE8-D738-4CE7-B89E-166B2950FC5A, sid-0BB53AE8-D738-4CE7-B89E-166B2950FC5A"
1409425898,sid-946F4A0C-A3DF-42FD-84F0-B62FA778ADB4,"AC, N"
1409425898,sid-BD5D32F7-D86E-44A8-8CFD-718486225B77,"H, I"
1409425898,sid-EF6C421D-4943-4DC3-971C-8ECA6C3CD7D4,"J, K"
1409878313,"RFQ Meets
 Guidelines?","Send to customer, Produce labor and material costs estimate"
1410268331,"Can handle
 myself?","Explain Solution, Send mail to support system"
1410464103,sid-F1690000-66C0-45BC-8C1E-0980CAA9C36B,"Reparation cost accepted, EndNoneEvent"
1411361200,sid-01D6992A-DA2D-447D-AF20-B0B8B60C32A0,"Confirmation, Unavailable Notification"
1411361200,sid-5868BBEB-77BB-4A1A-835D-7463FF026B4E,"Manual handling, transaction sup-process"
1411361200,sid-70C04DB5-02B1-4448-BE21-F3703C6073A2,"Accept booking request, reject booking request"
1411361200,sid-F6AF9BFC-791F-4F26-A5B2-92F28C57A10C,"Confirm Bus booking, LOG BUS MSG"
1411361200,sid-A65E575F-E34C-45A9-A141-55305D10C7C5,"Confirm Hotel Booking, LOG HOTEL MSG"
1411450999,sid-F4DA63FA-6D4A-4E32-A4FC-752191C798F3,"Fulfilling resources, Determining contents and conditions"
1411450999,sid-ED58BF64-8FFA-4F35-9122-93EE76654133,"Plan internal event, Contacting event provider"
1411532226,sid-B366E371-2175-4C24-B04C-9290C6F96F55,"Select Subject, Exclusive_Databased_Gateway"
1411532226,sid-82D0BA50-0D91-4846-B0FA-123E9CB3C4C6,"Select Condition, Exclusive_Databased_Gateway"
1411532226,sid-75AB2E45-6146-4FD1-8578-2EB872F1E6F3,"Select Format, Exclusive_Databased_Gateway"
1411532226,sid-75D30C1B-4BEA-499D-AC68-355EA2074AFA,"Select Binding, Exclusive_Databased_Gateway"
1411532226,sid-75FFDEA4-F232-49B7-A752-C6BB876362EF,"Select Language, Successor Types: Task"
1411532226,sid-0BFA06B9-437A-41E9-A4E2-FC319711FFB6,"Select Publisher, Exclusive_Databased_Gateway"
1411695753,sid-7AF7B5FA-AD74-4CF2-8319-3F3E881DDA37,"G, H"
141182903,sid-1DB5118B-E0DC-4CA1-B48A-23F78E4FF10C,"F, A"
1412146969,"third 
reminder","inform customer, close transaction"
1412146969,Mortgage offered?,"Mortgage approved?, Mortgage rejected"
1412876581,sid-3C56493C-CBEC-4D4E-A08E-FE738397E611,"C, Exclusive_Databased_Gateway"
1412876581,sid-22D3243F-23D7-4A06-B091-D4ACBD0628F6,"sid-22D3243F-23D7-4A06-B091-D4ACBD0628F6, F"
1412876581,sid-98A4DDF9-C875-4B47-A07C-07DD81B6FAB2,"sid-98A4DDF9-C875-4B47-A07C-07DD81B6FAB2, sid-98A4DDF9-C875-4B47-A07C-07DD81B6FAB2"
1414026620,sid-A5F956DE-B91F-4BDE-A8B4-82185FB65DEC,"Rework Purchase Order, Reserved Purchase Funds"
1414026620,sid-71569388-60F2-4165-9B06-472D65DE0CEA,"Create Purchase Order, Check Inventory Levels"
1414148803,sid-11D63903-20DF-405F-9EFF-57B96C599D88,"Receive Travel Agent email notification, Passenger commences check-in"
1414148803,sid-A1CF196C-7820-497F-9BBB-5C687ED121B6,"Receive SMS notification from airline, Receive Airline email notification to check-in"
1414148803,sid-131B059E-D787-4A24-81CD-40AA2AE2F95E,"Commence Check-in using frequent flyer program credentials, Commence check-in using link only"
1414148803,sid-5E5166DB-D709-4E94-9D4D-A103B5913CFF,"Enter Specific data for customs and immigration purposes, Select passenger for check-in"
1415324155,sid-8CCEB6E2-AACC-4B5B-AD23-909E3B154707,"Type answer to question, Another task"
1415324155,sid-D63DDB49-953B-41B1-837F-78F2B401CE98,"Select answer question option, Accept default option"
1415324155,"Meets
character length
requirements","Enter new password, Meets character length requirements"
1415324155,sid-32E18C0B-10CF-481F-97FD-0B0B932328BD,"Authentication failed, Authentication successful"
1415324155,sid-63927A3A-7789-4511-8054-DC4CC718E6BE,"ComplexGateway, Exclusive_Databased_Gateway"
1415459054,sid-A70E29EF-07A9-4A5D-AC6D-B8CB0207D4F1,"J, EndNoneEvent"
1415459054,sid-A232E2C7-7CF0-481D-9ABA-C841AC81165D,"P, J"
1415459054,sid-63FB9A01-926D-470D-8EBF-4ABE82CA2196,"E, D"
1415494550,sid-051A1D32-219C-4F27-AD01-2318FB16F4C1,"B, C"
1416251868,sid-12A9158F-A91B-4CB3-AF87-DE4D56F3B281,"sid-12A9158F-A91B-4CB3-AF87-DE4D56F3B281, sid-12A9158F-A91B-4CB3-AF87-DE4D56F3B281"
1416251868,sid-DDC36FB0-35B0-4882-A040-E16ED696B7B2,"C, "
1416251868,sid-526C323A-CE28-48DE-9F80-79054B5595B7,"sid-526C323A-CE28-48DE-9F80-79054B5595B7, sid-526C323A-CE28-48DE-9F80-79054B5595B7"
1416251868,sid-425A08D3-6C2D-46F8-A078-59D3E2E0B86E,"sid-425A08D3-6C2D-46F8-A078-59D3E2E0B86E, sid-425A08D3-6C2D-46F8-A078-59D3E2E0B86E"
1416251868,sid-9DC99CFB-803A-4E4B-9F6F-24E7757A910B,"G, "
1416251868,sid-B8880ACE-02B3-4422-986B-A431D90AC9B8,"H, "
1416251868,sid-F6C98B9A-51B4-4B28-AF71-CB0073DF871C,"F,"
1416468698,sid-6CC43B2F-BEEB-437F-9AED-BE8367861F8A,"sid-6CC43B2F-BEEB-437F-9AED-BE8367861F8A, sid-6CC43B2F-BEEB-437F-9AED-BE8367861F8A"
1416468698,sid-EAC9F70E-036E-44F1-9EB3-19026EF1251D,"AV, AW"
1416468698,sid-AF8E0540-B364-4689-98E2-2406BBC2334F,"Q, S"
1416468698,sid-2EAFD793-068F-4F52-86CC-F842A1CCADFF,"C, E"
1416468698,sid-98AA5A5C-1B7C-4E4C-AE26-97FA4E76087B,"F, I"
1416468698,sid-1068C8E6-6BB9-4FD1-821D-9DF8FF8CF9EC,"C, M"
1416468698,sid-0A1F0048-E34E-42EB-A6CA-E23CE1559E79,"BC, BD"
1416597855,sid-E4ED2941-7A6C-4A59-8ABF-34D401CE19A5,"Ask additional information, Check application for completeness"
1416597855,sid-90593090-ED6E-4757-91D0-C06FA1080B6D,"Produce and deliver credit card, max 14 days"
1416597855,sid-71455F0F-3C5B-43A2-9C35-E9586B679105,"Produce and deliver credit card, credit card is not produced"
1416597855,sid-C3C838F2-58D3-48ED-88F3-D66DAB1D265A,"Produce and deliver credit card, customer notification"
1416807492,"Student's profile
 attractive to 
prospective 
employers?","Search for jobs, Does student want further assistance?"
1416807492,"Application
successful?","Interview preparation consultation, Search for jobs"
1416807492,"Interview
successful?","Search for jobs, Interview preparation consultation"
1416807492,"Does 
student 
want further
assistance?","Does student want further assistance?, Student's profile attractive to prospective employers?"
1416807492,sid-12602C01-4BD5-430B-ABBD-F99828374F28,"Register student, Analyse student profile"
1416807492,Interested in application?,"Assist with application, Search for jobs"
1416808784,sid-F7ACCF99-1766-4C97-BD71-576E8F3EE04F,"O, P"
1417324229,sid-A6C2E2E8-FEDD-4D00-9847-4F1494811C24,"M, N"
1417324229,sid-51B692E8-8BC2-46EF-8817-37419104C6A9,"K, G"
1417324229,sid-CCC28F7F-7C94-4022-918D-40AC246FA00E,"H, D"
1417324229,sid-26E1033F-6FE9-45B2-AA7D-9C07D1A77738,"G, F"
1417324229,sid-791FB906-1AC6-4E16-9A00-3D81FD4F6BC0,"AE, AC"
1417324229,sid-60DEA90E-A875-4870-8511-E15B30E27B99,"AH, AI"
1417962047,"Are planned
guerilla
activities
worth increasing
budget?","Dividing the marketing budget to certain areas, Generate ideas for guerilla marketing activities"
1417962047,Is it OK?,"Is it OK?, Acceptance of marketing plan and budget"
1417962047,Do they like it?,"Do they like it?, Present planned guerilla activities to Top management"
1417962047,"Are they
creative
enough?","Generate ideas for guerilla marketing activities, Are they feasible?"
1417962047,"Are they
feasible?","Are they feasible?, Are they creative enough?"
1417981448,sid-F9F6829C-E98A-419F-BEF2-70A3C4A40A05,"E, I"
1420244141,sid-A34B87DE-CAD3-4438-91E5-79C90305ED88,"A, C"
1420248604,sid-5D248B61-EED8-4347-A367-60316D65EE51,"F, G"
1420248604,sid-9F3A0384-00DD-49C7-909F-1AF125EDF9B6,"Since the Successor Names are listed as empty, there are no gateway names to provide. If you need further information or clarification, please let me know!"
142029195,sid-36173100-AC77-4D6E-8B47-E64BA01CA8A2,"Make counter-action, Take no action"
1420590078,sid-E9CB977D-CED9-4863-8064-CECC3D58DF02,"AJ, "
1420590078,sid-BD8C706B-2E0E-4631-97BB-B7717D405890,"W, U"
1420590078,sid-BC7E87CF-7BF2-4859-9F7D-D8165A344CBE,"T, A"
1421125189,sid-5923C4D5-570D-4326-8F60-B89EB7E2BFC2,"D, N"
1421352972,sid-6A8F3A78-06C5-4DA0-BE12-6FAD6D9220DB,"B, C"
1421352972,sid-FC477075-C64F-496E-9620-EF0B575A8B06,"AJ, AI"
1421352972,sid-FEFBC115-D00A-4728-A78D-C2D4043736A2,"AI, Exclusive_Databased_Gateway"
1421352972,sid-85966CD1-2396-4C30-8A66-460FB083056F,"AF, G"
1421352972,sid-D0E54513-5E7D-4119-8CFC-95D5D336F908,"K, L"
1421352972,sid-7B70F228-16C3-4F95-B60D-5A02FB1CD683,"M, N"
1422958914,sid-5EA59E52-3DF3-43DB-9B64-46410F4273A6,"Perform a work according to role, Check project progress"
1423504325,sid-7B91EEA1-FF76-45D5-988C-1415418C1986,"C, I"
1425037488,Proposal is reasonable?,"Travel offer from agency, Assess Proposal"
1425037488,Approval?,"Finance approval for less 1000, Approve RTA"
1425037488,Director approval?,"Document Director Rejection, UL Admin Director Approval?"
1425037488,UL Admin Director Approval?,"Create Purchase Request, Director Approval?"
1427101328,sid-D5485FEE-2824-4FA1-BC8A-BD0DBEC6C1AE,"creates a script breakdown, check the script"
1427746723,sid-F9C643D2-C07C-4A86-A8A2-0C77A1233F20,"Define new job position, Define education requirements"
1428196010,sid-9278F620-2439-482B-BF3A-78EE5533EBF1,"Send script and any existing lines from script to pick-up desk, Counting and verifing drugs to fill the script"
1428268536,sid-CABFF562-4521-4DCF-A7CF-6AD31231FAF4,"E, D"
1428268536,sid-5CBC39DB-DCAB-4A35-8812-FF2734776DBC,"AD, AA"
1428431143,sid-1EE22C67-0042-45E3-9D96-A941EF0D63C5,"assign resources, Close the project"
1428431143,sid-B9457AF6-EF44-4E51-91A4-43B031FCD045,"sid-xxxxxxx, sid-yyyyyyy"
1428431143,sid-05141FFF-2285-4191-BA6E-C82FE6CC408B,"fix requests, Close the project"
1428431143,sid-45579F23-FD7B-4B70-A265-3F9F92C98C57,"work on the next stage of the project, Close the project"
1428513220,sid-1B74A193-7712-4D87-A077-482EBA153F8F,"A,"
1428513220,sid-7D00D7E1-76C0-45F5-A158-5D35177CE034,"EndNoneEvent, Exclusive_Databased_Gateway"
1428513220,sid-667ADFA1-C860-4F93-9F42-BFF7559E25CE,"sid-667ADFA1-C860-4F93-9F42-BFF7559E25CE, ParallelGateway"
1428513220,sid-71657D20-0A00-4385-BB1E-83A7629B974A,"E, F"
1428844626,sid-C92D824B-8FFF-48E6-B69A-3B8DBC26BEAD,"I, B"
1429318074,sid-93FECFBD-407B-4CFE-BAB0-5EE019CD42A7,"New materials purchased, Notify manufacturing staff to begin production of televison"
1429839030,sid-A7D04AED-B80A-42A0-93F7-0E79200FA14D,"Return Item, Renew Item"
1430140684,sid-D0D44F24-A28B-406F-BDC7-6C79AD9AE50C,"I, H"
1430140684,sid-BB641AB0-D21A-49ED-8B10-902FE2DD6002,"L, M"
1430177937,sid-BDB0305E-CDA9-465B-939E-2F827819CA3E,"I, J"
1430279926,sid-723BF145-D58E-441F-B513-06EBDE7A0152,"Proceed to check in luggage screening, Exclusive_Databased_Gateway"
1430279926,sid-61AC670D-4D55-4BFD-A0AE-89622BC3E1F3,"Proceed to airline, Proceed to appropriate airline counter"
1430644864,sid-167686FE-B1A8-4C63-A193-780EC9A6087B,"psychometric test, Exclusive_Databased_Gateway"
1430644864,sid-9DF2D55B-F56E-4511-BA3C-8C688FCF0CEB,"second interview, Conduct two reference check"
1430909340,sid-D1CDA89E-C85C-447D-84E1-9A69ED4EEDC0,"G, "
1430909340,sid-B2119ED8-BE36-439A-9B82-C946A2AFBBB2,"I, C"
1432558858,sid-E0A7709E-11F9-40FF-9E27-333765D6906A,"R, S"
1432861624,formValidationGateway,"Notify not valid reason, Deduct amount from personal fund budget"
1432861624,exclusivegateway4,"Check form, End"
1432861624,exclusivegateway2,"Advisor approval, exclusivegateway2"
1432861624,exclusivegateway6,"Notify rejected and reason, End"
1432861624,Exclusive Gateway,"Exclusive Gateway, InclusiveGateway"
1433687210,sid-E4D7AC72-86AA-422C-A325-4FF2D4C57D55,"Reject claim, Offer benefit"
1433687210,sid-9E06EDAC-9B15-4333-A44A-B8701960B463,"Exclusive_Databased_Gateway, Exclusive_Databased_Gateway"
1433809608,sid-D1ABD552-4A58-431E-A85D-305A6767C456,"process urgent cases first, sort per client"
1433809608,sid-BC75D96B-0CB9-4F9D-B383-FF841D7AF458,"return to data entry officer, Change status from Parked to validated in SAP"
1433889999,sid-D68F42C6-AA0D-4F7F-AF0C-4469D1DD615A,"W, X"
1433960192,sid-AFC9EA8A-A717-40FC-921D-E7DEEFE4C5A1,"AP, AQ"
1433960192,sid-10D9A33A-DF1B-4A21-9E5C-717B0BD7CFF1,"AS, AT"
1433960192,sid-401819BC-C77F-441D-8000-D25EE3F55A96,"AV, AW"
1433960192,sid-182E576B-2169-48A8-A45A-CB495547D709,"AZ, BA"
1433960192,sid-5A3A52D2-3809-4B0F-8E91-0104CDDECFAC,"B,"
1433960192,sid-531026B7-5888-477D-B4D5-BE8CDE413732,"F, I"
1433960192,sid-A372F7B1-CF80-4FE2-9899-D20DC18FA806,"J, L"
1434895431,sid-6094BD16-53C4-4F31-B297-EB54931E6E56,"B,"
1434895431,sid-B99DCA62-C30F-4D67-B0FA-1D7BF800ADD7,"E, sid-B99DCA62-C30F-4D67-B0FA-1D7BF800ADD7"
1434895431,sid-A7CBFFFD-3C07-4541-BDA0-A677ED783E25,"H, S"
1434895431,sid-FB456E91-E7D5-4989-8630-5A8174FB0E8D,"I, L"
1434895431,sid-82BFD598-2C2E-4187-9F3B-B9B7C930AE32,"AS, AM"
1435195620,sid-B0B053CC-D080-4C29-B934-3071022AC410,"Rework Purchase Order, Reserve Funds for Payment"
1435195620,sid-C6E53DDE-84C7-43A4-918E-B748CD9CACAC,"Create Purchase Order, End Process"
1435383534,sid-7A12971A-A7A0-4A1D-8708-77A8BAAA8721,"Send Information Unique, Send Information not Unique"
1435976191,sid-C8F83EB8-D029-46D7-BF6B-EFD3EAA8C4CA,"V, U"
1436262813,sid-CBCB37D1-1B65-40B6-95B8-45FA87F549DF,"HR approved, Task Email Notification send for approval"
1436262813,sid-1A6C75F5-6C60-413C-97FC-DD5F96EAE2ED,"Modify NGA.net Application and assessment Templates, Approve Requisition to Recruit"
1437627110,sid-AD54BBAB-4CCA-42AE-98A1-5CB12451F7C5,"AW, AX"
1438456188,sid-82106738-5667-4A0B-8E40-DCBF9E85E1AE,"Assign penalty points, Check process model"
1438485392,sid-E532E932-3B0D-4598-8896-9ECF030D859B,"AB, AJ"
1438764934,sid-6FC3F2E3-C6B2-48A9-B452-9EF7CAABC68A,"E, C"
1438978812,CK,"CK, CO"
1438978812,CO,"CO, CK"
1438978812,CR,"CR, CS"
1438978812,DE,"DE, DH"
1438978812,DG,"DG, DF"
1438978812,DH,"DI, DE"
1438978812,CC,"BU, CD"
1438978812,DS,"DS, DT"
1438978812,DT,"DT, DS"
1439289734,sid-1BACEB00-B252-4138-BCA5-EA12EBEE45C3,"Accept claim, Reject claim"
1439408517,sid-9C40F29C-7B84-42A7-A3F9-DBE1315B5997,"G, "
1440398713,sid-9B8E26C8-72A2-43EC-993A-B88EA37C2642,"V, U"
1440578351,sid-E71AF28C-0022-4087-B77B-8082344B7039,"N, O"
1440578351,sid-8DD5A6A9-7907-41BB-8151-6052DCAA1132,"B, F"
1440899268,"complaint
accepted?","rejection sent, infringement cancelled"
1440899268,"payment
correct?","case closed, notification"
1440899268,"really
death?","check death, infringement cancelled"
1441211022,sid-7E53F9C7-5735-4E8F-9F50-D8E5FC0B3F79,"M, N"
1441211022,sid-B1461617-C957-4610-9BD0-E26E9FEE6607,"P, O"
1441317687,sid-E3F0D990-C28E-4E3E-822F-C52F58630290,"R, T"
1441317687,sid-09C60117-D91A-4DA1-8C90-D1B621C0C869,"H,"
1441317687,sid-5E508638-E82A-44C9-913A-B94CE3B35828,"N, O"
1442348621,sid-C8D591AB-AF3E-4CC0-827C-9CB7FBC725B0,"ParallelGateway, ParallelGateway"
1443471702,sid-1B44D530-BABD-4B16-B2E8-7A73EA2EA7E7,"Cancel Itinerary, Reserve Ticket"
1443471702,sid-5CA73FE4-1486-4DE7-A451-35EF20684591,"Change Itinerary, Receive Reservation"
1444150401,sid-47FE1FCC-F561-4747-9253-B28F5CAAC8CA,"Place order in ERP system, Reject the order"
1444150401,sid-DDFA24A4-EC4C-4470-93A8-1FEB5A140B2B,"Start production, Take product from the warehouse"
1444150401,sid-3B025CCB-0EC5-4F6B-8106-AD06723F9A0A,"Check reminder >3, Send Christmas card every year"
1444150401,sid-8FD7FC87-FFE1-4180-A85D-9B740E470795,"Take legal actions, Send reminder"
1444862536,sid-C2B99E50-BECD-41EB-9660-208A51EEBF2D,"choose movie, go have a drink instead"
1444862536,sid-C849450B-D769-4D74-8355-29E2F604A94B,"go have a drink instead, evaluate movies"
1444954027,glossary://623fdee32f31432cbb5354da222d9bb5/available?;;,"Check customer, Create customer data"
1444959650,sid-39A6506D-B140-4FC8-B9AE-AEE51385B3EC,"Send Signed EU Contract, Send signed NonEU contract"
1445301124,"Verfied, ok?","Communicate with Customer, Analyze the RFQ"
1446615653,sid-04FE9D67-34CF-4E0C-9F79-94282E5BD06D,"I, H"
144687077,sid-94EF0EF6-704C-4340-8B50-F6C8F7D1B5DA,"D, E"
144687077,sid-7F76936D-5A80-40D6-B0B5-6B686D3B67E1,"G, H"
144687077,sid-DFAB03D2-BFC0-4BE9-B706-06FD064D4AD6,"I, H"
144687077,sid-509ADDD0-D4F8-4F7E-8FB9-E29907BEC7C0,"C, N"
144687077,sid-B11F326D-D10A-49B1-815E-9F0AB935500C,"P, O"
144687077,sid-3A1F8715-0B8F-447C-87DE-824EEBC4EDE9,"N, J"
144687077,sid-5064C909-E1E9-4FD1-88DA-0F06C9526F1F,"V, U"
1446984592,sid-DC235483-52B7-4FE5-BDD2-216968A8D6A0,"InclusiveGateway, ParallelGateway"
1446984592,sid-05A00C69-338B-4530-A252-9C3010B93CEF,"ParallelGateway, InclusiveGateway"
1447180736,sid-B7BA16AC-1F17-47AE-826F-71D07BFE17C9,"Confirm purchase order, Reject purchase order"
144721027,Approve?,"Send Purchase Order, Review Suppliers"
1447245883,sid-782D7633-88CD-4108-BA66-0D424EC7C318,"CSC assists citizen with potential problems, Evaluate application"
1447245883,sid-73A0DC51-495F-48B3-8855-66472AAB11A2,"Evaluate application, Citizen needs assistance"
1447245883,sid-85479287-DEB3-47EA-B693-9190E171E6F4,"Fills out the application with all needed info, Back office assists citizen with potential problems"
1447245883,sid-0EC034BA-4E51-482B-A13E-FA5305622D03,"CSC assists citizen with potential problems, Application info correct?"
1449363307,sid-CA84B988-C4A0-453F-84F3-E640482237FB,"O, EndNoneEvent"
1449363307,sid-2A4A7DDE-2732-4B90-B665-3B1B7F17AD14,"L, N"
1449363307,sid-F0A337C5-8381-4C63-95C8-95126F4B103C,"M, O"
1450812506,sid-031529B3-DDDF-4590-8421-5C4BB605A897,"AQ, AR"
1450812506,sid-984C2F3C-716E-4657-928D-089348DDE741,"sid-984C2F3C-716E-4657-928D-089348DDE741, AT"
1450812506,sid-4C4E8D55-8FCB-462C-9E1E-BB4ED831125B,"AV, AW"
1450812506,sid-BA9B00C4-6667-4B74-B8DF-463EBB78A136,"V, U"
1450812506,sid-3CB5DF72-CB3E-4AA1-B3EA-9413156B5400,"X, AF"
1450812506,sid-7F1B85A3-4743-4748-A600-B75C62A73485,"C, H"
1450812506,sid-0D6394DF-BA48-48D2-AC27-9CBB5F501C3D,"K, L"
1451117556,sid-C8F01A52-DA26-4AC1-8B7E-AD16BAABB9B3,"H, L"
1451117556,sid-F61005B2-8C97-4B57-9B70-BC05D47BCC1D,"N, M"
1451486760,sid-A0FA74ED-3EEC-4820-A14B-F24EE2DBA2AC,"Check Request, Exclusive_Databased_Gateway"
1452249785,sid-C5842325-B165-4656-BB2A-C68F2CC896A9,"C, B"
1452341269,sid-3B0E409B-3BA1-4B67-9725-965D412B7AE6,"F, A"
1452341269,sid-F17E0A4D-588F-4357-A5D4-EEF5A74BBDE6,"N, P"
1452460062,sid-F721E0F6-8C42-4C99-BF94-E47BFF7A6635,"AL, EndCancelEvent"
1452460062,sid-B6061EBC-486C-4D80-82EA-4EDF74ABB8DD,"AO, AP"
1452460062,sid-278A4B3C-BE92-4FE4-9812-852C67B4B440,"AS, AT"
1452460062,sid-99F98EE3-91EB-436A-9DEE-C8C631F18416,"AZ, H"
1452460062,sid-F9DB241A-6485-46D2-9CD6-982D0ECA898E,"F, G"
1452460062,sid-A4AC2408-99D9-4833-9CA1-1C3977D8C3C6,"BA, AZ"
1452460062,sid-D34C4EF5-8EA8-4335-9B56-48D622F85E2B,"sid-D34C4EF5-8EA8-4335-9B56-48D622F85E2B, sid-D34C4EF5-8EA8-4335-9B56-48D622F85E2B"
1452579501,sid-1EDC3278-6457-4D3B-8A68-A04A5FEDA8BB,"Profile information not approved, Profile information Confirm"
145296655,sid-8C5E6C9A-C3AE-491B-BCC1-1E7F9BD5DD82,"Part(s) requested from stock, Service the Vehicle"
145296655,sid-1EF4023D-EE75-4CE4-BF94-AEBF86CC4040,"Place priority order, Service the Vehicle"
1453524675,fees ?,"register seminar results, create purchase request"
1453524675,"purchase request approve ?
","notify rejection, approval notification"
1454352218,Follows Guidelines,"Return RFQ to Customer, Analyze the RFQ"
1454430246,sid-15CD8A8F-CC68-4F91-A697-7BB5A797470D,"D, C"
1454430246,sid-26A1E139-B5F7-4CAC-8FD6-17D286B2738B,"Exclusive_Databased_Gateway, Exclusive_Databased_Gateway"
1454430246,sid-50F4C44A-3029-403A-B378-85A3379063F0,"H, F"
1454510921,sid-F85FF900-DBA0-4CED-A609-84F85209AD1D,"penalize, Check model process"
1454510921,sid-4F2EF133-035F-42BF-87CF-F02595CB415D,"Perform work according to role, Consult project"
1454548806,sid-9A02305A-9AE3-4D51-A74F-5A1519E340EE,"Declinement the inquiry, age?"
1454548806,sid-E5410E64-2137-4467-A4C2-E98BED2C833A,"Declinement the inquiry, age?"
1454548806,sid-CA48C0E2-72D4-426D-964B-CF8E37C62F69,"close inquiry, age?"
1455090867,Loan Volume,"Loan Volume, Process Request"
1455090867,sid-C56F5F03-1A26-436A-93D0-085A9F544273,"EndNoneEvent, EndTerminateEvent"
1455357281,sid-016632FD-B073-4396-B3EA-3B5E7746DF02,"G, V"
1455357281,sid-17431B6B-A158-463A-8802-A148596E3416,"W, AB"
1455383864,sid-14E3A782-33B7-45E3-9A7B-1A9F22C2AF08,"Call client, Return Invoice via post"
