Model ID,ID,Gateway Names
609292164,sid-4230339D-4744-48A9-8134-177FC9D8E066,"K, "
609292164,sid-1679B4B1-30B6-4AE3-BF85-22F8A4166E57,"EndNoneEvent, Exclusive_Databased_Gateway"
609292164,sid-C503F2CF-DC80-4DBE-A206-7F79B2FF222C,"M, P"
610065944,sid-E2D7EACB-1BE8-4747-B5FB-6E355B5FC298,"Batch Invoices, Handle Non Compliant Invoice"
610103995,sid-59944E75-125B-4121-BBE8-C8493AA91E06,"E, D"
610177401,sid-222F38AA-3DC4-45F0-B019-6D2D9E8F3E95,"make ticket as available, Book seat as sold"
610177401,sid-CADEF8E1-A5E1-486C-BF17-9652356D031B,"make ticket as available, check if ticket is already booked"
611041150,sid-BC7FD63C-7EB7-4F86-A380-C35203239B33,"Ticket with baggage requirement, Ticket without baggage requirement"
611041150,sid-F2A580B4-26DC-4A11-8732-F7D06A45AA57,"Choose return flight, Successor Types: Exclusive_Databased_Gateway, Task"
611041150,sid-1F866BB1-11EC-4498-B88A-5DEA551B2390,"Ticket with baggage requirement, Ticket without baggage requirement"
61119072,sid-884AA933-221B-4CFA-B9A8-57A296486AC1,"N, M"
61119072,sid-A6F457F3-B15A-434E-AF10-624A73AE1D62,"O, "
61119072,sid-D0426D65-1938-44E1-80A8-322DD79099DE,"sid-D0426D65-1938-44E1-80A8-322DD79099DE, R"
613108495,sid-9F30F09A-0244-473B-BE09-628F2E152D9E,"Recive invoice, ticket"
613108495,sid-2BA043DE-0185-4091-9277-A5A29C75D0EE,"Accepted, Rejected"
61447406,Check for completeness,"E-mail sent regarding incompleteness, Send copies to academic recognition agency"
61447406,sid-9690C334-98A8-4B7C-91E6-6551BE8E7EE4,"Send rejection by email, Send confirmation letter by post"
61568476,sid-90EC35D7-A4FC-43FD-AFDC-02240805BDE1,"Response, No response"
61568476,sid-5F4211C3-CC34-4870-8DC5-4896A99C942E,"Disregard, Phone call Follow up"
61568476,sid-CE07F6FC-8E0B-4527-B850-72BD49145230,"No Answer, Answered"
61568476,sid-45CCD8B9-66E8-4DB1-AD2D-A39904ED3215,"Response, No response"
61568476,sid-67222513-489A-42B7-89A3-2FA832C149AF,"Disregard, Call Client for Follow up"
61568476,sid-A7C464F7-E1DE-4982-87C4-513CC8104029,"No response, Client responded"
615817776,b502bc5b-c62f-4b04-aec4-48ecef638765,"AT, AW"
61615534,sid-1C0F0861-A131-4CE5-AC5F-B37063F16186,"F, E"
61615534,sid-B5C3A8F2-1461-436D-AC98-4CA26099AF17,"E, I"
617089198,sid-3D18A49F-0A54-4A83-8C01-54F1982DFDA0,"AC, Exclusive_Databased_Gateway"
617674446,sid-2D0FAC83-22BD-4832-B004-AE58BCC224EF,"Supervisor 2 review request (approve necessity and conformance), completion of a paper based form"
618312775,sid-A5CD2DD7-0915-42E0-B21E-98A24CAF8C22,"K, "
618357287,sid-A455585D-A5D8-4045-A1AC-EC7542DC6808,"E, F"
618731534,sid-B246F562-4620-4C6D-8F73-9C690FE6769D,"Based on the provided information, the output would be:

EndNoneEvent, IntermediateMessageEventCatching"
619312916,sid-FEDD2229-498A-41BA-9544-9CB192B36FBC,"Inventory level at or below minimum, Inventory Level above minimum"
619312916,sid-9CC485CE-9EC3-4570-946C-EE0D77D87E50,"Purchase Order Approved, Purchase Order Rejected"
619446797,sid-C4B1446B-F587-430B-854D-0D816BECBFD5,"Primärtumor T0, Primärtumor T1mic"
619757282,sid-2836E922-CEA6-4975-814E-8DF709A02A32,"Put Liquids/Aerosols/Gels into transparent pouch, Consider/remove items from hold/hand luggage"
619757282,sid-9297DBEF-32EC-4BDC-803A-41A49E49307E,"sid-9297DBEF-32EC-4BDC-803A-41A49E49307E, Exclusive_Databased_Gateway"
619757282,sid-F3F30DFB-062C-4709-9FF1-EA5C10016D73,"Dispose of LAG items that exceed limit, Adjust luggage to accommodate extra LAGs"
621001155,sid-1DF9012B-9A54-49BB-9F88-9EC254338326,"F, H"
621001155,sid-48396754-3532-41EE-835F-43BA6CDBC3CF,"P, S"
621785517,sid-F1D39861-2453-49EA-B328-AB5D8AAE8182,"Auto confirm all stock in MD1, manually enter data to create pallet labels"
622103350,sid-DCFC9840-A3B1-428B-8D4E-33947247DC80,"P, Q"
62274650,sid-A636C562-BCCC-4D43-8B16-67BC66C7BAA1,"Q, S"
623618862,sid-923D42D5-A0C8-497B-9CD6-8258AE01B8CD,"D, H"
623618862,sid-82CCDC6A-F0A5-4ED3-A342-CBF63CA0C53E,"K, J"
623618862,sid-B4EBC40C-BBFE-4834-9618-89B043C345DC,"Z, AA"
623618862,sid-A2E11148-B7B5-4030-A754-A9C6224FE226,"AJ, "
624142720,sid-099FEA49-545C-461F-BD16-A912C8A1AE00,"S, T"
624142720,sid-0EC882AB-6504-48CC-B837-5C764DACEFDB,"B, F"
624142720,sid-4A0B5D5A-2C01-4096-A69F-5F0D9572284D,"D, E"
624341248,travel with ticket order?,"travel with ticket order?, the mission order is valid?"
624341248,the ticket order is valid?,"The ticket order is valid?, prepare ticket order of SNCF"
624634784,sid-8299F00E-E14D-4DE9-AA87-2317C69ED58E,"Contact next candidate, determine when offer can be made"
624634784,sid-CD41C14E-9973-47E3-B283-6F180878BC90,"select another candidate, close vacancy"
624634784,sid-7B037B5E-E7FC-4B8A-8F90-069808573640,"choose another candidate, candidate recruited"
625067191,sid-77E62E03-29B3-44B4-9FD9-3A3AE3872EA9,"check the process model, penalize"
625067191,sid-0D733F83-12F4-449D-BE6A-076AE1377ECE,"present the project, perform work according to role"
625393671,sid-5FB313F4-C02C-404A-A642-9107128B02AC,"AD, L"
625393671,sid-C17F312F-BA95-48F7-A830-827BA9658C54,"F, D"
625496079,sid-4F87CC75-C730-498F-8CBF-03D7B56C9F39,"Consult with the next level manager, "
625496079,sid-6C9D6172-D357-4352-A160-8074CF97919A,"Complete & create/change Position Form, Review Terms & Conditions for all positions"
625496079,sid-2BC05175-EC8C-4CD8-A24C-33755DE26D6E,"Complete & create/change Position Form, Review Terms & Conditions for all positions"
625549888,sid-0CF3BF78-3098-4777-A047-29F90D76A91B,"Sign BR by CFO, Verify BR"
626887279,sid-2E5A17AD-4A80-4B5C-AE3F-642F28589525,"Invalid details, Exclusive_Databased_Gateway"
626887279,sid-685EEDCF-4A75-4055-A8E6-6BEC5EA254E1,"Invalid details, Logo in"
626887279,sid-1C855019-DB4C-439A-9DE8-CD65C7C02B3C,"Send the user error Message, Display registration page"
626887279,sid-7C007B9B-34AF-4F14-A954-EF6C541E6618,"User entered details are valid, Send error message"
626995746,sid-EB7C4CD3-C633-4938-9E4E-875C625D878A,"H, A"
627279665,sid-1D01CE65-DA66-428D-8DC3-C71E78F6C8C6,"Rework Purchase Order, Reserve Funds For Payment"
627279665,sid-0516B372-5122-4652-8238-29F39A48F113,"End Process, Create Purchase Order"
628269415,sid-E727EFAB-1209-416C-B58A-30828B1CA435,"S, AA"
628269415,sid-2AA9F860-6D53-45BE-BFB3-90AACE745FF5,"P, Z"
628947364,sid-98AFFAB2-1D5F-46A2-9FC7-2E24D3545014,"BK, BL"
628947364,sid-B61C2F72-70B6-4C33-827F-C999BDFA0C35,"D, E"
628947364,sid-CB9F2994-D876-491C-A9C7-B880128F77EB,"A, D"
628947364,sid-B32DC35F-9FB7-4D4A-88F0-423F093241BD,"G, F"
628947364,sid-BD22033B-E18C-4530-BBC1-6CE14B331C1D,"AK, AJ"
628947364,sid-343D7F1A-6C26-4C28-8FD2-E0626A6CEE78,"AW, AM"
628947364,sid-1ECF1EB4-7BE1-4EA2-81E9-BBAAC56B1CE5,"AY, AN"
628947364,sid-6B294980-4989-4A33-8212-5BC8335A5147,"AR, AS"
628947364,sid-830EDD57-9B89-4540-92CF-73F9334738F1,"AS, "
628947364,sid-0459EBA8-589E-4F58-8F02-FC12D513B721,"BB, BC"
628947364,sid-18C65093-FE81-4AAF-8A0C-9F517D28BE34,"BC, F"
6294034,sid-77932ED6-E093-4294-9640-90454099081F,"Construct Error Response, Retrieve Customer Information"
6294034,sid-B999687C-B7FF-4888-A5BB-4DBD14446B4B,"Construct Error Response, Calculate threshold amount"
6294034,sid-2CC407E3-5B23-45D3-AC40-7EFB7D9C143A,"Check Creditworthiness, Check Creditworthiness"
6294034,sid-EA3E76A0-EEC4-449D-93D8-2BF8917CB1D7,"Construct Approve Response, Construct Reject Response"
6294034,sid-908F3014-C070-483D-940F-393899512909,"Construct Approve Response, Construct Reject Response"
630156028,sid-B041EE41-58F1-4A62-9160-93A0BFEE4F6B,"Mirta or Manuel signature, Print the certificate"
631088590,sid-7E196C19-4A6B-4FC5-9F81-FD74A61E83E9,"Offer Immediate Help, Send Out Offer For Emergency Help"
631088590,sid-34C70A49-8D03-44BD-8A33-61242EC44DEC,"Do Internal Accounting, Ask For Rejection Notification"
632282696,sid-2BC1137D-71C3-4AE0-87BF-0859BFA7D7DE,"H, K"
632282696,sid-822D18BA-F750-4EE7-9FC9-3A19DAE17926,"K, L"
632444186,sid-089CE37F-2377-4D81-8FFF-4AC52E8BC8B3,"I, L"
632495744,sid-C34E79A4-9E5C-41DC-A8AF-018A49CA2DA5,"B, F"
632495744,sid-36A200B7-97C8-431F-B562-7FD0ACF3A71E,"C, E"
632495744,sid-9F24730D-21C2-4D66-853B-1261ABDDDBBE,"I, K"
63280544,sid-2FCA12D3-0C60-400F-B400-FAE8EAB2595D,"write applicant that he cannot become a member, stamps ""new Member"" on the letter and writes date on it"
63280544,Mailbox leer?,"Mailbox leer?, EndNoneEvent"
63280544,sid-7944273C-144B-419C-978C-AD38827CF3ED,"Telephone call to sender, add incoming mail number, date and record in the letter book"
63401632,sid-900D146F-9FFC-4131-8336-3CA02AD8A4D2,"sid-900D146F-9FFC-4131-8336-3CA02AD8A4D2, G"
63666241,sid-E6DC078F-9D1E-404F-AC56-4EEDCC868133,"B, C"
637498412,sid-FB3663A9-DF6D-45C5-8481-0BFC7532D3F8,"C, B"
637498412,sid-51049CED-DC5D-4378-B894-16157992391D,"sid-51049CED-DC5D-4378-B894-16157992391D, M"
637498412,sid-259656F5-429E-48F5-BB8B-8D99E80184F6,"AY, AX"
638891758,sid-17DA0CD1-8F25-4C24-886A-D78DDD6A52A6,"J, R"
639378981,sid-AC159ABD-0200-4FEE-A014-2A21C683AEF1,"T2.1, T2.2"
639378981,sid-857F7C78-6535-4729-9C88-EE9FBBB30411,"T2.2, "
639924554,sid-20565B8D-DDE4-4531-BF54-C9727276B435,"P, O"
640229059,sid-89A1D356-CCA2-481E-8839-4B62B3473FDB,"G, E"
640321487,Item Available ?,"Send Item, Procure Item"
641260070,sid-0E20CAC4-2E37-4B23-8623-F80F6E87511A,"M, N"
642216932,sid-526AB2D7-5E5E-4A3D-A862-BA30A11D6B1B,"Notify headquarter of goods to be ordered, Set up individual contract with customer"
642216932,sid-3C573813-831C-47DE-8B63-24FBAAFFAB02,"Receive order confirmation, Verify order"
642518030,sid-20AA9C88-98CE-400D-AB7B-69B77EAE325A,"H, G"
642518030,sid-8DB5A718-D86A-4218-9C47-9053338FCB50,"AU, AR"
642518030,sid-ABD9B998-E826-49D6-A23B-6180A11BEC04,"AY, AZ"
642518030,sid-86458961-5836-4DB3-9E29-232A9445D96A,"U, "
642718681,sid-8C8C877A-F159-4DBB-AAF0-27A48E34D588,"Approve Change Request, Determine if change will be acceptable if more information provided"
642718681,sid-496E5471-799D-48E4-9293-DECB2B7D0755,"Reject change, Request for information from Change Co-ordinator"
644064385,sid-19AA1FD2-CDB7-407E-B901-35259BE3EDE4,"Finish the order, Check number of reminders"
644064385,sid-8766E2F7-6462-4752-B0CD-F9FD1D0413B8,"Check number of reminders, Start Dunning Process"
644064385,sid-D901E0A4-0C40-40E9-905B-56E30CA7AA80,"Check Customer, Check Customer Type"
644064385,sid-80B03BEF-8C6B-4E3D-BB20-E020344C62BC,"Send order status information, Check Customer"
644064385,sid-1FFDE0B2-400D-4C04-A645-7B317678E0B4,"Check type of ordered goods, Send order status information"
644064385,sid-0FFD529C-61C5-4A07-89F7-D2CAC02626B8,"Send order status information, Send order status information"
644064385,sid-B61FFB28-194A-427A-9D73-A08506CCB99A,"Prepare Goods, Production of goods"
644353966,sid-2D237980-1517-47D2-861C-013E982600FE,"check request, check conditions"
644691505,sid-9F43B832-3105-4EBA-8C65-FF4267CA8CFA,"Intake, Potential client"
645086080,sid-1FA4B305-94A7-4745-A4F3-38FC16E15052,"Fill books request form, Fill journal article request form"
645176267,decision client,"Check and repair, Client takes computer at home"
645186031,sid-D7E6FB19-1E0A-4EC6-8540-3820D23143CA,"F, E"
645408147,sid-73B1DA50-5B09-403A-B53B-D15FC60DFC2E,"Select normal shipping, Select Express shipping"
646292685,sid-DDED9F62-4D68-4CF8-BB8E-767EFB79BE8A,"AF, AG"
646292685,sid-C4B708D2-38E7-42D3-94C0-E58378E51FD9,"AK, AE"
646292685,sid-6CF578E8-871C-474F-A0B2-F85D31584E05,"AM, AN"
646292685,sid-98C20AFC-AD16-4E9F-8063-F910751487FB,"B, C"
646292685,sid-51E0ABC9-41C7-4D57-A527-2D9CDDDCE4AE,"AS, Exclusive_Databased_Gateway"
646292685,sid-60632233-2524-43A0-B578-33EEB93935D6,"AV, AW"
646339890,sid-C97C5620-6717-40DC-961B-7A2A3FAB405F,"C, D"
646339890,sid-C2F74879-82BF-45B4-943C-67F3FA0ECC43,"D, E"
646339890,sid-8DDD2A57-2AD5-41F3-8899-B5EB69B92D0E,"sid-8DDD2A57-2AD5-41F3-8899-B5EB69B92D0E, AZ"
646339890,sid-5F2F2B9D-93D6-47FA-B2B2-A37FDDA6090C,"sid-5F2F2B9D-93D6-47FA-B2B2-A37FDDA6090C, sid-5F2F2B9D-93D6-47FA-B2B2-A37FDDA6090C"
647816821,sid-FAD5DE6B-6200-4DAD-AEF9-C90AB7224F1F,"ParallelGateway, Association_Undirected"
64940344,sid-3F2E748B-0684-405F-9CED-0D8404FB0369,"G, A"
649509705,sid-B6726FA2-E83F-4F94-A26E-4252FA7E0C83,"Request credit rating, Check if income > 2.000€ and requested loan < 100.000 € (Bank B)"
649509705,More than 25000€ ?,"Check security with customer, Send offer for 15% rate (Bank B)"
649509705,sid-5DF81961-20F8-476A-B165-3192AC4CBBAF,"More than 25000€ ?, "
649509705,security available?,"Send offer for 12.5% rate (Bank B), Check security with customer"
649509705,sid-B7BB84AD-1849-4F88-9FF2-1CC4DE37B796,"Check eligibility for Bank B, Send offer for 20% rate (Bank A)"
649509705,sid-7B303FD1-7E70-4878-8C1A-535896923099,"Send letter of regret, Send offer for 22,5% rate (Bank B)"
650289518,"Referee Reports 
Completed?","Flag, Send Reminder"
650289518,"Psychometric Test 
Required?","Psychometric Test Required?, Receive Interview Candidate Feedback"
650289518,"HR Specialist
 Required?","Schedule Test With Third Party, Complete Pschometric Test"
651486687,sid-9AF00E08-7A06-4671-80DF-2FFFB9E81FB9,"Sign In, Register an account"
651486687,sid-AD39CDA3-E443-4FC4-A4C6-D32EA03C4037,"Select Shipping Address, Verify Shipping details"
651486687,sid-63B9616E-78B8-4A77-AE69-2D1374D53E6E,"Register an account, Sign In to existing account"
652293000,sid-D14E139B-2CBA-47ED-B1DF-C73F2AB40FB8,"request vendor new master record, Exclusive_Databased_Gateway"
652293000,sid-F6C09AFB-EEED-4E4A-9BEB-EDC4EDF5B9D1,"24 hour turnaround, 1-3 days turnaround"
653211294,sid-C74CC60F-4045-45FC-9236-5B3B20332F56,"A, L"
653859838,sid-2CC6AB1F-0B71-4E28-A6D6-AC503642FE2F,"P, D"
653929232,sid-AEDAA34A-4EB5-4249-8C3C-079D58D055F8,"AE, AH"
653929232,sid-ECAB347B-EF93-49FD-A82B-AAC4716E500F,"A, "
653929232,sid-573B917F-161F-40B0-A9D7-BA5156EEA21E,"A, "
654044828,sid-E2C19A7B-FD17-4A3F-B098-37A63EE6DD9C,"add relevant costs centre to invoice, reject invoice"
654044828,sid-73C08779-AF1B-4DE2-8C78-D02751EECBF6,"return to client, Check SLA"
654044828,sid-A03AEFF0-D808-42D9-9B10-19D26EAD759F,"Red stamp, Exclusive_Databased_Gateway"
654044828,sid-359B6464-6097-41FD-9CF1-CB26CAE3ECFD,"Enter Immediately, Normal Workflow"
654044828,sid-05CFC3C3-B847-48B6-B8B9-69BEA8634221,"sort by vendor, sort by invoice amount"
654044828,sid-05D72E20-0C6C-49D9-9FF1-FD76E010CDAD,"Exclusive_Databased_Gateway, ParallelGateway"
655016606,sid-88CB1291-2BD8-43A2-B863-8FA62FF7A63C,"View, Edit"
655462053,sid-80625C1D-2B78-4343-9E10-EBE858B4BE74,"tick no in relevantbox, tick yes in relevantbox"
655462053,sid-42D8E0B4-9A21-48DC-BF64-FE8061C4571F,"check data quality, verify user details"
655462053,sid-5C0DDBEC-6F13-408D-BA70-429AB155925C,"send to experienced SSP, return invoice to client"
655462053,sid-1A85FD5C-66F6-4631-AF68-3FA26637D623,"batch, allocate to Data Entry Officer"
655530799,sid-14991445-B074-42B0-BAD6-E7A6E0B6B330,"E, F"
655530799,sid-78B9165D-560A-4055-9227-782079B8437D,"K, L"
655530799,sid-4050E6A2-DFA5-46AE-A0F6-1200A62FDF6D,"M, N"
656283341,sid-59D4BD83-F41C-44AB-A89D-AAB9B22C29DC,"AA, AD"
656412528,sid-6EED8F3D-BE83-4FEB-AE1E-F643150D8580,"sid-6EED8F3D-BE83-4FEB-AE1E-F643150D8580, T2"
656412528,sid-BFF770FC-CA7F-45CE-B26A-C9525F58EEB4,"T2, T4"
656855918,sid-CD25E244-91E0-4DAE-8BA7-9C1509CB3D24,"No offer, Offer 20% interest"
656855918,sid-C2AF42A5-C709-4488-B87D-C241041C380F,"No offer, Check amount"
656855918,sid-AF804E3A-26FB-4A33-84DF-C2DA9A519078,"Pre-check by external credit rating company, Contact customer for security as basis for loan"
656855918,sid-2591E7BA-4CE1-4373-BE86-C42CF65038C1,"Offer interest 15%, No offer"
656855918,sid-126C958A-3023-43CF-A218-1D228458407C,"Offer 12,5% interest, Offer 22,5% interest"
657669861,sid-0DB8F095-6CCE-4E3E-BAD9-B8BBD1CF69DB,"D, F"
657734139,sid-1404A1CD-0CD6-4847-A99C-F6FED1285707,"Display Authentication Error Page, Login Page"
657734139,sid-4AEDC795-8230-44B4-A0F7-53694B4D5238,"Display Authentication Error Page, Load Permissions"
657734139,sid-540BACBD-2CD0-41B6-BA99-73AB13B9FE29,"Authenticate through Local DB, Redirect to AuthenticationProvider"
657734139,sid-4DAE688B-7719-4444-8E6B-395151860D3B,"Display Authentication Error Page, Load Permissions"
657805172,sid-0B608F03-1AF2-4187-8CBA-BDE00CDFF5F2,"B, C"
659257693,sid-F24F019E-F0D8-425E-BC08-2BA450E046CF,"No data entry mistake, Data entry mistake"
659436514,sid-B03DA78A-73D5-475B-9BD1-B4F35EFAE760,"Task A, Sub-Process B"
659849166,sid-2B3DBA70-8F35-4964-838D-22BDD8232916,"S, R"
660002063,sid-EF95282B-4B3C-48E8-95CA-487B5CB3D11D,"I, H"
660779247,sid-207876E1-9762-40AE-BB86-0AE7D3D78512,"Complete Registration, Complete Registration"
660814312,sid-3B90CA1E-1A7A-42CE-B186-8C79E33804AD,"S, EndMessageEvent"
661226499,sid-5DED1747-25B5-4118-B8C3-9B1FE8950465,"EndNoneEvent, Exclusive_Databased_Gateway"
661226499,sid-1F583F4A-E2B7-452A-83D4-FCE23A7A6B49,"Q, "
661578351,sid-5773B8A3-06EF-4DBA-81F4-C58793C4620E,"Small scale business, Large scale business"
661578351,sid-2307318F-D9CB-4780-9FAD-C6B96B5E8E73,"Registration process, Determines to list more businesses"
662584061,sid-82539CDB-214B-48D1-866B-68A4CCEB37B6,"Receive Issue from QA, Run Regression Test"
662584061,sid-3A14805A-1E17-449B-A8CA-6B3AC91684DA,"File Issues or Pass Functional Test, Update Prototype"
662584061,sid-22674919-6739-49DA-B51F-11F8CCFC3CAB,"Request QA testing of Prototype, Update Prototype"
663081694,New Customer?,"Check database, New Customer?"
663081694,"check if customer =
 end customer","Create Order Denial, check database"
663081694,more than 3 times? ,"Order Negotiation, Order Denied"
663081694,Available? ,"Available?, Out of stock"
663081694,more than 3 reminders?,"more than 3 reminders?, paid?"
663759051,sid-4B761B57-69E5-492A-A06B-AC81CA8A794F,"P, L"
663759051,sid-288E3815-5F8E-4041-A766-D36C81A1A481,"sid-288E3815-5F8E-4041-A766-D36C81A1A481, sid-288E3815-5F8E-4041-A766-D36C81A1A481"
663759051,sid-DE02734A-F820-4BCE-BDE3-F8A140B59C43,"R, "
663759051,sid-C6B79D69-E167-444B-81A2-0B119B0D7FEB,"X, L"
663759051,sid-1E0D5C7A-89AA-4413-AC60-4BD333846F8C,"AI, EndNoneEvent"
663814305,sid-1734FA7C-A569-48DA-B877-BBEA85FD96F7,"Check SLA Arrangements in Excel, Tick complete Box"
663938989,"Is purchase order approved?
","Reserve necessary funds, Rework purchase order"
663938989,Is inventory at or below minimum?,"Is inventory at or below minimum?, Create Purchase Order"
664182312,sid-F617DCFF-D71B-4AD5-80D5-D3F49592344E,"E, B"
664387543,sid-79ADB7BF-2CCE-4DFF-8B9C-C8CD9DAFA4E5,"B, C"
664629352,sid-3C19254E-B605-44E7-BEC2-951767FB39FD,"I, L"
665704832,sid-E88F86D3-8B9E-4913-9580-005C31E0D35E,"open new case, Retrieve case history"
66589888,sid-2AA39E52-9B6B-486B-AFA9-96A8A395C095,"ParallelGateway, Exclusive_Databased_Gateway"
66589888,sid-6C24B2A5-9D44-4003-BC74-886DEEBC5283,"check feed -> has other users followed the company since timestamp x, check feed -> has other entry only one company follow"
66589888,sid-30582908-7826-4698-92B3-AE2614F470F9,"update feed, check feed"
666093764,"EXISTED 
ACCOUNT ?","EXISTED ACCOUNT ?, CREAT A NEW ACCOUNT FOR THE EMPLOYEE"
666093764,"AMOUTS 
UNDER
 $200 ?
","AUTOMATICALLY APPROVE THE EXPENSE, REVIEW BY THE SUPERVISOR"
666093764,APPROVED ?,"TRANSFER REIMBURSEMENT TO THE EMPLOYEE'S BANK ACCOUNT, EMAIL REJECTION TO THE EMPLOYEE"
666093764,"IS NOW THE 28TH 
DAYS  AFTER 
THE REQUEST ?","IS NOW THE 28TH DAYS AFTER THE REQUEST ?, SEND THE EMPLOYEE AN APPROVAL IN PROGRESS EMAIL"
666139558,sid-382748DB-7F95-463F-BA1B-F6D1BB956055,"S, W"
666139558,sid-F8AFD1EE-2885-4A49-BB69-5D09018430C1,"R, J"
666378391,sid-21821F68-E170-4112-93B9-B0C444C73BDB,"C, D"
667412558,sid-5CAAE41B-DB95-4A71-9CFE-48E9C51685EE,"L, M"
668228753,sid-AA54924E-1364-4FFE-9DFD-69079507F84D,"Locate Immigration Place, Get SmartGate Ticket"
668275609,sid-B34E6CE0-AD0A-476A-8511-9353D4D0A5E0,"F, "
668275609,sid-97BA0AC4-AC9D-4194-92D3-EED757C0056A,"F, G"
668275609,sid-BAD0D581-9784-4498-AB08-A72C536254E5,"H, V"
668275609,sid-661E460D-03D3-4CDB-8FA1-EAE2E35B0211,"F, L"
668275609,sid-47A83E09-8101-4DB0-B1A3-AACB5EDEB73B,"F, "
668277065,sid-32FEA2EB-B3B0-4FDB-88F0-2853D893CF90,"send products to Engineers, check part"
668312651,sid-C64CD7CD-2A8A-476C-BA06-544244F61B1A,"A,"
668312651,sid-541E7582-5090-48F6-AFA6-468D7C931070,"sid-541E7582-5090-48F6-AFA6-468D7C931070, E"
669260072,sid-BF25E45A-D0F2-4B23-ADAB-0112E7390F5A,"N, P"
669354686,sid-21E9D8DF-4957-44C4-ABA1-7907773019A4,"Notify claimant, check claim"
669354686,sid-716961B3-3254-4D8D-AC44-AED0C994FCA3,"send simple claim forms, send complex claim forms"
669354686,sid-A2E22590-5D76-4AB8-B5FD-29E213C0FE6F,"request update, receive forms"
669631443,sid-7592BDA2-EAFB-417D-8112-962BF5E4810C,"G, E"
670748888,sid-C31D412F-AC86-4BFB-B64D-06ED38E66FE9,"A, B"
670748888,sid-8FFE44CC-B60C-48C6-B971-0AA7DA446E72,"sid-8FFE44CC-B60C-48C6-B971-0AA7DA446E72, "
670748888,sid-B3A57A7C-4774-4462-B731-CBC3F9DCAA2E,"EndNoneEvent, Exclusive_Databased_Gateway"
670748888,sid-F73F1387-B90E-4DD3-AEF2-698137D7B661,"Based on the provided information, the output would be: Task, Exclusive_Databased_Gateway"
670748888,sid-C6BA9E34-EA0B-4A26-A192-4B5CE9A8AD38,"Exclusive_Databased_Gateway, EndNoneEvent"
670748888,sid-4AC0C4E2-2CCB-40D2-B0B6-78E6CCA6757D,"sid-4AC0C4E2-2CCB-40D2-B0B6-78E6CCA6757D, sid-4AC0C4E2-2CCB-40D2-B0B6-78E6CCA6757D"
671354152,sid-92F38875-E1C5-4AC1-9BDD-FE3D8744A613,"Z, AF"
671555932,1331a13b-de98-42be-9ffd-0a4d047ff964,"Return the invoice, Classify the SLA"
671570445,sid-2489DFF7-8A5A-4BB5-B38E-E9B6A97E9CE9,"Check script status and agreed pick-up time in IS, Search for bags in pick-up zone"
671570445,sid-98544AF0-81A2-4F83-9D64-358C76D14AD8,"Ask customer to come back at agreed time, Explain the reasons for delay"
671570445,sid-390DB513-7C9D-4BB6-BA03-15352EC0D469,"Cancel script order, Check negotiation results"
671570445,sid-A5886FE2-05C9-41B6-AF12-930E9FEAF9C3,"Negotiate pick-up time, Ask if customer can wait for 10 minutes"
671570445,sid-C5C62078-CBE6-4B60-8118-E29E596BD7D2,"Negotiate pick-up time, Find script order in store and add label 'urgent' to it"
671570445,sid-F0E6FE05-2BE3-4CF9-B8B4-67B042C0B289,"Search for bags in pick-up zone, Pickup failed"
671920369,sid-9B5A72B8-56F3-4D8A-B6A9-D70E9F0081A2,"IntermediateSignalEventThrowing, Exclusive_Databased_Gateway"
671920369,sid-30AF5897-66C8-47B7-9434-B3CF77420844,"T&C Renegotiation, Written offer and Commencement Package"
671920369,sid-93820069-1929-40C5-B5D9-D56A6E392670,"Contact Next-in-line candidates, Organise Medical Assessment (If Applicable)"
671920369,sid-6FC2D3DE-F6B8-4718-8C3E-D0E127CE35F0,"Agree on chosen Applicant, Contact Next-in-line candidates"
671920369,sid-936B008A-06DA-4357-A2B8-817C1D5949CA,"Contact Recruitment manager to explain items on form, "
672872024,CS,"CS, Exclusive_Databased_Gateway"
673067915,sid-1DDF8959-0EF7-4099-A600-8BA648E29377,"F, I"
673837673,sid-2FB6E6A6-403D-41A0-BB38-057EF196868C,"interviews, Exclusive_Databased_Gateway"
675183859,sid-5AA291C6-5DDB-4B4C-80B8-7D6B211D63E9,"O, N"
676037723,sid-C71C15B6-4679-4896-A0B5-5C4ABAB77F25,"C, D"
676944344,sid-5EB3C951-B585-4977-BDC2-527C67A25189,"Arrive at Upper Class Wing, Arrive at airport car park"
676944344,sid-79DB83C7-DAAB-48E3-A954-151DAF31F88E,"Arrange for Pick-up service, Enquiry of Fast Track service"
677026226,sid-9983A86C-A935-4E92-B699-63BA7AA6D71D,"AL, AK"
677026226,sid-CDDD0ABB-0DFD-4F8D-A5E1-AB73875F7AAD,"Exclusive_Databased_Gateway, IntermediateMessageEventThrowing"
677026226,sid-CACF0273-1360-4F16-A7D6-30083582A71C,"G, H"
677026226,sid-0F57E803-61A0-4EF5-92E0-0F78DE434C18,"J, K"
677026226,sid-85EACC77-71E2-4CCB-AACC-F085A959D63B,"sid-85EACC77-71E2-4CCB-AACC-F085A959D63B, sid-85EACC77-71E2-4CCB-AACC-F085A959D63B"
677625982,sid-0874F73B-6753-4247-BF2C-C28B08B08611,"Send Email Trigger to ""Daily Inventory Order List"", Receive Payment from Customer"
677625982,sid-C4B6F8E8-C02F-48C2-A41C-07C10D5A3BA0,"Check Packing Slip, asdfasd"
677760766,sid-C207D4EA-FFF9-493F-BA29-426536BC258E,"Create Purchase Order, Check Inventory Level"
678557425,sid-458E8F23-70F2-4109-AFC5-114A8994D7A6,"D, "
678981393,"Check voluntary 
redundancy 
from Australian
 government institute ","Investigate the details, Discuss certain aspects of the position with candidate"
678981393,"Check
variations 
to standard
 Australian 
government 
policy","Attach a complete business case to appointment approval, Scan a copy of completed form in GovSourse system"
678981393,sid-A49EB6F8-DDB6-483F-B9D8-D34BD1D9EE74,"Renegotiation, Make formal verbal offer"
678981393,sid-3311D74A-19E4-4663-AF90-2B3E48555944,"sid-3311D74A-19E4-4663-AF90-2B3E48555944, sid-3311D74A-19E4-4663-AF90-2B3E48555944"
678981393,sid-04D22D5C-2370-4EDA-8687-24C8F53AC028,"Arrange for medical test, Check need of medical assessment"
678981393,sid-6819BB67-C041-472B-9429-053E58E0885B,"Inform Recruitment manager, Arrange for medical test"
678981393,sid-1D8BCF60-A973-4D06-AC72-07E9D87AAB64,"Arrange for next level manager who is permanent employee for approval, Approve the appointment"
679437297,sid-C01FAF07-936B-4431-A298-E738050E75CF,"B, F"
679437297,sid-123833BD-4499-4FD6-B64D-F1DFF7F10312,"I, E"
680085151,sid-746F59B3-2404-4D5E-A70F-53FA5251C963,"B, C"
680564678,Position Type?,"Request New Position Creation, Confirm Vacancy Status"
680867494,sid-F84531CE-DF6B-42C1-B51E-4446EC8FA224,"payment, Rejects application"
680867494,sid-4008207A-D6B7-429B-877C-BBC4ACE97817,"Sends approval letter, Sends denial letter"
680867494,sid-D844548B-6C7A-4DCB-8732-41DAC61BBC3B,"Final denial, Sends approval letter"
680918587,sid-4371E1ED-C510-4B25-8A1F-7614420D26A9,"Receive SmartGate Ticket, Move to manual Immigration Process"
680918587,sid-8EAFD005-9374-4C5A-8D99-AE2E02A8B1D6,"Direct Passenger to manual process, Retrieve Ticket"
681014519,"Include wine
/beverages?","Include wine/beverages?, Send order to sommelier"
681319930,sid-B4A0CD1B-77DE-40C3-A59B-23387EE33CCC,"Collect Sample for lab or field analysis, Making sampling decision"
681319930,sid-12B3089C-82FD-477A-AFD3-87B90E29E00D,"Detain shipment, Compliance decision"
681319930,sid-ED4CAABE-9B8A-4E9F-A103-EABA50A097BD,"Apply for reconditioning, Provide testimony to overcome the problem"
681319930,sid-6D12B5B0-B2AB-43F3-A467-CC6CE6224A73,"Re-sampling, Exclusive_Databased_Gateway"
681319930,sid-12CEB3BF-AAA0-4307-AC6B-855402455DF8,"sid-12CEB3BF-AAA0-4307-AC6B-855402455DF8, sid-12CEB3BF-AAA0-4307-AC6B-855402455DF8"
682298927,sid-7C030932-03F5-4604-9970-F847C3D07B98,"repair hardware, unrepaired computer"
683381248,sid-14851F92-B8F4-4769-B908-6C74B0632709,"Select Unit(s) for Inspection, EndNoneEvent"
683381248,sid-418A817D-6D96-4281-B995-A01875CAC198,"Appointment Time Confirmation Sent, Appointment Time Rejection Sent"
683381248,sid-EC3030DC-CD0A-43EA-B0AB-474A76036B84,"Notification of Decision Received, EndNoneEvent"
683381248,sid-3D823C71-D652-4E3C-A9E3-B89094D93E29,"Exclusive_Databased_Gateway, EndNoneEvent"
683381248,sid-F9B89D45-A2D2-492B-B7DC-5465DE87BC18,"Schedule Inspection Time, Request for Inspection Received"
683381248,sid-417CDCB1-8EAC-44A5-8C64-948414E86D86,"Confirmation Received, Rejection Received"
683852258,sid-6BC16FA7-92BE-4A81-8AAA-54110BFC8846,"Complete a vendor master record form, Create new record for vendor"
683852258,sid-17C8DEFF-8CD2-47BB-942B-2E671E1DB72E,"Add vendor record within 24 hours, Add vendor record within 1-5 days"
683876528,Requriements fullfilled?,"Send Letter of Denial, Enter Name"
684295750,sid-40C165C2-52C6-40D3-8D47-1F7B3ABB1268,"authorize appointment, authorize appointment"
684295750,sid-FC577391-B2D7-4AD0-86C9-16A0EA32867A,"Scan and record form into GovSource system, Exclusive_Databased_Gateway"
684515521,sid-99AA417F-FE34-43AA-B062-B161F2761483,"application discarded, photocopy for panel"
684831980,sid-746107C7-4FC9-41B8-9F95-46B9539F5E96,"D, C"
684880480,sid-ECE52867-753B-45D2-BBAF-05DA904764E8,"D, B"
68494705,sid-E547ECD2-5280-492E-A40B-7DCF25DCF5E3,"Look up in excel file, Add invoice processing data according to SLA"
68494705,sid-9228B1EA-B9AE-4D95-9D6D-6BE8A1260C6F,"Put red stap on invoice entry form, Check urgency"
68494705,sid-3D9C9E19-5E44-48C7-96A7-DE3DF9B30298,"Batch Invoices, Check compliance"
68494705,sid-4AAF35AF-733C-4C6C-8DE6-7E3A4D01F32E,"Batch Invoices, Return invoice to client via postal mail"
68494705,sid-73073150-86C7-4603-B0BE-642F7B089CA8,"Send invoices to experienced SSP members, Return invoice to client via postal mail"
68494705,sid-0AD54910-FB4C-4E09-8292-837CA59E8D9B,"Tick ""yes"" in the invoice entry form, Invoice not completed"
685059485,sid-2B647803-4814-4BA7-BC0E-CB702D20988E,"sid-2B647803-4814-4BA7-BC0E-CB702D20988E, sid-2B647803-4814-4BA7-BC0E-CB702D20988E"
685059485,sid-B0840247-73B4-49B2-B171-8820F7936D82,"sid-B0840247-73B4-49B2-B171-8820F7936D82, sid-B0840247-73B4-49B2-B171-8820F7936D82"
685059485,sid-7A8E948A-3BB8-4C40-9D86-C87216B5A604,"W, "
685059485,sid-0E65BC8F-FF7D-4550-B097-81A7883F2437,"BO, BY"
685059485,sid-BDBC5D5E-C6B3-46B2-B32F-D5AFBCE462DB,"BV, EndNoneEvent"
685059485,sid-3596535C-9964-471A-85F3-38ED28B851EF,"BD, AV"
685059485,sid-5704E8CC-FE2C-4E46-8572-7261543F1127,"BE, BF"
68516793,sid-4E922326-61C3-4342-83BC-5C8078E67432,"End event, Subprocess"
685397869,"Wait for
 approval","Wait for approval, analyze ranked list"
685397869,Advertise?,"Work on requirement list, Advertise position"
685397869,sid-A1D561C6-8A2A-44C2-834C-9D860FAD9AFC,"Set up strategy, Wait for Kuratorium approval"
685572306,sid-88469486-7814-4ADB-9602-56EC0D0F8B81,"B, C"
685572306,sid-5701695C-75CD-49BE-8C49-B9DC30FABA01,"D, E"
686404849,sid-BD5DED2B-77AA-4FE6-8814-998581B2500E,"process payment, check customer's insurance policy"
687368426,sid-EAA93956-55D5-4267-A635-80325310118F,"find best interest, EndCancelEvent"
687368426,sid-3284E715-0D37-4253-85E1-916A61E34E62,"Exclusive_Databased_Gateway, Exclusive_Databased_Gateway"
687368426,sid-F4013301-C3E0-412E-B9A1-A69CFAC6AC5D,"Loan proposal received, Loan proposal approved"
687368426,sid-368A4F2E-CAC1-4DBE-A33D-D218BBF4BEB0,"Bank B, Interest: 12.5%"
687368426,sid-56739C74-2C95-4681-8372-ED2FF56280C3,"fill loan proposal: Bank A, fill loan proposal: Bank B"
687368426,sid-01311474-2934-4855-A87F-875B4F12D994,"Loan proposal approved, Loan proposal rejected"
687691187,sid-46CE3F56-A18C-4CD5-9309-093C57A1E58F,"Company branch visit, Bringing defective computer to company"
687691187,Is cost acceptable?,"Is cost acceptable?, Getting responses from client"
687691187,Cost is acceptable?,"Consulting options with client, Making of invoice"
687691187,sid-5A988D87-23E3-44B2-AFB6-DE8BCD7C71C6,"Late repair, Making of invoice"
687869167,sid-CEC93D1C-9228-4C77-8D01-7286CAC70DF0,"Dictate discharge letter on audio tape, Create discharge letter (digital)"
687869167,sid-B91406F4-3371-4439-AAAC-6FBF54D42194,"Print discharge letter, Create discharge letter (digital)"
687971791,sid-1B5B8975-340D-4A87-9676-7540E58E347B,"Inform customer about cancel, Check loan request"
688014530,sid-3C1ABACF-6E49-4F09-AE51-09DA28E06821,"Download File, Upload File"
688028669,Fixed in agreed time ?,"Incident Closure, Hierarchic escalation needed ?"
688028669,Hierarchic escalation needed ?,"Management escalation, Investigation and Diagnosis"
688028669,Majo Incident?,"Initial diagnosis, Major Incident escalation"
688028669,Service Request?,"Incident Prioritization, Request Fulfilment"
688028669,Ongoing or recurring problem?,"Preventive action, Formal closure"
688028669,categorization was correct?,"Correct category, User satisfaction survey"
688475344,sid-37FB7904-C6D5-48A9-BCAF-DAC0C379A7AB,"AA, Y"
688477789,sid-E93B6FF9-75C7-41A0-81F5-99465137A78D,"O, A"
689864951,Expert  Assistance Required?,"Send List of Selected Preliminary Candidates, Write Recommendations Report"
690389576,sid-7964A4EB-D999-4B3D-98B9-4EF87D57D26B,"D, E"
690791279,sid-C626F2AA-91C3-40C9-A805-7E57482ED4A2,"Enter ID detail fields, Review Ts & Cs"
690791279,sid-310FE50D-6FDE-4294-BBEB-B8191F42F8D3,"Enter gift card / certificate code, Enter payment detail fields"
690883775,sid-9784AF8B-797D-4E33-B4DE-26CE12B5F074,"check customer type, another gateway name"
690883775,sid-FC53F8B5-3987-403C-82C7-E582C88896DA,"enter in client data, deny order"
690883775,sid-D0FC8919-430F-4861-9852-754EC2F4F374,"put together the components of the order, production of goods not on stock"
690883775,sid-0D1C47CA-4F05-439F-B654-3BA459D4A233,"Forwarding the accepted offer, Create offer"
690883775,sid-928DB2DF-85EF-4C86-A82B-E9110F19FCE5,"check capacity, customer denied"
690883775,sid-338398C7-F7BF-4D00-8EE4-81CB739F0659,"sucessfull end of cooperation, dunning process"
692428131,sid-2D0E81A0-BC74-4EF3-9FB8-1E99FB1D606D,"sid-2D0E81A0-BC74-4EF3-9FB8-1E99FB1D606, EndNoneEvent"
693000301,sid-C634B80B-1087-4BAD-AA5B-1E913B8538CD,"A, B"
693000301,sid-67C960FF-AC33-4C2D-9AF0-0B0084AA9149,"L, M"
693185105,sid-6E9EE977-F4E6-4BB1-B6BC-F86D6F31BD3C,"Confirm payment of invoice, Request relevant info"
694296263,sid-0A076754-E4DF-4908-8FCD-959866B07AFC,"Discard case (Discarded), Fill in required fields and prepare the case"
694296263,sid-E2822EAC-DFFA-4042-9441-C67A79796D1A,"Prepare case, Fill in required fields"
695664790,sid-19B4D26A-304C-4E91-9C67-E6D1681F64B6,"Send degrees for acad. recogn. (2 weeks / 1 hour / $5), Receive documents by post (2 weeks)"
695664790,sid-87676D2B-EED8-4B76-B1F6-DD7329A0BE2D,"Check english results (1 day / 10 min / free), Send degrees for acad. recogn. (2 weeks / 1 hour / $5)"
695664790,sid-CAB8F89A-DE79-49C7-A856-998C629CBFC7,"Decision of acad. commitee, Check english results"
696384590,sid-807EFC21-A5C2-43BA-8BE4-E75F03B76DBF,"loan approved, approve loan"
696510800,sid-C3548097-8489-41AA-9555-1952AA4C29C7,"J, K"
696660788,sid-8A9925D1-0F7C-4F09-9FC8-45FF86EE5405,"Add applicant, Return to customer for further information"
696660788,sid-B9C78B74-D33F-4067-B7EF-CE67E4E9C3F2,"wrong creation standing, Approve application"
696660788,sid-692EF431-2B24-482D-BCAD-EF5BAEF3D66E,"Wrong creation standing, EndErrorEvent"
698378397,sid-6235F704-1D1F-40C3-B050-754FC2C94CA9,"C, J"
698765407,"pricing and
terms 
satisfactory?","Inquire about availability of products, Submit purchase order"
69880202,sid-B56C9960-29BE-40B3-AF23-F14FA2091144,"O, P"
698840289,"RFQ meets
 guidelines?","Send to customer, Produce labor and material and cost estimate"
699139654,sid-49411757-844A-447D-A35A-6856E9C069CA,"Evaluate request, Send resolution to the client"
699139654,sid-4A6363FD-9E6A-4908-A1D3-619F35C129C4,"request fixed, Forward request again"
699356058,sid-000F110C-83D1-44FD-B3B5-134FB46339BB,"investigate, resolv conflicta"
699356058,sid-8C04779F-535B-4A87-9902-90F4F85D2786,"resolve errors with payment, Generate cheque"
699409293,sid-15F232CF-1891-417D-968C-CBB55FF21B15,"Sign CR to endorse approval, Advise Change Co-ordinator of concerns for renegiotation"
699409293,sid-0F589DA1-D6A4-4E55-A597-B1F2A8D513C8,"Email Requester advising of Rejection, Print out CR and mark as original"
699409293,sid-380F3CC2-1D6A-43F7-9613-649B5AA9FE43,"Email Requester advising of Rejection, Deliver Change Request to Manager EI"
699409293,sid-F870F834-BC92-47A9-A573-BC7A484061CB,"Email Requester advising of Rejection, Scan Approved CR"
699409293,sid-910B4391-4487-4CD4-B4FE-10E74DBA15E6,"Sign CR to endorse approval, Advise Change Co-ordinator of concerns for renegotiation"
700145577,sid-DF344DCF-4509-42AF-BB0A-AAC12F0C1BC5,"Manually, CollapsedSubprocess"
700145577,sid-A67133EA-B4C3-48B7-BC54-D09FFD0998A1,"Book bus, Book hotel"
700145577,sid-E07058D8-F155-448A-B5F6-421F2F7F7573,"Exclusive_Databased_Gateway, ParallelGateway"
700145577,sid-3A2836B4-FD96-4FAF-9ACF-5E6FF79E640C,"Exclusive_Databased_Gateway, ParallelGateway"
700158411,"the customer's status
","take customers details and input into system, customer call or visit DMS"
700213292,sid-DDC731B8-FA2F-42EB-A8FC-C833771C6655,"Exclusive_Databased_Gateway, ParallelGateway"
700213292,sid-52A88D32-9B97-44D0-A4B7-D0A6C1CF832F,"sid-52A88D32-9B97-44D0-A4B7-D0A6C1CF832F, sid-XXYYZZWW-1A2B-3C4D-5E6F-7G8H9I0J1234"
700575857,sid-F4D1486F-F044-4E8C-86EF-416F10C1F7DC,"L, T"
700575857,sid-30FBCAF1-572D-497A-9974-3D6F3862CCEA,"D, F"
700575857,sid-F2AD4678-E5E5-4B59-A91A-230A6AD1B4B5,"C, B"
700575857,sid-465A2FBE-05CD-4A24-93FA-2EBEBF31FD80,"AG, AH"
701013678,sid-8DFBC21F-7370-4C2D-895B-55A642EFE264,"EventbasedGateway, EndNoneEvent"
701013678,sid-93B2E1EC-C1DE-427E-BB8A-1187A69133DE,"H, G"
70125841,sid-890241AA-BA89-4912-B18D-77B4D7638B51,"H, N"
70125841,sid-75E8DFB5-815B-4A14-B893-BA45C02319BB,"B, A"
701787447,sid-FD189234-91D7-4430-B2C5-2699EE8D52EB,"B, C"
701787447,sid-4BADD2DA-BC4C-4F3A-B1E8-EBDDD57ACF79,"H, E"
701787447,sid-EC20E0D7-75B0-4263-98CF-350EB10004DB,"AB, AC"
701787447,sid-C357A3E5-5F93-4CB4-BB89-F9428FCB0FCB,"AD, AE"
701787447,sid-D1777E8F-BB01-4D0D-BDAC-A2F161437C73,"I, AE"
701888161,sid-840082AF-91FC-4DA0-B288-73F3ED4162F0,"Create Purchase Order, Check Current Inventory Level"
701888161,sid-5F995168-BD20-43DB-8C00-58183204C23D,"Rework Purchase Order, Review Purchase Order"
703121029,sid-9255DE08-885B-41F5-82D8-10C67340DFD6,"Return invoice to client, Send to experienced SSP member"
703121029,sid-EDCC617A-BE2D-447E-BECC-250F14E4B571,"No response received,  Exclusive_Databased_Gateway"
703266439,sid-91ACA01C-331B-482E-9A8A-62100D4A1CBE,"EndNoneEvent, ParallelGateway"
703902635,sid-AAC88DF1-02CB-4049-B248-1F06164E0B1F,"sid-AAC88DF1-02CB-4049-B248-1F06164E0B1F, sid-AAC88DF1-02CB-4049-B248-1F06164E0B1F"
703902635,sid-87C0D344-4187-45CD-B7EB-240B74801879,"sid-87C0D344-4187-45CD-B7EB-240B74801879, sid-XXXXXX"
703902635,sid-2C330071-5A54-4029-8A2B-8A71ACFCC7F3,"K, "
70449051,sid-04247920-3106-4C18-BA16-FF2264DB1A3C,"penalisation, check process model"
70449051,sid-D78CB523-7627-482E-B1DD-2F87158A4CAC,"Perform a work according to the role, present the project"
70568493,sid-8D0F78B7-3471-4BB6-A7C1-09A4712D7F06,"Fax Scanned, Letter Scanned"
70568493,sid-DB2D077F-23F3-4DC9-BEA8-B991A7451537,"Send cash to accounting, Determine if Letter contains cash"
70568493,sid-0986FF8A-3473-42AA-B712-F0D6D969F33F,"Receive form from client, Send Form to Client"
70568493,sid-D0DB692C-1344-4FDF-947B-4A75F80FE36E,"Send Cash to Accounting, Check for Cash"
70568493,sid-E80AD74E-49FC-4A88-8A77-7B461D9A5C4F,"Correct error, Perform quality check"
70568493,sid-A9AFB817-A4EB-4900-810A-4D3DB7906872,"Check for Funding, Analyze report"
70568493,sid-3241F668-767E-4F2D-8970-1FACDA230D0F,"Send Reminder, Wait for Funding"
70568493,sid-324706B9-E3CA-4560-B2A7-6FF20CA0C789,"ParallelGateway, Exclusive_Databased_Gateway"
70568493,sid-B6FFDACB-5E70-4C2B-A9F2-7D15F076F286,"Put Cash into safe, Send Cash to Client"
706448840,sid-A708A6C2-FC9E-4160-86B3-4966798B8897,"Assign Loan, Exclusive_Databased_Gateway"
706448840,sid-F00126F7-569D-4B73-98F8-60AC6FD54480,"Exclusive_Databased_Gateway, EndNoneEvent"
706448840,sid-F63B5124-2EE4-4ED1-9194-07A45BDCA329,"Precheck, Check security"
706593861,sid-39A55921-CF71-4E92-BC2E-71E92A0AF95E,"Check Class Availability, EndTerminateEvent"
706593861,sid-C795D312-ECB8-4AC5-A886-784D88F35D13,"Check Shopping Card Content, Back to Shopping"
706593861,sid-E1E6A2D1-7F49-4441-9213-8D564E06ECF5,"Check Shopping Card Content, Create New Account/Retrieve Password"
706593861,sid-99CDD5A6-B250-40EA-B1B2-C11E8400FB71,"Back to Shopping, Delete Item from Shopping Cart"
706593861,sid-7D129117-F51B-40AF-AF50-6327CAA63B19,"Change Your Address, Request Sent"
707540727,sid-D671A55F-07A2-4950-9BEE-753B8A2A7FF1,"E, G"
707540727,sid-4B04C88D-58F6-46CB-B3F7-DB4184F16900,"I, J"
70771491,sid-82AE8030-4E58-4905-836D-F155BA9A211E,"Initiate data quality improvements, Check data quality"
70771491,sid-FE078FAD-A623-4A7D-B322-7803B36E2D8C,"Initiate actions, Perform manual checks"
70771491,sid-AD258F85-69A4-4165-AB50-4CD50FD70B9B,"Initiate actions, Final approval"
707887459,sid-C73A16A4-DCC4-4333-A0BB-9C091C127789,"B, F"
707947984,sid-6BE83444-2F94-40F8-9511-12720FED9F64,"Refer pt for DI, Refer pt for allied health"
707947984,sid-22E9B4AF-C465-42CE-BD1D-A177FB730408,"Pt seen by registrar, Pt seen by specialist"
70839567,prescription ok?,"need to contact the doctor?, Reject prescription"
70839567,need to contact the doctor?,"need to contact the doctor?, prescription ok?"
70839567,system check successful?,"Technician can make corrections?, Is the medicine needed right away?"
70839567,Technician can make corrections?,"notify client, Perform system check on the prescription"
70839567,Decision,"Can technician correct the info?, "
70839567,Can technician correct the info?,"Can technician correct the info?, Decision"
70839567,Is the medicine needed right away?,"Is the medicine needed right away?, system check successful?"
70839567,Is the prescription available?,"Tell the customer why it was not ready, Give the medicine to the customer and make him pay"
709280818,sid-F9E9E329-5CA7-492A-B7CD-A6B4D111D6A6,"B, C"
709791454,sid-723E13B5-F930-488C-A855-7A6EDFB6BEB7,"J, H"
710921086,Urgent?,"Urgent?, Calculate and write due date on Invoice Entry Form according to SLA"
711773827,sid-DC635038-EB24-44C9-8641-E6152A962AFE,"C, D"
711773827,sid-01D985D3-6867-46C1-98C4-D3FFC5560EDB,"I, J"
711827175,sid-CE0D0214-BC78-4F07-B1FB-438FE0CE01DF,"Design Around, Buy License"
711828050,sid-B33E6422-3E3D-45CC-8700-671E52C0FF71,"Regular Invoice, Urgent Invoice"
711828050,sid-55560A5F-D325-4235-A860-C9A3E94C87C3,"Urgent Invoice, Regular Invoice"
711828050,sid-D2349AA0-7705-41BF-8971-65A19FFF6CB9,"Complete Yesterdays Invoice, Add Sap number to invoice"
711828050,sid-EEE3A465-EBF4-46A0-B77A-C896AC93A67B,"Record Mistakes, Tick Invoice Entry Form"
711828050,sid-0F71B201-9B93-4607-A225-669A80576C22,"Discountable Invoice, Non Discountable Invoice"
711828050,sid-9C21FF33-D7C8-4B7A-A405-56B7E73E6D06,"Reject Invoice, Approve Invoice"
712111612,sid-DC804DF0-B0E5-49A6-B8B2-21A79EC87FE3,"F, G"
712111612,sid-7B738C02-263F-43F1-90F5-91E78C6AA4E0,"C, E"
712111612,sid-774AD2D9-52EE-4323-812F-1B64BF586495,"sid-774AD2D9-52EE-4323-812F-1B64BF586495, "
712111612,sid-8F941557-1794-4ED8-8087-CDEE5D80C4BD,"sid-8F941557-1794-4ED8-8087-CDEE5D80C4BD, "
712111612,sid-C289AAEC-0D10-4ECB-854C-25AA73BD57F9,"P, "
712111612,sid-B1D5E837-E33D-4C9B-89F6-6E517CD85DB4,"sid-B1D5E837-E33D-4C9B-89F6-6E517CD85DB4, "
712115342,sid-25502DE2-0503-4CF4-8B2E-D0AEAC0DE954,"end software, configure software"
712188917,sid-2B75AC74-2898-4050-9CB3-747BB64E4361,"Send out offer for emergency help, Analyze insurance agreement"
712188917,sid-6ECC6860-E3B9-4D8D-84D9-9BD4C497A930,"Ask for rejection notification, Offer immediate help"
712846042,sid-759D5113-E78D-4844-976A-C650F6165593,"Allocate Funds for Payment, "
713201251,sid-450C105C-9B72-488A-BA9C-BDCD6911B3EE,"Place Invoice Request, Place Product Request"
713345194,sid-074E5586-9269-46BA-8414-638688BCBDBF,"J, "
713345194,sid-524F930D-F8C2-43A8-93A1-DB11A8AE7DF5,"I, "
713618543,sid-4919E40A-5D92-4A6B-95D0-887DEC6D31A4,"S, R"
713618543,sid-A76D6AEE-AFD3-43A0-A84A-159D0FDEC0E1,"I, H"
71362039,sid-1B33356B-E480-498C-8EA3-B30625302F73,"Return item, Privileges suspended"
71362039,sid-BFFB1E9F-D54A-4EF8-9876-BEE5B2469735,"Receive third reminder, 21 days"
71362039,sid-6B3CFB21-CD5E-4DA8-88F6-F31187F3781E,"21 days, Exclusive_Databased_Gateway"
714125072,sid-88BF49F1-2108-4F2F-AF7A-6C368E5C3B15,"J,"
714125072,sid-D78E970C-D549-4561-B790-02FF2B4D47A2,"G, C"
714352573,sid-850999F3-C5E3-4B15-A57F-098F10B81A4C,"Inform the customer, the order is not approved"
714731995,sid-E5A8F11E-7FE9-44F3-809F-F0E9248CB083,"B, C"
714731995,sid-C18AE605-35E0-49F6-952D-B25E3D5E0304,"E, F"
714780492,sid-2512363E-EBE2-48C1-8F6F-CF87711B2D83,"I, J"
714780492,sid-F027ED2B-999D-4750-813E-BE019CBC16E5,"C, E"
714780492,sid-4BC92F92-C5BA-4AEB-AD72-1FBBAAF6E983,"F, M"
714780492,sid-8F570EE6-F58C-43DE-9B6C-43FE2CE0A00B,"A, D"
715092441,sid-8830C322-804A-43FA-A989-5E9C234486A6,"present TPP, consult"
715092441,sid-C2E268B9-8893-44DD-9488-5103FC07FE59,"consult response, EndNoneEvent"
715092441,sid-66820B55-7B78-43A7-9A40-99E0BE25977E,"request for external expert advice, consult TPP"
715276874,sid-543CB66D-F5B6-4E0D-A798-792C10590141,"Finish Case >> Pass case to Claims dept., Recieve case information"
715348401,Follows guidelines?,"Return RFQ to customer, Analyze the RFQ"
715845055,Existing Client,"Enter new Client Data, Check Client Data"
715845055,< 18,"refuse Account Opening, Check borrowing capacity"
715845055,solvent,"Create current account without credit, Create current account with credit"
715845055,<14,"check investment capacity, recommendation"
715845055,recommendation,"refuse Account Opening, <14"
715845055,<10.000 EUR,"Create Time Deposits A, Create Time Deposits B"
716218990,DU,"DU, DV"
716435274,Major Incident,"Initial Diagnosis, Major Incident Procedure"
716435274,Service Request,"To Request Fulfilment, Incident Prioritization"
71746183,sid-DFAA03A3-27DF-487A-B0CB-69780BE781D4,"Obtain material from stock, Order from suitable supplier"
718120714,sid-3CA61DAA-19C3-4DF4-B78D-0FDCFE3EA137,"ParallelGateway, Exclusive_Databased_Gateway"
718120714,sid-0E898241-4131-4C81-BD6C-F78750AA64A7,"D, E"
718122260,sid-C65897AD-5120-4107-A0E6-80D0E1B41F99,"B,"
719659744,sid-7E883DB6-E366-4BA1-891A-BFBB0A895387,"sid-7E883DB6-E366-4BA1-891A-BFBB0A895387, U"
71997396,sid-B4E5A116-5979-425B-8E1A-B9B3BDEBBBF6,"Define Land, EndErrorEvent"
71997396,sid-69A7E67F-B813-4969-9E38-B0103CBF6EF8,"Define Subscriber, Subscriber"
71997396,"Consenting
Party","Allocate Certifier, Allocate Attorney"
720393931,sid-3B5CF8ED-AFB3-4D84-8F0C-418A41CFA284,"Decline the volunteer application, Approve the volunteer application"
720459446,Is material available?,"Is material available?, Check availability of materials and resources"
720494815,sid-F14EEFB2-1D53-4742-A806-901BE2C21C01,"confirm purchase order, reject purchase order"
720579798,sid-AA60B6CC-82B7-44F5-BCD7-9B876EEEE3CA,"D, C"
721694913,sid-B388A027-C89A-422F-B5CC-4C0BC3FDE324,"X, W"
722074842,sid-15B764DD-F9C0-4F1A-9E3D-D9D2AA992860,"J, K"
724338002,sid-73052A63-30EC-466F-B618-A1F80D161B14,"write off payment, send reminder"
72456069,"need to provide clarifications

","Provide more information, RFQ generated"
72456069,"Verified ok?
",Verified ok?
726002825,sid-F0E26F18-E8ED-465F-9ED2-F724D216CDC7,"U, E"
726002825,sid-3990636C-D979-42F6-A07B-2ED1374D355E,"B, Exclusive_Databased_Gateway"
726002825,sid-807C3915-68D8-48C0-BFD8-C84273320899,"D, T"
728635955,sid-37F791A4-7999-4DEF-931B-3C0768B49BAB,"BZ, EndNoneEvent"
728635955,sid-FD3A6FC3-05A6-46ED-90DA-ECB924F99AE1,"AJ, AK"
728635955,sid-AD59C7B4-4F67-45B6-9014-C52EA752B005,"DL, DM"
728635955,sid-B5C3D1BF-2D9C-4666-90F3-B3CB1EB5F3EA,"DN, DO"
728635955,sid-427D5C73-FB12-41F5-9E0C-AEC400414314,"BV, BX"
728635955,sid-C8D76923-20B8-4A0F-A6F7-9979F40AE758,"BA, BE"
728635955,sid-B569772D-EE92-4659-94A5-1E5E8AD04C71,"AR, AY"
728635955,sid-F314D494-86AC-4EA5-A915-B4F689A8AF81,"AT, Exclusive_Databased_Gateway"
728635955,sid-F1E2078D-F662-45B3-9B64-972430658DCA,"AX, AQ"
728635955,sid-7B88A9AC-2492-4B82-9EBF-117633FD96B8,"AQ, AX"
728635955,sid-6F490B74-6EC3-45E2-A9AF-57F6272DB4FC,"CV, Exclusive_Databased_Gateway"
728805208,sid-A1688666-98FC-4120-8FD6-C9A95AC9930A,"ok, not ok"
72921106,sid-689EAA52-D046-440A-BD97-6A0A6614E746,"D, E"
72921106,sid-5CAFF9FF-EA0F-4F45-BF08-EBF2DF96DB4B,"H, "
729324292,sid-0B328F32-F6C6-4076-9EAB-E8CDE07C8ED8,"B, G"
729324292,sid-A951CD29-87DC-430E-8994-C9089324ACE1,"N, O"
729324292,sid-E30C66E7-1394-41E4-9009-E40069374CC9,"AK, AC"
729324292,sid-30BCF319-D3B3-422F-B097-EBC179A083F1,"AE, AG"
729324292,sid-7AAAD808-F82F-4EFB-8332-F545E549D4AB,"AD, AC"
729330468,sid-0D60EE56-E165-40A6-A994-32C3ADBECA47,"RM confirm with client management, EndNoneEvent"
729330468,sid-64CF4068-D449-4AD1-ADC7-45D66794D960,"Pass position profile to client-end manager, Review position profile with HR representative and client-end"
729330468,sid-B3E1C7AB-CA87-4AD1-9DE0-846B84E5F24C,"RM consult with next level manager or client HR services, sometimes follow up with client-end management"
729330468,sid-B635A49E-3DE2-4971-B832-B57D628791FC,"complete, create or change position form for approval with client's HR representative"
729330468,sid-6222BB9E-5C52-4D8A-86A0-0C073D24A58D,"approve by next level manager, approved by client-end manager"
729330468,sid-FBE15260-7E7F-4B8B-9E97-625CCFA473E5,"Application discarded, InclusiveGateway"
729330468,sid-7F069BDA-4261-4EB5-B705-9F4C9B7FDA30,"courier applications to RM, hand delivered applications to RM"
729330468,sid-5D8C7AA3-FC17-44ED-A44B-043AE4A03DC4,"Send to archive, RM send referee reports to panel members"
729330468,sid-76F94328-DED3-4971-A4A0-7A10EE47ECA4,"undergo a psychometric test, Exclusive_Databased_Gateway"
729330468,sid-07E5BBFE-9085-403C-A29A-5E7532FCD4A8,"disclose info to client manager and HR representative, investigate details"
729330468,sid-BACF8710-D085-43AD-862E-14BCC3FFD92C,"manager must arrange for next level manager who is permanent employee, RM send the appointment approval to next level manager"
729330468,sid-AA5B3C33-62B5-40BC-B673-1A21E9594CE2,"complete business case, attached to appointment approval"
729330468,sid-FC794D3A-8509-4CCA-BCE6-8FADE11A72A5,"HR coordinator arranges for medical assessment, "
729330468,sid-E3819612-33F6-4C58-AEA3-B325E13E5066,"contact next candidate or new adv., HR coordinator arranges for medical assessment"
729330468,sid-EC2797B5-8055-4CF9-8356-B9A2269C7A24,"HR representative makes a formal written offer, Exclusive_Databased_Gateway"
730590709,sid-66B4CD09-967E-4966-B6C4-C7B2793B0C05,"T, V"
730590709,sid-5868C547-735C-4767-83FB-39557CBF8A4A,"D, D"
731958925,Plant Ready?,"Perform Plant Engineering Activities, Update of Process Plan"
732670012,sid-2B980F2B-D061-49BB-A0F6-738D4F4F3FB4,"C, D"
732864796,sid-C9AFD5FC-6158-4B11-99D8-BAAAE8BE2E7A,"deny, open time deposits"
732864796,sid-6062C755-F09A-4419-815B-BF964FECBE25,"choose with credit, choose without credit"
732864796,sid-0E8C3FEB-0919-40CE-887B-FB1A0FB3EDA8,"deny, check solvency"
732864796,sid-0941161B-6F65-49D2-B7DA-C9AF0466B681,"create new customer, open existing customer file"
733024940,"Image upload successful
","Image upload successful, upload Image"
733024940,try again,"try again, EndErrorEvent"
733068693,sid-139D446E-9A0A-4D90-9A29-F5017BFA1563,"B, "
733068693,sid-28CB7977-36A6-4426-B33F-2ABE30E5B1D3,"Q, F"
734323325,"Notification
required?","Notify Subcontractor of Advertised Position, Publish Advertisement"
73478120,sid-81452FBE-9977-4499-B579-AE329AB5F651,"J, K"
735458332,"Material
ok?","Store the materials in the right location, Wrong Materials"
735934631,sid-E5D82096-BEFC-4DA3-89C3-EB5DD7A1FE0D,"group travel - to be handled manually, Check booking request"
736970480,no wine,"no wine, submit to sommelier"
737103168,sid-DFF86199-1731-498E-86C9-A6BF13F9E0FB,"sid-DFF86199-1731-498E-86C9-A6BF13F9E0FB, "
737103168,sid-848BEB23-DE69-40AB-A09E-B80504FFA090,"refunds customer, "
737228179,sid-5E7EE93D-363D-4E83-A679-8F93C7DAE5F1,"R, S"
737316609,sid-D70637B3-043C-4A73-BC72-5320FB369D3F,"repair software, to check software"
737316609,sid-87F0F72C-C419-41CE-A9E5-515ED92AC4E9,"to check software, repair software"
738753550,sid-E3854CCF-DB6A-4B6C-B694-F0EEB8BBBE31,"SEND PAYMENT, SEND BACK WRONG SPARE PARTS"
740766484,sid-2E6C9438-17B9-4FA4-96A4-C4B708259B9C,"C, D"
740766484,sid-1021E69D-EB69-426A-99FD-C8F5F9B7A859,"AE, AF"
740766484,sid-17EA23C1-838F-494C-B842-E3FE93DADB61,"AJ, AK"
740766484,sid-C2EB8FDE-C441-4C79-A702-F9C512801B22,"AO, AE"
740766484,sid-6A2C1883-1223-49CB-AA3C-73F5413D1F16,"AP, Task"
740766484,sid-B6978836-9801-4615-ACA3-0587315FC139,"AT, "
740766484,sid-161340F2-0F19-4D8E-9416-B6AFD0D413D9,"AX, AV"
740766484,sid-1EB15693-43C8-4513-A180-2195ECDB9313,"AY, AW"
740830566,sid-AF97AAF6-04EE-4138-93A1-2F0613A18072,"C, D"
741178461,user confirm resolution?,"Closure of the request, e-mail sent for confirmation"
741178461,is user validated?,"is user validated?, transfer of request"
741178461,user has time?,"user has time?, transfer to first support"
741573500,sid-C3BCE708-8823-4623-A84B-9348E2F81B8C,"Browse, Do not browse"
741717118,sid-5C5B4952-7A19-4CD9-B48F-68F6C5ACDC47,"multiple image selection, select one image"
741717118,sid-A8E5704C-66BD-43D0-9438-3FBB02D29D50,"post twitter, upload to flickr"
741717118,sid-4A1EB3B4-3774-451C-AC50-981A44383593,"login, register"
741717118,sid-17CF4EAA-3481-4CD5-9D51-910094056F26,"upload to flickr, select filter"
741717118,sid-9E0D8830-6D2C-4D01-A9B1-90C809CD9C33,"EndNoneEvent, Exclusive_Databased_Gateway"
742385916,sid-2E49F9AA-BA8E-47B3-8202-C96213F4AF77,"A, M"
743273871,sid-9F3EF14F-A1A6-4CEC-AB4C-2A942DF09CF0,"O, EventbasedGateway"
743786480,sid-6E9341B3-742B-4E32-B5A3-9419D9E0935C,"B,"
743786480,sid-4E05447A-3828-4803-94DF-BB6DE3E0C97C,"G, "
743786480,sid-6505EB3E-904E-4911-9FB5-768F66DA53DE,"L, "
743786480,sid-CC05BA34-26C3-4EB9-B6F9-A2DF4C47DBE0,"N, P"
743786480,sid-E58203B6-6BD4-4C9F-BC05-BC3CAFE8232F,"U, Exclusive_Databased_Gateway"
743786480,sid-DF6FE42D-5DE9-46A3-8F08-43CB51CD3AA8,"AQ, Y"
743786480,sid-10972F89-FEC8-4EEE-8BCD-72AAD4A5A242,"AD, "
743786480,sid-1B766F9D-77AC-4BD0-9812-85A6E1DBDD48,"AN, AO"
744688408,sid-5182C7CC-923F-444F-9C2C-0D1A400A3C4A,"Investigate $200=<,  ParallelGateway"
74503963,sid-6774357A-BD16-4099-8B23-4A0A186C68F5,"sleeps, cutting hair"
74503963,sid-FCE81BC1-9E25-4CB1-A1AB-A37B7748F5FF,"invite customer, sleep"
745231595,sid-F3556D61-B9A2-4CC8-842E-1CA3F76394C5,"stamp new member on letter and date, send result to candidat"
745231595,sid-A6FE0918-DD26-4603-A4C7-A00C3D31C8BD,"telephone call to candidate, correct data"
746023761,sid-190C42ED-F22C-470B-88C9-50B0643580D1,"telephone call to complete the data, add an incoming mail number & date"
746023761,sid-6542F953-A1B5-4477-B38D-8D0EA67DC9B7,"Charles checks if information is complete, Charles checks mail"
746023761,sid-4E21C31C-009B-4C2F-8920-9C52EC5DC72E,"Charles send a letter with explanation to the applicant, Miranda stamps ""new member"" on the letter and writes date below it"
746023761,sid-BA0FA999-5DF9-437D-8F44-6B63D568AA94,"pay the fee by bank transfer, pay the fee by bank transfer"
746222827,sid-5F8A2862-AB53-4BDA-95E8-F14EC8C87BB6,"Complete supplier change request, Pre-check data quality rules"
746222827,sid-833658FF-D9FE-469F-909B-E078E475E4ED,"Allocate request to external Supplier, Exclusive_Databased_Gateway"
746222827,sid-28C562EB-A2A6-40C9-B7D9-95C9317A762D,"Pre data quality rules, Exclusive_Databased_Gateway"
746256821,sid-9B1F52B8-9668-4A42-96C6-2F2FAFA0D139,"AK, AP"
746256821,sid-0C54DDB7-0BC0-45D0-90BD-2764E0E0AF89,"B,"
746256821,sid-15C06007-722A-4C07-82C6-76F5C1B40248,"V, W"
746256821,sid-321C3CE5-9532-4A25-821F-BF5CBB6DCECE,"X, AA"
746256821,sid-9DF258C8-D2EE-401B-8202-7B773B4573F4,"AB, Exclusive_Databased_Gateway"
746256821,sid-880ECB53-8012-4E46-941B-CF3034C16309,"AT, AC"
746386004,sid-E29A0B39-82D2-4D60-AD65-5964CF3C8989,"Acceptance Call, Decision on Nominator"
746386004,sid-F3677884-FF3B-440F-9437-FF998CE76D0C,"Nominator is accepted as VPS customer, Check Acceptance Documents"
746387297,sid-B4457E15-9289-4462-A296-89400D96B2A9,"AC, P"
746387297,sid-97C69A82-2E37-48DD-A2F5-FF587B9D272D,"U, V"
746387297,sid-9CEBBA61-195B-4CFA-9220-F7444D01C7E3,"U, W"
746503935,sid-0C0062C5-AFB7-4DF2-811F-4D60C809F71B,"O, H"
74690327,"Invoice Entry
 Errors Found?","Mark Error on Invoice, Tick 'invoice entered correctly'"
746930707,sid-1E4ACD0B-B01D-4D16-BACE-0232774322C7,"N, O"
746930707,sid-2F3CC849-6D87-482C-A338-2BA62A0DF30D,"A, B"
74722765,sid-BE7BA212-7D59-4257-B474-FC054F00EAA4,"choose salad, choose alternative"
74722765,sid-351BF363-15F2-49FD-9120-E6FEB2A88CEF,"eat salad, talk with friend"
74722765,sid-11DBE11D-9278-454C-A09F-DB999E6D5EB3,"choose tiramisu, don't coose dessert"
747996813,sid-3CE538F3-A9DB-49FB-8853-200B7132CD67,"check process model, process validated"
747996813,sid-4DF81D13-814D-4A35-B5F4-CB664286B6B5,"perform a work according to role, present the project"
749201779,sid-F135160C-76A4-423F-BA9C-F485A958ED18,"Register offer loss, Evaluate answer"
75032913,Authorized?,"Authorized?, Not Authorized?"
750674018,Meeting has been successful?,"Meeting has been successful?, Meeting (again) [1]"
750674018,Approval of Site?,"Approval of Site?, Final Activity: APPROVAL"
750847040,sid-359429B8-55B8-432F-91B4-8C081B346805,"C, E"
750847040,sid-58E603D2-E085-4555-A5B7-71B593C4BEF1,"O, P"
751733077,sid-08EDC4DF-B264-48CF-B07E-910D9F8C5C25,"L, G"
752405101,"Follows guidelines
","Returned RFQ to customer, Analyze the RFQ"
752547505,sid-1DF8156C-4B4B-4807-8377-D5852B00787F,"AB, AC"
752547505,sid-436F6773-328D-47B8-B2EB-186496CBB51E,"AJ, AG"
752547505,sid-6086EB1E-C8AC-44BC-AE5D-83ADAB2C7007,"F, E"
753494051,sid-7B48FE1C-3953-41C7-9E68-0E4B5AA6E8CB,"computer back, sid-7B48FE1C-3953-41C7-9E68-0E4B5AA6E8CB"
754356000,sid-1649EAF9-73F5-4A42-AA01-D3701845A8B5,"B, D"
754356000,sid-93BA8E81-56C9-4A70-9264-43FC27C6500E,"G, I"
754990256,sid-9BE15EB7-CA39-48F7-83B9-717B334D2FA3,"repair hardware, to check software"
754990256,sid-E3FB2789-4E15-4434-88DA-FB7839FAFE4C,"to check software, repair hardware"
755021487,sid-C92AB064-E3B0-4175-9B1D-46E7053896D9,"N, O"
755021487,sid-CA491659-B221-4E3E-A25D-950B0C084045,"P, M"
755021487,sid-FC287BC7-3EA4-4A1B-AEC8-583F90DBB4F5,"W, "
755021487,sid-1E5FDB3C-B600-403B-81C4-88237FC86F83,"AC, AF"
755021487,sid-586F7AFE-78BB-4859-844D-09F834A87FEF,"AD, AE"
756606943,sid-B8BC100A-3A51-46E1-B518-B94F01358D23,"Update Customer file with bad credit rating, Accept payment for order"
757858217,sid-7686AE31-C11F-49C1-BE03-BAF9E1C739C0,"Check if New Position, Exclusive_Databased_Gateway"
757992274,Validity?,"Cancellation of Order, Check Stock"
757992274,Product in stock?,"Product in stock?, Confirmation of Order"
757992274,Incoming Payment,"Dunning letter, Auftrag abgeschlossen"
758179187,sid-F9B26A4E-4D61-4BB6-B0A1-D70C2A6A7AFF,"G, P"
758179187,sid-45062C59-00B5-423E-A8D8-4A7CC00F0ABD,"H, F"
758179187,sid-ACAE91AF-CCFE-4493-8393-E4D22EDE7E21,"N, M"
758275340,sid-42F82F45-0EF8-4312-A648-A127819A014C,"assign negative points, check process model"
758275340,sid-4AA4BFCD-1D14-4E8D-9985-1712C41B0E71,"present the project, perform work according to role"
758275340,sid-47908D2E-A7DA-4C31-8DD5-759B283503CC,"check the process and assign points, analyse the field of study"
758472454,sid-7AE9DC1C-7A30-4CED-826C-A74C775D868E,"Hire external expert, Exclusive_Databased_Gateway"
759214035,sid-7310F7C7-19B9-487B-A80E-108F6AB9DF5C,"Checking qualification, Exclusive_Databased_Gateway"
759214035,sid-71747405-5F51-43ED-A79B-A47CEFF782AD,"Entering data, Checking qualification"
759318559,Payment Amount = Statement Amount,"Payment Amount = Student Due, Overpayment generated"
759318559,Payment Amount = Student Due,"Payment Amount = Student Due, Payment Amount = Statement Amount"
759318559,payment Amount = Another Student Due,"payment Amount = Another Student Due, Look at any other student in the statement"
759318559,Amount Assigned > Student Due,"Apply Payments (Student Due), PAYMENT IN"
759444129,sid-396517F4-4D12-4FBF-94C3-2FBF49D6A8D3,"Batch And Allocate To Data Entry Officer, Check Compliance"
759444129,sid-8E4CCF2E-54A2-4404-BC79-4A3C152B6504,"Send To Experienced SSP, Return invoice to client"
76031833,sid-72B57BED-D742-4139-8624-7908875FBDDD,"K, L"
76031833,sid-842C47E6-4656-42BD-BF40-0375E8F35368,"D, E"
761272245,sid-6B33465B-F5CA-462B-823D-16A6B1A75038,"Enter data to central lecturer database, Check the qualifications"
761333375,sid-93290DC9-B587-4860-AB89-B2018B295E54,"G,"
761333375,sid-35AD7E4A-1B4E-4441-975B-3A8ECB014186,"G, F"
761385042,sid-5D097477-E823-4C1B-BE4E-6447295AB490,"Details approved, Error message to customer"
761477188,sid-F270C1E4-E865-4898-B450-D69B51C1C1B9,"say goodbye, Stay fo a night"
762096772,sid-4BDBA558-2FE4-4030-9049-DE1826F0E4E0,"Accept Request, Reject Request"
762096772,sid-0D9786C3-DC74-47B3-B6C9-488073C3362C,"Inform Management, Edit Code"
762683373,"Symptoms 
persist?","Monitor patient, Assess adherence and reevaluate treatment plan"
762683373,"Candidate 
for heart 
transplant?","Monitor patient, Refer for evaluation for heart transplant"
762683373,"Require 
hospital 
mgmt?","Require hospital mgmt?, Exit hospital"
762683373,"
Election 
fraction 
> 35-40%?","Consider diastolic dysfunction, Consider Systolic dysfunction"
763196083,sid-3275911C-D4E7-4BE7-8A97-92E90E825B12,"Create Account, Exclusive_Databased_Gateway"
763196083,sid-E23880FD-FD93-40FB-80A1-AB2B85D60346,"Browse, Exclusive_Databased_Gateway"
763196083,sid-5414F09E-601E-435C-AB9A-805B9A3C8DB9,"Exclusive_Databased_Gateway, Exclusive_Databased_Gateway"
763196083,sid-ABD9062D-C804-4E68-A5D0-791A89949EF3,"Search Ended, Exclusive_Databased_Gateway"
763965370,sid-75E818B3-746E-47A2-84C0-B6458A14D915,"M, Q"
763965370,sid-913CC1F5-3381-489B-A8D0-DBE9298139C0,"R, Q"
763965370,sid-C6223A5F-6BEB-4076-BF47-94920BC52ADF,"L, M"
764436435,sid-328F3CC8-1919-48A1-8E90-A94E7F779979,"Exclusive_Databased_Gateway, Task"
764436435,sid-A5F7B721-C842-44F2-81F8-D0F2BBE81766,"T, V"
764436435,sid-1819D411-8CDA-47D4-95CD-016D01D452D5,"sid-1819D411-8CDA-47D4-95CD-016D01D452D5, sid-1819D411-8CDA-47D4-95CD-016D01D452D5"
764436435,sid-3E6F4ABC-8DAA-4B91-9CC9-C75BCE74E90C,"U, "
764436435,sid-DA2B4239-8578-4377-BB9D-DDC909F7D0B8,"InclusiveGateway, Exclusive_Databased_Gateway"
764436435,sid-7988E7EC-5BAE-4BFC-BFCA-D23E312C2AC4,"sid-7988E7EC-5BAE-4BFC-BFCA-D23E312C2AC4, C"
764436435,sid-63C7CC0A-F3DA-4B04-8B4D-EBB8CA511D60,"H,"
764436435,sid-D3FF829D-248D-43AB-BEAC-76FE017619BC,"F, "
764436435,sid-BB41EB9F-34AB-4D13-B122-29ECDDFC431F,"A, "
764436435,sid-4B4F8205-F674-46CE-B19C-FFB4F30E16BC,"B, Exclusive_Databased_Gateway"
764436435,sid-4734B4CE-4726-4F57-9B55-7FBC62DA5DDA,"E, "
764436435,sid-90E0934C-632A-4345-B844-FEB9FE9DCF36,"J, "
764967172,sid-FDF087C0-C3F0-4B24-AA47-3128A3609F06,"Check Deadlines, Check Deadlines"
766234915,sid-AA80202D-3F5E-4BC3-A133-2FBD7ADAA6A5,"Tenure Rejected, Tenure Granted"
766234915,sid-F4A7D788-50D1-469C-BE90-16B98B07166E,"Does not proceed Further Investigation, Proceed further investigation"
766234915,sid-BFF79FCD-DCB6-4F7D-A527-F19C35A37017,"Documentation supplied has a problem, Application Previously submitted and rejected"
766234915,sid-A5A26668-5133-4194-91D5-1CA6F74612F8,"Formally seeks views of official notification, Receive view of stakeholders"
766234915,sid-E1648DE4-91C9-4DD1-A2D4-4B2AB63A83FB,"Negative Result, Positive Result"
766234915,sid-F749DA4F-8AD2-4C57-BDF8-075EABC3A2BE,"Rejection, Request for further information/action through Suspend Processing"
766257103,sid-7F75F733-969A-4920-9DE1-89F241C4C243,"features not found or cancel, features found"
766959156,sid-40E8F9D5-F263-4B99-8FC7-0446343777B7,"C, "
767203386,sid-0AA0D1AA-4C71-4879-AF90-522E58197BBD,"Check the box 'invoice entered correctly', "
767328006,sid-3CF99A38-415F-4E84-894C-D589C0E20422,"C, E"
767423979,"Service Level 
Agreement Known?","Service Level Agreement Known?, Invoice Complete?"
767423979,sid-81CFF3EB-767F-422E-BD03-450E851C94A9,"Stamp Invoice Entry Form, Exclusive_Databased_Gateway"
76764911,sid-2893D034-7A35-4184-8E37-6B76DD0D5995,"Search for Unit, Select Enrolled Unit to Swap"
76764911,sid-79082EE3-C789-43FC-B80F-65EEBF65BC30,"Confirm Unit Swap, Result Displayed"
768013764,sid-62F8D716-C41B-4C27-88D6-D346F3D1A2C7,"R, EndErrorEvent"
768013764,sid-643B8C1E-F850-4B53-887A-DA03F15DD320,"C, EndCancelEvent"
768223101,sid-D23FFCD2-FDF7-4E40-8C8B-FCE359A9BA33,"create quote, approve customer"
768223101,sid-AA461EB7-ED91-4FB3-931D-83D132591AB8,"sid-AA461EB7-ED91-4FB3-931D-83D132591AB8, "
768243445,cancel?,"cancel?, eventbasedGateway"
768615072,sid-94A0C250-1C5E-4B54-873F-E42E842496B1,"D, E"
768615072,sid-1B3D55A9-7058-4BA4-9275-5C0D6DAF354B,"F, I"
769006440,"More
Questions?","Show result screen, Exclusive_Databased_Gateway"
769006440,Type?,"present wait screen, "
769006440,Is Master?,"Is Master?, Type?"
769006440,Logout?,"Logout?, go back to selection screen"
769219161,sid-3C28FA19-1388-40A3-B2C8-5785E5C71BF2,"Check if customer has all required information, Check if customer has all required information"
769219161,sid-6C0D15B8-DAE1-4B61-B1AC-35C00BA07D43,"Call ended, Register claim"
769219161,sid-07E4BFE8-BB82-48E1-AE59-E40345B993C8,"Call ended, Register claim"
769219161,sid-4567B90B-5E85-480E-A39A-1E57826B1870,"case closed, Assess claim"
769219161,sid-1353C2D7-CA46-4450-A179-EB8295A76B6B,"Reject claim, Assess claim"
76937802,"Estimate
Satisfactory?","Estimate Satisfactory?, Take Computer Home"
76937802,"Can be 
Repaired?","Return Computer, Begin Repair"
769399059,sid-A1AC691B-2CD1-4C68-9FAF-A6A33CEDE9CA,"H, I"
769784407,sid-498266D0-9A3D-4781-AB60-C8CA979A8FB1,"Approve report, Evaluate report"
769784407,sid-1577A724-9B75-49FF-B230-867327F482E9,"Approval, Send rejection notice by e-mail"
769996026,sid-820CC093-B9C4-4160-8D1D-41420F189F12,"I, B"
77036772,"Exclusivity Statement
 Signed?","Send Advert to Other Agencies, Create Job Advertisement"
770602614,sid-358A0641-B83A-4ABE-97CE-6006860DE871,"create account, existing account"
770850001,Other ESDSs reply for the requested object Info?,"establishing a trust relationship, Bootstrapping Procedure"
770850001,sid-2556E1C7-8469-4891-B40D-3CD6201D58D4,"Gathering Information of an object ID, Receiving queries through Links"
771430120,sid-E8EDE65F-67FB-43AF-99B0-77085CD47157,"Submit final version of thesis at least 30 days before the exam date, send documents to PhD Office by mail/fax"
771430120,sid-EDDA5A00-8007-4D80-B312-5B5A6E5E2843,"evaluate documents, EndMessageEvent"
771430120,sid-2E9E8078-EF5E-492B-BC5F-A3CC493E0F34,"Exclusive_Databased_Gateway, IntermediateMessageEventThrowing"
772611418,sid-A8872EC3-4DB7-46C9-9A7D-2E1BACC56868,"Enter it with in 24 hours, Enter with in 1-5 days"
773282147,sid-CFCF8DB6-038D-438D-8EC6-78B0E7C9C17E,"Room available, Room unavailable"
774047758,sid-DBAFD3E0-03CE-41EF-998D-B12ADBE8A2E1,"L, O"
774541770,sid-75B8EA98-138E-45B5-A83B-32F973898451,"Decision about patient acceptance, Add to list of patients"
774541770,sid-1AF01719-1F9C-4EED-9A98-BB7608F71582,"1 month, Call mother to hospital"
774541770,sid-389D20C9-3703-44CD-86F8-623EB1279022,"Mother and child hospitalization, Special care"
774661243,sid-E1F4814C-DC84-4D1F-83AF-F6EC150B9452,"K, "
774744203,sid-EDEE21A9-5F71-4A3A-A7CC-3FCD7844050A,"Advanced Diagnosis, Patient Discharge"
774864309,sid-67642621-A595-477A-8BF0-0DD984FEA366,"I, B"
775087353,sid-EB37DAD6-69CD-4269-B3E8-E7B9ABCC8D9E,"Provide Further Information, Cancel the order"
775087353,sid-B43EE639-E9D2-41CE-9F8F-BB36E7A5F306,"Withdraw amount from account, Check account balance"
775786733,sid-6D7BD92D-A2E1-4DB5-886E-C318ABEF3E3B,"Negotiating Price, TextAnnotation"
775786733,sid-95F1761B-E768-46CC-B754-5AF5D52C5387,"Decide on Updates, Process answer"
775786733,sid-CE9C408F-FBCF-4B87-A673-6BD7A9245B1A,"Decide on Updates, "
775786733,sid-46F23AAE-D5BE-4EBC-8414-9D0E9B181AFB,"Pay Cancellation fee, Process answer"
775786733,sid-C97782B2-3BBD-46F2-9FF1-20D7B7E00B6B,"Pay Cancellation fee, Process answer"
776209431,sid-D2C99251-AC8A-4AA8-84A9-AE58E57FA635,"AB, A"
776209431,sid-36AD1220-D92D-473C-9D5B-3C9BB4304CBA,"AE, EndNoneEvent"
776209431,sid-02997082-1A90-481C-BFD1-2D5FB36D1E39,"A, EndNoneEvent"
77634867,sid-8F23EA9C-8D5C-4BCF-8859-604B5BD1A900,"sid-8F23EA9C-8D5C-4BCF-8859-604B5BD1A900, EndNoneEvent"
776619504,sid-0A49164C-DA8F-4046-82EA-EA87E144B583,"Return to customer, "
777234087,sid-EE9B8DC7-A9AF-4F0A-8EB6-C390928F201D,"H, "
777234087,sid-43B7BFA0-D249-4DAE-897D-091F3008CFEC,"G, I"
777234087,sid-3003EA44-C1F8-41BA-BF64-8D9578A21107,"B, C"
777672117,sid-319D7385-6080-4070-ADF1-E0BF8A0F0C22,"Confirm payment details, Receive rejection"
777672117,sid-CD56E8FB-E9BF-483A-95B9-DBBC3EF78B2E,"Terminate the process, Receive rejection"
777823493,sid-D2E0A67A-AEC8-4290-86A0-EC18F363694A,"AJ, AW"
777823493,sid-F99D1E99-A4E9-459C-8258-CE28E15A19A3,"AM, AQ"
777823493,sid-8A2CB9AD-64FA-42E0-8359-CE69664EAEAC,"S, AJ"
778299392,sid-C8D5356C-6D1A-45C9-9494-12978A4A203C,"G, H"
778299392,sid-95E283A9-DF97-4846-964D-668A8FD13BA8,"K, L"
778299392,sid-7E888AB7-9D61-4190-812B-64A72A167FD3,"I, J"
778299392,sid-45BC32EF-5098-4EAC-91AF-819310D3C7A8,"W, X"
778299392,sid-259A7069-96D3-49E8-A698-42CB5A29E7DC,"Exclusive_Databased_Gateway, IntermediateSignalEventCatching"
778299392,sid-ABDBCCCF-DE3A-4B01-9BA2-125CA2EED5EA,"AB, "
778299392,sid-2FD3FF2D-B004-4044-8808-3D165567F57C,"AF, AG"
778299392,sid-17067B00-35D0-4E15-AF2E-CE630E801E32,"AK, AJ"
778514098,sid-3988ACB0-F6B3-45CF-8F57-ACA6FB91CB3C,"Approve Receive Order, Reject Order"
778514098,sid-B68F1854-B3A7-44BA-91F0-6A1C8B0665B3,"Create Purchase Order, EndNoneEvent"
779126566,sid-9629CCBA-5FE2-42F9-8798-96EC026E5B71,"B, A"
779126566,sid-3E5F4598-D9CA-4A87-A336-5E435E9D04D3,"G, B"
781088930,sid-C4374419-8760-4EAF-BA0A-E04DDC7EC341,"prepare rejection letter, prepare documentation for boarding"
781483404,sid-A4B76C6F-4741-4BA3-A8D4-2F05237B8764,"Claim Denied, Claim Accepted"
781483404,sid-898018C3-D440-47CD-8011-202E1273ADDA,"Objection/ Proceedings, All Parties Accept"
782188534,sid-49C51115-6B1B-4A01-83D1-D254C42B15BB,"A, G"
782188534,sid-D0095558-898E-4D41-A3E3-2F3278920A78,"K, Q"
782316153,sid-BE838BCB-3CE3-4196-A02A-D7374CFE0152,"Create/Improve sale strategy, Develop strategy"
782383077,sid-DD76CD4A-89D2-489F-8FF3-2EB1522C7E80,"B, C"
783237750,sid-9B018E62-2884-4774-9E18-7A686887A9BC,"Response, send to review"
784457528,sid-740A3235-BA0E-45E7-9F4E-6B7A29C93EB1,"BH, "
784457528,sid-47EB7541-D66D-4909-BFE5-CC2BA96D81E5,"Q, R"
784457528,sid-2E9E8AB9-6219-4871-9C6F-435BE3A8E739,"S, Y"
784457528,sid-E8689409-1290-4736-862E-335652495667,"W, X"
784828361,sid-E17E4067-1B2D-4DE7-AAF0-5D7B31410A2C,"Arrange_payment, Ship_to_customer"
784857403,sid-90AEC034-1F69-498F-955D-3FA70FEC3FD8,"M, "
784857403,sid-2B282251-C228-475A-A5BB-A194B8E639EB,"G, N"
784857403,sid-0E933184-C762-42C3-A87E-16B81CBDA247,"N, F"
785743451,sid-73B017E4-261E-43D8-BA78-84799221B1D7,"P, Exclusive_Databased_Gateway"
786320979,sid-A4DA9F7C-2F8C-461D-B471-EF1FDFDA29A4,"Invoice Complete, Invoice Incomplete"
787332528,sid-4037A8C4-120B-4BAB-8B81-A1ABD671CF5F,"Register claim, Ask customer to update"
787340316,sid-F47B6968-6B90-478F-B139-E37C6C426D42,"I, F"
787844465,sid-189C150D-57FD-4D1D-9CDC-8BB668F629FD,"Approve Amount, Review report"
787844465,sid-33F0ACD3-344B-4849-8E31-4AB92A36C94E,"Sent rejection notice, Approve Amount"
789315872,sid-C51834CF-A55D-40C0-80BE-4F49E6BEBD83,"B, C"
789751901,sid-B9159EB3-EB46-4C92-9482-3A86B3774250,"enter immediately, process normally"
789751901,sid-5D4EB38B-E087-479C-8431-4AF96F154B69,"add vendor NO. to invoice entry form, request for vendor master record"
789751901,sid-2D42C2E1-BFA7-4687-8AC2-4282BB826B41,"re-sorting invoice per vendor, re-sorting by invoice amount"
789751901,sid-3EADE7BA-DB08-46E6-B3D6-A8D5A44FC867,"enter new vendor master record, enter new vendor master record"
790617396,sid-7ED63DD4-89E3-4574-8769-38814A41E50A,"D, J"
790715721,sid-9265DB97-3513-4393-9E26-77D7CF6E8A4E,"check stock, send message to customer"
790715721,sid-B7741D6A-4D9B-4862-B46E-BA03ED2155CB,"production order, request to warehouse"
790715721,sid-8673E969-DEEE-4250-BE9F-6C10A5314878,"Check authorization, Check database"
790715721,sid-6ADB4961-16CE-4CD1-8821-53843FE84170,"create new customer, check authorization"
790715721,sid-E649D4BF-0D30-48DE-8615-3819A89AB8A0,"book payment, check number of reminder"
790715721,sid-74C7DF1E-F482-411C-9016-64D0C5623FD9,"send reminder, further dunning process"
790796757,sid-ED14A518-94F3-4783-A2DB-1895FF1B9447,"prepare billing, solving problems"
790796757,sid-7B0775C7-E7C4-4018-808A-B1F5ABE28501,"receive information rejected order, prepare installation"
79102520,sid-399507B5-E063-48B6-98C4-7907C1E2D09C,"create new customer data, check storage"
79102520,sid-0C8A7FEF-1203-4D61-A3E6-810D64473CE1,"product available, product not available"
79161580,sid-C2D91250-59D3-419A-B25D-0B1D7F6FF81B,"AC, AD"
79161580,sid-CE6389F3-D9E0-43C1-BD2C-738471291364,"A, F"
79161580,sid-093A5ED1-3493-4C47-9A5A-031BA4B2C721,"F, IntermediateMessageEventThrowing"
79161580,sid-DB342765-E9A3-4314-9A49-4516D619C481,"G, B"
79161580,sid-77B4F9C9-3B07-409A-910A-33638F83667E,"D, E"
792577577,sid-4EC8443D-76DD-4CC0-8732-7D670A3AD589,"D, F"
792577577,sid-36111063-2EC1-436C-9F40-FE1AF4483F62,"R, X"
793096739,sid-0E09FAE9-37A6-45C4-A048-86A6EA8DF530,"EndNoneEvent, EndErrorEvent"
793440658,sid-E682CD03-6B88-4DD5-A3B3-9E2E96CAB8BA,"Generate Purchase Order Documents and Specs, Send Rejection Order"
79402717,sid-AC53FE0B-373F-41E3-9759-185C1B51A160,"sid-AC53FE0B-373F-41E3-9759-185C1B51A160, AI"
79402717,sid-9C55C655-2369-4624-9252-AB3D77C4EB11,"AB,  "
79402717,sid-C4F2FC34-0D86-41DC-94BA-DD693307232F,"AJ, AK"
794798753,sid-3C6A2124-77E0-41D5-8C77-FD4252BB7891,"Open, categories envelopes"
794858910,sid-F83B577B-601A-4360-BF37-35B43FCAFD93,"Capture data from FMA, Capture data from Jamendo"
794858910,sid-C3163E25-3905-4DEE-AF92-1D5EFEA085EE,"sid-C3163E25-3905-4DEE-AF92-1D5EFEA085EE, sid-C3163E25-3905-4DEE-AF92-1D5EFEA085EE"
794858910,sid-F38F8A6A-E4CD-4ABB-9710-DC9051B4A704,"Download sample, EndNoneEvent"
795221732,"Evaluate
estimate","Authorize the repair, Take computer back"
795221732,"Problem
fixed?","Receive invoice, P/S Document"
795221732,"Able to
fix?","Ask Store Owner to complete the repair, Complete the repair and test computer"
795494596,sid-5E007DF1-CCCF-4000-BB0C-2FE404E903C1,"A, E"
795494596,sid-518085F1-6A35-4CDE-BAFF-38B0C0CE7A69,"I, "
795494596,sid-87E46EA0-75CB-44F0-8084-DBFA371362AE,"P, S"
795494596,sid-A9E36324-65D2-4C31-AC8C-BD1A4A986FE1,"Q, U"
796124629,sid-2319D193-080A-42F8-8F65-3D1DC1C3F509,"Cancel Request, Revise & Resubmit"
79616452,sid-4DF8CB14-D48A-45C0-AACB-8E9B6E6809F1,"task 1, task 2"
79635319,sid-72CAB6B5-12AC-4C98-BA8D-547506679D4C,"C, B"
79635319,sid-B226E2EE-E3CD-4016-9B35-43F9B6B59F91,"sid-B226E2EE-E3CD-4016-9B35-43F9B6B59F91, sid-B226E2EE-E3CD-4016-9B35-43F9B6B59F91"
79635319,sid-17C5DEF9-9458-4F9D-8204-E3D1DD7A6C50,"F, Exclusive_Databased_Gateway"
79635319,sid-5B2A3E08-3D4F-4602-9053-4EDB5C2696EB,"H, F"
79635319,sid-D8C8E975-3FBE-4EA5-B499-06277FF374A1,"E, EndNoneEvent"
79635319,sid-CA01E8A3-5A76-484F-8AF0-788AE275BD22,"J, AS"
79635319,sid-999AEE30-DA0A-4153-982F-94EB2CECBC22,"N, O"
79635319,sid-A02D4CE7-677F-4B69-919B-A552B1C987D4,"Q,"
79635319,sid-82086C61-C683-48E6-90C5-ADEF1CB44723,"T, W"
79635319,sid-AB2C61AB-7789-4311-9F62-B1FFA42C734C,"U, Exclusive_Databased_Gateway"
79635319,sid-721FAAB3-0618-4A62-AF9D-C4EB25297D66,"Y, Exclusive_Databased_Gateway"
79635319,sid-2807ABD1-BF36-4C1A-AB97-AB1DA1522FA4,"sid-2807ABD1-BF36-4C1A-AB97-AB1DA1522FA4, EndNoneEvent"
796719153,sid-5FEC6C0D-F85E-44E8-8C9C-10D3B56BF3A3,"Request to Cancel the Event, Decide on Editing the Event"
796719153,sid-CFBE066F-C02F-4C8F-BCE7-E660819308A1,"Request to Save Edited Fields, Request to Skip Editing"
796719153,sid-8FE0B5B0-4488-44A6-8880-1EAABC99642C,"Skip Cancellation, Confirm Cancellation"
798243064,sid-6318C0A6-B9FC-4F40-A856-3FB0F35550A7,"Trigger action, Trigger action"
798555759,sid-ADF09A07-F579-45F4-9D77-61DC0F160CC4,"AH, "
798555759,sid-E2AD1CC2-1EAD-4216-9004-B967AF8CB975,"AJ, AK"
798555759,sid-EF828B34-4FD8-43B0-A3B8-A6D90B023C96,"S, N"
798555759,sid-E74A3006-8017-4E01-90F0-5FA7C012451C,"Z, AA"
799030341,sid-F409E216-7C02-43DC-ADB3-2AE2520B4839,"SAP order information recorded, Exclusive_Databased_Gateway"
799051061,sid-3D492F9B-2F1E-42E6-89A9-B35E660183F6,"Request Fulfillment by Amazon, Exclusive_Databased_Gateway"
799051061,sid-22EA73EE-ACEF-4F2F-9CCD-D76CFBF4633D,"Request Fulfilment placement, Exclusive_Databased_Gateway"
799051061,sid-FA47839E-F9FF-4351-870D-03EF6F5DD0F6,"Accept Stock, Reject stock"
79978897,sid-D58CE4CC-0FE7-405C-8AA8-F9E79B7EBB52,"contact Palliative Care Team to consider other treatments such as cyclizine, If bowel obstruction is present do not place nasogastric tube"
799952478,sid-97A21E7E-89C9-43C9-B785-579D53BB1469,"sid-97A21E7E-89C9-43C9-B785-579D53BB1469, sid-97A21E7E-89C9-43C9-B785-579D53BB1469"
799952478,sid-5229F265-92F2-4955-9D04-A83F9E8D8835,"F, "
799960757,sid-452DD0E2-2953-4BCF-B617-1EE66087A7BE,"Send contract, Test"
799960757,sid-30E07AD4-9785-4715-8E14-4E40A685D9E5,"Employment termination, Employee training"
803015737,sid-BD06D130-956F-42F2-95AA-55B1A4B9E113,"G, I"
804341976,sid-EA9335E2-6E69-4C92-B92F-55C8FFD98850,"O, N"
804341976,sid-9E0D76C2-4D8C-4DE3-A137-5A362EEC3B32,"C, E"
804834741,sid-81D7A375-E3FF-47A3-936C-4856CF695B10,"A, c"
805457213,Collected?,"Final check, Send notice"
805457213,Is everything okay?,"Send notice, Send money for center to center account"
80594333,sid-90488A95-B301-484E-8CA3-F01D22FEB1D9,"G, E"
80594333,sid-67F8C2C8-2249-4FDA-B285-AAAA28C13077,"M, N"
808029425,sid-8F561574-E7BE-4376-9F66-FED915B69D94,"Arrange Medical assessment, Exclusive_Databased_Gateway"
808138369,sid-D2B0C586-91DE-42B0-8551-B1E3E5F3E8B5,"BG, BH"
808138369,sid-F3779E4A-86A8-471B-BD9C-ACDA4E6EA648,"L, M"
808138369,sid-9389B117-DE58-4B19-919E-E85B1FE8605B,"AK, AN"
808138369,sid-D470D5CB-C004-47A2-AC83-884333ADFD94,"AK, Exclusive_Databased_Gateway"
808138369,sid-850375C7-F1CC-4BCD-82F3-44034AF4AD20,"AP, AR"
808138369,sid-DA8775F6-6811-42F9-AC1B-8557127474B4,"AX, AU"
808440970,sid-8DD1D59D-6C0D-4F84-B5CC-8BE69C4E029F,"Stamp invoice entry form, Add invoice due date on entry form"
808440970,sid-F1B8A5C7-5152-4ED0-A176-B9CDD53E577E,"Process urgent priority invoices, Process non-urgent invoices"
808440970,sid-4A34C77A-63C1-4017-8215-279CA2E7C5B7,"Invoices have required information, Process non-urgent invoices"
80855336,sid-D43E2130-15D3-43BD-9A6B-7C24C3F3E635,"check customer type, Exclusive_Databased_Gateway"
80855336,sid-4633DB06-6C34-4644-B352-96AA3936C64E,"refuse order, apply customer to database"
80855336,sid-D2C73765-A6FB-4352-BE7B-B89C4BBE321C,"customer refueses offer, "
80855336,sid-47D96FCE-59DB-4002-9FEB-D34DF0B309BD,"produce goods, check stock"
80855336,sid-E93BE95C-BB65-45BE-A216-CC0902B46E5C,"refuse order, customer accepted"
80855336,sid-13B2BB0F-3DF3-4D37-97FE-4482E55DD7A7,"dunning process, check payment"
809345717,sid-171CB2F7-75E6-45B5-9D0A-133F3A6491B7,"sid-171CB2F7-75E6-45B5-9D0A-133F3A6491B7, sid-171CB2F7-75E6-45B5-9D0A-133F3A6491B7"
809345717,sid-E4B68F21-E22D-4C59-8117-5A8DD56E5235,"L, U"
809883750,sid-F10485CD-5FA6-4FAF-9634-2E90173B7ACC,"Compare Details With Paper Invoices, EndNoneEvent"
810993703,sid-AB9CDCCE-4F33-4D4F-9662-3DF7396A85FA,"K, "
81102131,sid-6EFE2492-D25E-408D-A137-8CDE742B685E,"sid-6EFE2492-D25E-408D-A137-8CDE742B685E, E"
812285228,sid-7B02686D-8538-4936-839D-92431A1FCDCB,"J, O"
812285228,sid-91FC50A1-76AE-470D-869F-BFF1B4C575DE,"M, P"
812351957,sid-304113D4-6918-4D2B-989B-B1BA17A0D8FC,"Leave eBay, Place Bid"
812994796,sid-8D9CC639-87F7-4DDC-897C-6DEE899E865C,"Check Invoice Entered Correctly on Invoice Entry Form, Compare Paper Invoice With Entered Invoice"
813198265,enough resources,"Plan path, redirect order"
813198265,desicion,"desicion, evidence problems"
813198265,accept,"Reserve driver, Confirm transportation"
813583818,sid-3FAC13A9-0139-4621-85D4-B5E65B2A646F,"C, D"
814589789,sid-CDBA4D06-E5A9-4794-B325-502416EAEB6E,"K, "
814650966,sid-21FCB4EA-0EC4-427D-805A-24EF7383BE71,"Check process, Analyze domain"
814650966,sid-8A1F7F1B-6D21-41D2-B700-9999DF6D9F77,"Perform work according to role, Defense project"
814650966,sid-E1E8782D-715E-463E-9D3F-9D46941A35FD,"Exclusive_Databased_Gateway, IntermediateEscalationEventThrowing"
814699197,sid-F5677FF9-A8CD-475A-B779-8AD39AA3A2A7,"D, G"
814699197,sid-2536AAC1-9D2B-4D3B-A800-7B274BABB860,"T, Q"
814699197,sid-D13CD1E5-762E-4FCD-8BC5-95328BB3A8F0,"W, "
815016454,sid-78D6701E-F4C2-472F-90CC-C901073FB111,"Check the box on form, Highlight errors"
815617291,sid-40FC6FCE-90A4-4044-80F7-186DFDB06086,"Select Add New Telephone link, Phone details provided"
817490151,sid-2B400442-2CA9-4270-8B49-4D6DC02DAFC0,"Set up meeting with the Vice-President, End process"
817490151,sid-9D161A98-F87B-4F7B-BC94-CB1377A47D60,"End process, Exclusive_Databased_Gateway"
817490151,"Wait for 
approval","Send approval to UA, Set up strategy"
81859449,sid-F8863790-72A9-4F8C-A60E-FA6297DAF196,"A, C"
818616305,"Acceptance
Required?","Acceptance, Received End State"
818985763,sid-9677C62E-CD90-4711-896B-888FDB6A779C,"Approve loan, Initialize Loan form"
818985763,sid-BC8FB62B-4B95-4EBA-A363-8161B281376F,"Approve loan, Initialize loan form"
818985763,sid-E9215380-E635-45A8-8BC7-9CB098C25C9D,"Check fulfillment of loan conditions, Send Suspended Message"
818985763,sid-ABDA5074-98E3-4035-A6BB-3269A1FFD3FB,"Send Error, Calculate threshold"
819730372,sid-56826D32-A1FF-418A-A5A1-7912F56E59CC,"Check and repair computer, computer unrepaired"
820643871,sid-3440FC9A-C568-448A-8A56-FBC4909A5DA2,"Y, Z"
820717733,sid-9203AD2F-0705-4ED8-B6BF-ED66FC9E3165,"Select alternate media file category, Browse iTunes Charts"
820717733,sid-C60C032F-EC0D-43AA-A4A9-ED92D8E56AD9,"Search for item, Browse iTunes Charts"
820717733,sid-E7E5BE7B-053F-4932-9D78-399418A409F9,"View in iTunes Store, Media File Not Found"
821109659,sid-3F908DC4-457B-40E2-9C3F-1A86EEC1C58E,"D,"
821244516,sid-F4893094-E0B2-4F6C-B2C3-E6626F31FDA5,"B, C"
821244516,sid-84FCA87C-BD55-458D-B10B-41EEFC3A0181,"H, I"
821599718,Check for raw materials,"Goods Receipt, Post Goods Issue"
821811177,sid-94A02550-FE46-480D-BCDD-23FBE1420223,"A, B"
821811177,sid-F99E6CA0-9F97-454C-B186-97CB72E56604,"U, V"
822307469,Cancel,"cease details and archive, move to administration"
822307469,complete data,"complete data, move to administration"
823166864,sid-F9810BEF-0D25-40EA-B6C1-41C1C170BF03,"Sales partner master data relations deployed and usable, Select purchaser category (create if not exist)"
823307931,sid-D55C6ADB-8047-4905-9C76-6C4DB44E01F0,"Inform Recruitment Manager, Contact next candidate"
823307931,sid-D73E4127-0213-43B9-832D-CE1E71431A16,"Complete business case, Scan and record application in GovSource"
823307931,sid-D10174BB-CB0A-40B5-AD89-6D77A5E2F05E,"ParallelGateway, Exclusive_Databased_Gateway"
823307931,sid-83F7B448-4983-4587-821A-FB66046EC4CD,"Exclusive_Databased_Gateway, Exclusive_Databased_Gateway"
823312646,sid-CFE25370-F79F-4E11-94BD-DADCC324E8D2,"I, Exclusive_Databased_Gateway"
82456014,sid-2E225467-FD8D-4A07-A8DD-8F9CE8E39333,"Check progress, Consult project"
82456014,sid-77C1DF9C-FC88-42D3-B367-10C496796439,"penalize, Extend process to level 2, 3"
82458363,sid-CCEF01BA-1D62-4E8A-AB53-87D04D2DA7BE,"V, X"
82458363,sid-3CE1EDBC-F19C-46DC-8CDB-963EDAE617D5,"W, EndNoneEvent"
82458363,sid-1BCF5CC6-1B93-4444-B721-3B4019E8AFC3,"G, H"
824958592,sid-96DAAD20-C628-446F-A6BB-74B256B636E5,"alert received, alert not received"
825289290,sid-7C6FBEB5-02B5-4B97-8521-5B6B08A2919C,"I, G"
825956129,"What's our opinion
 on requester?","Accept request, Deny request"
825956129,sid-9A5CE08F-4EE9-455D-A093-E607D0D672AA,"sid-9A5CE08F-4EE9-455D-A093-E607D0D672AA, sid-9A5CE08F-4EE9-455D-A093-E607D0D672AA"
825956129,"Is his reputation
 good?","Is his reputation good?, Check requester reputation"
82615123,sid-549716A8-9B45-494B-9C18-00F351952CB3,"Wait 3 Working Days, Check Receipt of Evaluation Sheet per Panelist"
826200218,sid-17A4DDEE-DFFC-4807-A2E4-5CB0AE17F626,"BV, BU"
826200218,sid-EE27F590-51EF-450C-8237-11F593565679,"CA, BX"
826200218,sid-DFC82060-6884-477B-9D99-78B7DAFF9D50,"E, D"
826200218,sid-713597F8-A63D-4F60-92E1-E6336B4498F8,"C, F"
826200218,sid-D319556F-D7B9-45D5-BBCE-CC2CF90ADBC5,"F, H"
826200218,sid-76479592-D827-42FF-914B-CE19A8019CE1,"CK, Exclusive_Databased_Gateway"
826200218,sid-726ABCAE-903D-449E-8F41-5DFDD9B7A76D,"CH,"
826200218,sid-4D3D467A-BCDE-4C78-9EAF-D02682F9CB9A,"BF, BJ"
826200218,sid-AC7DDF5F-88F1-4E31-9251-4F17EA0EA8AA,"BL, BM"
826200218,sid-F8CDDBEE-7BD1-4268-8C0D-A84B3C01F10F,"BP, BQ"
826200218,sid-3B5C5E9E-21D1-4E2F-8DFA-A78831112A74,"BS, BR"
826206352,"Pricing
and terms
Satisfactory","Submit Purchase Order, Inquire about availability of products"
826992839,sid-84488235-1153-472F-9D82-FC53450FD7B0,"Update file to new changes, EndNoneEvent"
827092552,sid-330123AC-E2BF-4C89-ACA2-9168681E8EA2,"Select medium for acquiring checks, Approach access control agent with need"
827092552,sid-1CE04D49-B400-42CA-A3D7-3596609E2A17,"Present frequent flyer card, Undergo check using biometrics"
