Model ID,ID,Gateway Names
2063320767,sid-3DC6F964-3892-4D02-A030-11A3E2EDAA5C,"Assess Risk, Request Approval"
2063320767,sid-24B6EEF5-F9AD-4896-BD29-D670D172621D,"Reject Credit, Accept Credit"
2063853958,sid-13C16184-A76C-4172-9D54-C57BA321C1BE,"D, K"
2064306128,sid-7DF0B58B-467B-4C47-B2F4-CB839143481F,"E, F"
2064306128,sid-A2DA19B8-F566-4A71-9E2E-69414B339309,"F, C"
2064306128,sid-F065B321-E989-41AD-B97D-561FC2EE3234,"AE, AG"
2064306128,sid-106885BC-D775-4A12-B5EB-975476E106F0,"AN, AC"
2064306128,sid-5A8B0723-4AEE-46F1-9238-41CF9F04A8BE,"I, J"
2064760468,glossary://4e4f43eeed2545d6893453842d730137/additional parts are required;;,"additional authorization of service, parts requested"
2064760468,glossary://189ac1a9bcd24fe6bca276d4abec6349/are parts available?;;,"priority order is placed to the manufacturer, vehicle repaired"
2064892082,sid-7F4E09EC-455E-4D64-ADDC-16844C8C06FB,"Exclusive_Databased_Gateway, EndNoneEvent"
2065031503,Problems?,"Solve problem installation, Prepare billing"
2065568834,sid-5232F02F-6754-4A7A-BEA3-8BA44870DE63,"Approved, Not approved"
2065568834,sid-22A26F1E-1551-4FF9-9EF8-84F8539722D1,"Connect directly with lecturer, Connect with lecturer via proponent"
2065568834,sid-2C4655D1-6D19-41AF-974C-02F000FC5F47,"contact lecturer change schedule, Inform lecturer ok"
2065846965,sid-61A6D0B9-DA41-42F7-A513-5E251BC7B70C,"Passenger continues to next step, Conduct baggage registration"
2065846965,sid-90F4C50A-FAF5-4087-93FF-F1FC9DD78B83,"Acquire Information regarding check-in baggage, Passenger allowed to continue to next step"
2066357450,sid-42DA0AF4-58E7-43DA-B5C5-EEC03D9FFC0E,"M, Exclusive_Databased_Gateway"
2066357450,sid-E1458E48-B336-42B7-A96E-F5F807C1068F,"Exclusive_Databased_Gateway, Exclusive_Databased_Gateway"
2066357450,sid-159C67C4-5184-46FA-85D5-39E9BA742D40,"sid-159C67C4-5184-46FA-85D5-39E9BA742D40, sid-XXXXXXX-XXXX-XXXX-XXXX-XXXXXXXXXXXX"
2066357450,sid-EA9FCEB3-8EFB-458B-B923-10BFD24EEB72,"Exclusive_Databased_Gateway, Exclusive_Databased_Gateway"
2066357450,sid-4CF77586-E2BB-4397-8342-280FB11FE9A4,"sid-4CF77586-E2BB-4397-8342-280FB11FE9A4, Exclusive_Databased_Gateway"
2066357450,sid-3BE67A17-748A-497C-934B-148222377EB1,"Exclusive Databased Gateway, Exclusive Databased Gateway"
2066623051,c1=true?,"Print ""T3"" on a new Line, Print ""T2"" on a new Line"
2066623051,c2=true?,"Print ""T4"" on a new Line, Print ""T1"" on a new Line"
2066986444,sid-F6E7FA9D-F649-419E-95DD-6AA83CEBE362,"Based on the provided gateway information, I can infer the following two names: Exclusive Workflow, Conditional Flow."
2066986444,sid-9A03EA54-3B8A-498E-B653-5C7EE03ADB81,"sid-9A03EA54-3B8A-498E-B653-5C7EE03ADB81, "
2067400597,sid-75A7A4B0-54A7-474F-9E8C-EDAEF473A8E3,"A,"
2067991201,"Retry Limit
Exceeded?","Request Credit Card Information from Customer, Notify Customer Invalid Credit Card"
2068638185,sid-8E32B75C-38D6-492E-9E53-9FBEAB781067,"B, C"
2068638185,sid-1B3F7525-D771-4E23-978B-2B6DF179D628,"D, E"
2068773322,sid-6D18A07F-6E3A-4995-90F7-F5E22B9D3749,"Prioritise remaining invoices by value, Prioritise remaining invoices by vendor"
2069043694,Invoice Ok?,"Invoice Ok?, Initial Invoice Control"
2069043694,"Are you the correct Requisitioner
and is the invoice correct?","Variance?*, Correct Purchase Order"
2069116513,sid-4C5E2EFB-6CDA-465A-BDA5-850EDCD3AB16,"E, F"
2069116513,sid-BF4B90DC-F492-4473-9929-9E043C8C0B15,"AC, AA"
2069116513,sid-25BD52E7-89B6-439C-A04C-4BA50663D744,"AD, Z"
2069116513,sid-5DC30E59-DD19-4A07-AECB-AB45E476A349,"Z, AC"
2069116513,sid-BDCA9450-37C5-41A5-899B-3CF9FCA3DE89,"AT, AB"
2069116513,sid-685ABF99-DF9B-4A01-82F4-7F11C375CB85,"AU, AE"
2069116513,sid-B04FC393-1053-43BB-B348-205B57F13EDC,"AK, AR"
2069116513,sid-35906433-FA72-498E-B653-5DC0AF478777,"AJ, AI"
2069619333,sid-80515A11-A93B-4846-8DAB-1912B1CDD69A,"Do some work, Successor Names"
2070135491,number of reminder,"send reminder, write off"
2070135491,incoming payment?,"close order, checking reminder"
2070870143,sid-92F60478-DC74-4D71-AE41-63A9E54E64BE,"B, K"
2071258620,sid-81C68E48-55A8-4EF9-BB9D-A68727CBDCAD,"A, B"
2071664513,sid-27580953-E5DE-4658-A6D5-8323FD1E16A0,"K, L"
2071664513,sid-99A171FD-1F36-45A2-9A86-D9DC35024B17,"P, L"
2072161188,sid-F23F5FC3-1475-4650-B90D-D014B5FEF3C6,"K, "
207244166,sid-16407F7C-94D6-4FC3-ADA0-FABBBD421BA9,"Request of quotes to vendor, Request complete"
207244166,sid-9CFDB61E-8386-4789-8881-37EE72735E05,"Internal mail, Hand deliver"
207244166,sid-62496DA6-8AC6-4E59-B20A-2FBE7DA8B902,"Rejection, Success"
207244166,sid-FAB23CC7-3E83-46B7-A862-5542BED89F2F,"In case of discrepancies -investigate, Trigger payment"
207244166,sid-E13F1C0B-2E45-44D8-BD87-02FF06288768,"Quantity and quality is OK, Quantity and quality is not OK"
2073277344,sid-9BD2CE82-445A-4C05-BA93-AF94BCC76EEC,"AM, AK"
2073277344,sid-FFE3D33B-B63F-4949-B753-C92F8FF19BB3,"E, G"
2073277344,sid-4D6EC2C0-65AF-4C38-9ED0-37CEAF0ACE96,"sid-4D6EC2C0-65AF-4C38-9ED0-37CEAF0ACE96, sid-4D6EC2C0-65AF-4C38-9ED0-37CEAF0ACE96"
2073277344,sid-9897D9E6-B5D7-4A3D-862A-BC05324E167D,"H, K"
2073277344,sid-F8A9D7BF-C2A9-40D4-9A4A-3D4D84A5BF8A,"I, J"
2074002292,sid-18C686A3-E2E5-46DE-8885-232AF158A1AA,"prepare contents, prepare final version"
2074002292,sid-910F2894-BDF4-4CC7-85DB-C1D6115E8704,"building site, review site"
2074138349,Director Approval?,"Document Director Rejection, Finance Approval for less than 1000"
2074138349,sid-AAE5F041-66ED-47E8-B816-D53B50DB363F,"Create Purchase Request, Director Approval?"
2074324865,sid-42BC15B1-C233-4D3C-916D-89521FDA2EDC,"E, C"
2074496137,sid-799F8820-7B56-4803-8541-EEC155DC7135,"backorder, reserve"
2075015229,sid-E0A07E35-B52C-4BED-B300-BA58C371C815,"Gateway Name 1, Gateway Name 2"
2075015229,sid-BD32ADD4-C38E-4624-B984-2F47001FFE3B,"Select core unit, Select complementary studies unit"
2075015229,sid-2D8DE6D9-5375-46B8-B2E1-0C6303CD3DF2,"Exclusive_Databased_Gateway, Exclusive_Databased_Gateway"
2075015229,sid-21E70463-8C8B-40F3-844B-7EB6D730F0CD,"Confirm enrolment, Check ""Enrol"""
2075015229,sid-C74953CF-BB73-4526-86DF-9C5404B60D60,"Successful withdrawal message received, Withdrawn - Failure message received"
2075015229,sid-E6A67516-B330-4C3B-A359-1E1B818DC742,"Tuition fees displayed on account, Tuition fees with late penalty fees displayed on account"
2075015229,sid-F654390F-4659-4FF5-A8D5-857BA15EC869,"Successful enrolment message received, Unsuccessful enrolment message received"
2075015229,sid-161D9CA9-E9AE-4714-B704-355DCC2F9F8F,"Waiver approved message received, Waiver rejected message received"
2075015229,sid-7016C901-FAA7-4DDF-9A43-124FC6364DA1,"Waiver approved message sent, Waiver rejected message sent"
2075015229,sid-74D4287F-6247-40EF-A7FA-8081FE10D8C3,"Unsuccessful enrolment message sent, Successful enrolment message sent"
2075015229,sid-565425B6-29FD-49D6-B4AB-1AE3D5A1EA49,"Verify user, Process unit/s swap"
2075015229,sid-82931915-1CD6-4E2D-8D19-E7940BC0BCAB,"Revise tuition fees, Check census date"
2075015229,sid-78F64489-61E2-4BAE-AFD5-81BF222BB103,"Check date for academic penalty, Withdrawal successful"
2075015229,sid-4CAB5E25-40AE-4BD3-B438-1E49C4A40503,"Tuition fees displayed, Tuition fees with late penalty fees displayed"
2075456425,sid-99AA91CE-A65F-4ECA-99C0-42795B2238D3,"I, J"
2075456425,sid-E6539FB1-E46C-4590-8E3F-A272F3D121B7,"K, Q"
2076363931,Publisher or requester?,"Authenticating the identity, Mapping the numeric identifier to a ""closer"" node"
2076818596,sid-1D3249FE-71F3-483A-96AE-3A532F57D4FC,"Position Vacant, Position Not Vacant"
2076818596,sid-2F6EC78F-B083-4256-AB5B-8DC99D8EBA92,"Confirm Validity of Position Profile, Inconsistent Profile and Role"
2076818596,sid-A8025DFA-B3F5-48B3-99A8-C3DB0B12EAF2,"Role Exists, Role Does Not Exist"
2076818596,sid-DF870A79-9B35-40F9-A1D5-C3D216EA7247,"Create New Position, Develop Business Case"
2076818596,sid-3E2B235F-FBF1-4A7F-9015-70BA58E511A6,"Incomplete referee report, Complete referee report"
2076818596,sid-6CFB6538-9F3D-4C01-9A50-4BD610D7EA12,"Check Printed Copies for Completeness, Check Digital Copies for Completeness"
2076818596,sid-048F4B50-8411-4883-AA97-B23CE89D120C,"Print Applications, Discard Application"
2076818596,sid-6598657A-0FF7-46BC-8AB1-4E3B252EDEAB,"Determine when the offer can be made, Contact next in -line candidates"
2076818596,sid-ABDA5236-3DCC-4310-A057-0BC409D4D866,"Reject offer, Receive offer"
2076824024,sid-2AA9568A-079A-4236-9D00-54CFB5115597,"E, F"
2076824024,sid-91F37ED2-5E8F-4844-983E-A4B7C59638D6,"A, "
2077144552,sid-8BD84627-66AC-4583-901B-DEB561B24677,"ask rating agency, Exclusive_Databased_Gateway"
2077144552,sid-43301AA7-2F08-473F-93C2-F9BEA6513525,"Gateway_Name_1, Gateway_Name_2"
2077144552,sid-998AFFC2-D278-4855-BFEE-BFDBE1E0121D,"send 15% offer, direct security check"
2077144552,sid-C7CEFF73-483C-4497-A194-24ED12BD2D77,"send 12.5% offer, Exclusive_Databased_Gateway"
2077144552,sid-C9ACFCA9-0B78-4938-B903-467AEE2E2BC0,"send 22.5% offer, send 20% offer"
2077144552,sid-0D8890F6-A6CB-4259-AE74-F9B01611C6EC,"send 20% offer, send ""no loan possible"" answer"
2077144552,sid-A5A80B0C-6DB0-4AA6-9843-682A5FA8828B,"send 20% offer, send ""no loan possible"" answer"
2078208643,sid-F56DA28B-CD62-4CFD-AFF2-0F00E7B63586,"Improvement not needed, Need Improvement"
2078312990,sid-32DA3D19-413A-43D7-BDEC-0D22BD3376DC,"Create vendor master record (24 hours turnaround), Create vendor master record (1-5 days turnaround)"
2078682191,sid-5C13B2DC-F7D6-41A7-84F4-AC975EFCFB6A,"B, C"
2079312326,sid-EF8C64F2-E0AD-4FBB-B60B-721924B36D04,"Change date, Select departing flight"
2079312326,sid-85575209-36E6-4F0D-9913-10C93E74C4E1,"Identify returning flight, Select departing flight"
2079312326,sid-74D53BA0-7901-4C04-A182-45EA8F74A721,"Change date, Select return flight"
2079372117,sid-10AE6DDA-92D7-48AA-8453-16B45F1277F8,"Loan approved, Loan rejected"
2080197990,sid-CD9B39CC-E3A5-4C93-AD5A-0DB165E3845F,"He wants something else, He wants to open an account"
2080197990,sid-F71B3A41-56BC-4193-AE4C-E5B946682B11,"Open Time Deposit, Tell him that he is too young and ask if he wants another type"
2080197990,sid-399195EE-6248-46D9-9D88-826B63D2CA86,"Open Credit, Tell him that he is too young and ask if he wants another type"
2080829223,sid-28E1F6D4-FC80-4AAB-B706-19101355F311,"L, M"
2081073101,Tweet?,"Tweet?, post twitter"
20818304,sid-2DE29A6E-A466-4398-A072-34B3CFEA2F2B,"Assess risk, Exclusive_Databased_Gateway"
20818304,sid-5BC5A751-BA04-42A7-9E56-06B6CD34FBC8,"sid-5BC5A751-BA04-42A7-9E56-06B6CD34FBC8, sid-5BC5A751-BA04-42A7-9E56-06B6CD34FBC8"
20818304,sid-3E8E82E3-D144-4792-A3C2-C0BD4C347545,"Reject credit, Request approval"
2083291315,sid-5DEF62A1-A6ED-4AF0-92A8-45340016A14C,"Place monster (fulfilling rules), Done!"
2083499136,sid-AD430235-085D-4CC2-AAC0-CC67646E2AC9,"C, J"
2083719867,"Send 
Supplement A?","Send Supplement A?, Send Main Document"
2084123167,sid-E1FD6659-363A-4A5D-88E4-57678EE61A66,"Confirm Order, Send Message of unavailability"
2084123167,sid-2706C041-0D9D-4FF2-98C8-47692998BEDB,"Prepare shipment, Confirm Order Cancelled"
2085113841,sid-FC3D5206-C9A2-4DA5-AB57-5F1A1F0459B7,"T, S"
2085113841,sid-D85F3276-B111-4A91-AE9D-53A199FFE853,"F, D"
2085363400,sid-896A6493-FEAF-443E-8EE3-D9F90E31FA2E,"Send invoice entry form, Sent master data entry request form"
2085363400,sid-D6BABFE4-2FC4-4879-9121-F8033244628A,"Send highlighted mistakes, 1.02 Correct Invoices"
2085439486,sid-4BD83F46-799A-4C54-91C3-5D106256506C,"Customer support ask more questions related to issue, Resolved?"
2085439486,sid-A16A1B74-FC28-43EB-8072-D4F0332EF355,"Resolved?, Transfer call to Level -2"
2085439486,sid-013A3213-20C8-417B-8BB0-48376FADFF66,"Customer support ask more questions related to issue, Resolved?"
2085439486,sid-8464E1CA-EF22-4F11-9992-DD09D5B2D796,"Resolved?, Resolved?"
2085439486,sid-E030775C-52E5-466B-9CB3-A38126120F89,"Create Issue log for Software Development, Verify Issue"
2085940021,order releasable?,"Release order, Send order to collection clerk"
2085940021,"Creditworthy?
","Clerk marks all blocked order in the report, Release order"
2085940021,Clerk consideration Order releasable?,"Clerk consideration Order releasable?, Clerk marks questionable order, Release order"
2085940021,requires MTO?,"requires MTO?, Release order"
2085940021,request justified by Customer?,"send request for payment to customer, Exclusive_Databased_Gateway"
2085940021,Customer benefits from additional time?,"Clerk changes date for collection process, McM sends a notice to Customer"
2086271047,sid-C5110F8F-D0C9-4053-A563-EE254948E0AF,"By Invoice Vendor, By Invoice Amount"
2086271047,sid-9BE85ED4-A54E-4245-BF64-BF3B1B0C9872,"Return Invoice to client, Send invoice to experienced SSP members for clarification"
2086548349,sid-66F1F574-46EE-44DC-A37F-8D1B3EB8DD51,"D, "
2086821098,sid-FA73786F-C4C8-4CD6-8329-70468890E4D4,"A, B"
2086821098,sid-519B5B0C-1B12-4AFB-9AD5-C25090316FD9,"D, C"
2086821098,sid-0878098C-EEB4-4044-9D1D-132BA6457E75,"Q, R"
2086821098,sid-1113C1FC-6D19-4891-BF14-94D9DC06733F,"V, W"
2086821098,sid-97A04A75-7240-474A-97B5-6FC571BCE8A2,"AS, "
2086999881,sid-3750EBD9-D4A8-432F-B486-525BFBA8084A,"sid-3750EBD9-D4A8-432F-B486-525BFBA8084A, sid-3750EBD9-D4A8-432F-B486-525BFBA8084A"
2087240445,sid-2B04FB84-695A-4DCD-9352-D00260488B23,"B, D"
2087277194,sid-4D59D129-4349-4C86-916C-DEB500A78A1A,"A, D"
2087692430,sid-32EE8806-7C36-41ED-8D6D-8052E796040F,"Prepare order for goods with broken limits, Check the minimum limits for stored and ordered goods"
2088233509,sid-762FC4D7-58CC-490C-B9BF-47D828D27C0B,"Schedule Inspection Time, Request for Inspection Received"
2088233509,sid-C80B2215-D7F2-43CB-97C3-43CF87458743,"Confirmation Received, Rejection Received"
2088233509,sid-CAD9C2CF-5B01-4190-80B3-DF34595543B3,"Appointment Time Confirmation Sent, Appointment Time Rejection Sent"
2088233509,sid-B145EF98-3378-449E-A96D-0852ADF3D87F,"Notification of Decision Received, EndNoneEvent"
2088293184,sid-4EF74BE6-A553-4DDB-A439-618721B1B562,"Defer BCBP in order to receive at airport, Select option for receiving BCBP"
2088293184,sid-5ECA2AD7-82C1-45C7-ABA2-19E512E9F364,"Decision to Defer, BCBP"
2088338710,sid-6EDAAD53-0A91-4745-86AF-D133889B69A8,"Resolution Center, Weight and Temperature Control"
2088338710,sid-BE26092A-3E3A-4441-AEB5-3B8EB00BF6F8,"Resolution Center, Weight and Temperature Control"
2088338710,sid-CCFBFC21-0B1A-47D1-AA1F-B4A9559D43CC,"Finance Department, Warehouse"
2088389964,sid-BCC3AE01-4E19-4794-BB07-4F032C61F22D,"B, EndNoneEvent"
2089681263,sid-DCA7A390-BAC6-4B39-AB1A-2DB65E71020B,"D, E"
2091237392,sid-CD57E129-17BE-4A4B-B8B9-85F3469D5B56,"Q, R"
2091237392,sid-72C16051-4EEB-4050-B50C-4EF8FE8196AB,"U, X"
2091827911,sid-73ACA2DE-364A-45EF-A128-0BED249FDF82,"C, E"
2093447245,_3_18,"_F, EndNoneEvent_"
2094405919,_0-6704912,"D, "
2094405919,_0-9671012,"F, G"
2094405919,_0-6131793,"Y, AG"
2094405919,_0-6369328,"X, Z"
2094405919,_0-7153076,"AC, AF"
2094405919,_0-7912703,"R, AI"
2094405919,_0-8122576,"U, W"
2094405919,_0-9064284,"AK, S"
209458132,sid-A9C5D773-D63A-4644-9B16-57B18FEF874E,"O, "
209458132,sid-69B0AFFC-7981-4741-AB69-AFF55F190C5F,"F, Exclusive_Databased_Gateway"
2094930341,sid-A1036ADC-758E-4C7A-BF3F-825374D394FC,"10 days, Exclusive_Databased_Gateway"
2094930341,sid-D34293C6-C358-4DEF-B2CD-3BFF65CA606E,"10 days, Exclusive_Databased_Gateway"
2094930341,sid-4524F959-884A-4AE3-B426-A26E49E467F7,"sid-4524F959-884A-4AE3-B426-A26E49E467F7, EndNoneEvent"
2095617550,proposal is reasonable,"travel offer from agency, approve RTA"
2095617550,approval,"request for travel approval, finance approval for less than 1000"
2095617550,sid-E86950A1-DCE7-46AC-B65B-703955CC7B72,"document director rejection, finance approval for less than 1000"
2095617550,sid-6EEA2A4D-90E2-49FA-B96D-24922F97D06F,"create purchase request, "
2095617550,sid-A2B6F3C9-D3C0-4F56-957D-8FE7D23DAAB8,"create purchase request, "
2096571236,sid-4F15A6F7-DA7A-4A0E-8D91-7747AC2E2DB0,"OK, NOT Approved"
2096831908,sid-243A7A3C-0104-4EF0-9736-E8AA89F90F9D,"sid-243A7A3C-0104-4EF0-9736-E8AA89F90F9D, "
2096831908,sid-3637672C-6E5C-4028-A25E-1CA02E6DF891,"Exclusive Databased Gateway, Intermediate Message Event Catching"
2096831908,sid-6AB019BD-AC8C-4CAC-9262-80656CC489F5,"H, I"
2097330175,sid-6E3B5124-4BD6-42B7-B936-D8EE2DD178A9,"E, C"
2097330175,sid-005D5EB1-6912-4DD3-B764-D82C24DB648A,"H, E"
2098483790,sid-ACA1EE0C-F4F8-4AC7-BFC7-2CF9C84C7C32,"Request for Travel Approval, Exclusive_Databased_Gateway"
2098483790,sid-6E1C6ADE-4D5D-4888-967F-1774A261BBF1,"sid-6E1C6ADE-4D5D-4888-967F-1774A261BBF1, Exclusive_Databased_Gateway"
2098483790,sid-999662F8-B35B-40D1-8540-A2A549FCB03C,"sid-999662F8-B35B-40D1-8540-A2A549FCB03C, "
2098483790,sid-EFCC05A4-09D1-44DF-B7AA-1BAE5CC5B8B4,"sid-EFCC05A4-09D1-44DF-B7AA-1BAE5CC5B8B4, sid-EFCC05A4-09D1-44DF-B7AA-1BAE5CC5B8B4"
2099777160,sid-CED82C45-226F-411A-AE5A-56A0793360CA,"sid-CED82C45-226F-411A-AE5A-56A0793360CA, P"
2099777160,sid-39AB5F51-7B87-47AD-9D27-9B7A01C30BE5,"AE, BA"
2099777160,sid-A98C485D-FEB1-4951-BAC4-4AFE9EAA0E4B,"CA, CC"
2100137708,sid-018DACC6-55A1-4DFD-A9CA-545D5EFE7024,"Highlight errors on invoice entry form, Tick ""Invoice entered correctly"" box"
2100470964,sid-F5CA757A-10EF-43CA-B7BC-B33B4998C0AD,"Check process model, IntermediateEscalationEventThrowing"
2100470964,sid-421A022C-AA23-4EE6-8FA9-5BF4541773FA,"Perform a work according to role, Present the project"
2100745163,sid-3A971843-94AA-42DE-8DF5-894318AFE415,"Notify customer about product shipping, Send invoice to customer"
2100745163,sid-F3F10272-2BB8-4BFA-9A80-B750B38F61C0,"Order not cancelled, Check customer PO for cancellation"
2100745163,sid-6548ED3A-B99F-4879-8C27-6B87BB9B3360,"Order cancelled, Notify penalty to customer"
2100745163,sid-B89C5858-260D-4C3D-ABA2-DC3BE5649FC7,"Order cancelled, Order not cancelled"
2101661817,sid-67844FC5-A8C0-4C2D-98D0-FB7ABFEF242C,"Transfer to Sorting Warehouse, Place parcel in Carousel for rescan"
2101843199,sid-115BF900-E344-4465-A499-40FBA0950047,"Create Purchase Order, Check Inventory Level"
2101925612,sid-5279FD39-E26E-4BEA-BB02-107135299B0E,"F, E"
2101925612,sid-DB98B258-E03F-41C1-B6F0-6BFFC91FD802,"EndNoneEvent, Exclusive_Databased_Gateway"
2101925612,sid-937C2CD6-077F-4AC0-B023-FD19D6511DE0,"F, "
2102385924,sid-9F68B7B9-A5C8-4ADE-BC1E-48A919C9E307,"D, A"
2102663388,sid-0C33CB4B-0582-45D3-8FBC-9A5F0358973D,"H, I"
2103228230,sid-528ADF07-4035-4DD7-9082-2A0D48AA9E1E,"B, C"
2103228230,sid-4BE2C859-5ADA-4BAE-B1B3-A948743AAD61,"G, H"
2103228230,sid-53352BC8-A0A7-4E01-BA4E-06A9C0DD87F6,"M, N"
2103228230,sid-04075892-7C10-46EE-A09B-CD411C274651,"Q, N"
2103228230,sid-12E09F6A-03C2-44D7-9726-97F7DB8F28C5,"P, Q"
2104490866,sid-FD3A9E11-A312-4235-8E40-DA7DD22F2B70,"Cancel the application, Approve the application"
2104596432,sid-3D3E025E-C16E-4D98-8A03-37520442FDCE,"P, N"
2104596432,sid-42ED59B6-0B4A-4137-B6E0-46C3710A8574,"O, "
2104596432,sid-70E9FF94-CC32-4156-A056-31E4B21D236D,"E, I"
210487869,sid-34C6CFAA-AF82-4292-9780-CD030352D711,"Send negative email, Invite"
2105504684,"Invite friends
to use the app?","Invite friends to use the app?, "
2105504684,Select an option,"Select a friend, Check suggestion"
2105716639,sid-2A82770B-8CE1-4D2F-B05A-0731E639F1D2,"sid-2A82770B-8CE1-4D2F-B05A-0731E639F1D2, EndNoneEvent"
2106340504,Does the answer exist?,"Sending the answer to the customer, Call of the appropriate expert"
2106340504,Is the answer OK?,"Call the help desk, Formatting of the BPMN model"
2106709293,sid-5F9D0DC8-CB0D-4FAB-9E68-75C12F53CB73,"Process ended, Ascertain the pick up time"
2106709293,sid-A6D507BB-D204-4B30-B5ED-4B4918D705B7,"Notify customer of untaken prescription, Time for daily checking of prescription balance"
2107431438,sid-DD2C50C9-E305-4D7F-BB69-0A3922A58AFC,"ParallelGateway, Exclusive_Databased_Gateway"
2107431438,sid-A031E22E-9B8B-4906-84CC-BA892A161A59,"File complaint, Check goods"
2108375738,sid-1A9AB46E-5093-464C-987C-7862D8930E74,"C, D"
2108636035,sid-B7CAB9CD-EE78-4DC8-B0CD-D7D795EFA6B2,"Send confirmation of Order, Check Inventory"
2108947386,sid-A7744B02-FB59-45E8-9F69-82FD397CE107,"C, F"
2109493359,sid-954F49E8-05EE-44D3-8D2F-AD25127243A1,"Evaluate the form, EndMessageEvent"
2110239006,sid-DC115374-6622-40DA-9A5D-2A9AA4C977F1,"Find resolution, forward to the level 2"
2110239006,sid-ECCC9520-F784-4708-84BF-AE1BA34FCA4B,"forward to the level 2, Request is resolved"
2110605134,sid-24B2FDB4-BA46-4816-B260-6CEF25979DCD,"Print, Successor Types"
2110605134,sid-B0A9B8A6-91CE-4325-9FFA-29DE7FD66E3C,"Discard Application, Photocopy Application"
2110773145,sid-9CE79ABA-2E58-4596-A47F-90166F993EB8,"E, K"
2111620391,sid-F62B2D22-1760-4AEA-ABEC-88AC4E732C8C,"c1 ist true, c1 ist false"
2111620391,sid-DB2D1ABF-5C3D-48EE-BDCE-2FFC128BBC08,"c2 ist true, c2 ist false"
2112181324,sid-BFF4C348-BD17-4F71-A1AC-DBF981F0C7D8,"Book and send home, Make financial offer"
2112181324,sid-9F7964C9-8691-4180-B858-9EA729DA8597,"Take car into workshop, Send customer home"
2112181324,sid-BDE92002-5BDC-471C-BCAC-18094D27D626,"defect, Check car computer"
2112181324,sid-1D9B1AB6-C5E1-419D-A81F-CA77B20A7642,"defect, Drain oil"
2112183497,sid-A1B5A771-4254-47E4-AE4B-DE549C5D7EDC,"X, Y"
2112183497,sid-32ADDE6E-15D0-446A-85A6-D7E9AB95D673,"E, L"
2112183497,sid-5AC40505-228D-4917-A3CB-3845E9719CE8,"E, Exclusive_Databased_Gateway"
2112183497,sid-2A990810-66DC-4411-BACB-582F59C270EF,"F, G"
2112183497,sid-BC49CE2F-2F06-4E72-B638-721FB556D2DB,"J, K"
2112987696,sid-4AA3BD60-A474-4654-8D9D-18FCEAC22BF3,"A, D"
2113071046,sid-3E69CFFD-FB0B-44B4-8BA6-1D10665CDC30,"sid-3E69CFFD-FB0B-44B4-8BA6-1D10665CDC30, sid-3E69CFFD-FB0B-44B4-8BA6-1D10665CDC30"
2113071046,sid-69947C61-CCF8-4D0B-83C9-4378B850E37B,"sid-69947C61-CCF8-4D0B-83C9-4378B850E37B, "
2113071046,sid-A288CA88-39B8-4BC0-8D16-0884B4301599,"O, P"
2113071046,sid-7A5F5714-3612-4F48-A264-24740FEB1275,"S, T"
2113071046,sid-A6DE9D0D-B6BC-4246-8217-06673D4C3CF3,"C, "
2113071046,sid-3C55CA11-A29C-447F-A7B5-9334457412C1,"Q, "
2114280398,sid-A4F3B098-E5EC-4A8B-9CF5-71FFFDBA56A9,"Place purchase order, Select supplier"
2114280398,sid-08E79DCE-B404-453E-90F5-553514F5CFA1,"Approve Order, Reject Order"
2114337291,sid-F352BCFB-1F47-48E4-A687-17315F5BC9B2,"Pick up new scripts from drop-off zone, Idle"
2114337291,sid-15E0891B-CF66-4C2D-836B-6A90EA2321E6,"Check for any unfulfilled scripts, Check for other scripts from same customer"
2114337291,sid-7F869DF5-746A-4E8A-995A-58497EA83147,"Possible delay in delivery identified, Store note about partial delivery in IS"
2114337291,sid-F1BF8DEB-4A2C-4046-A23D-F45F61A753D4,"Decide if reasonable to wait with fulfilment, Check for any unfulfilled scripts"
2114337291,sid-39051832-4C8E-42E3-88DF-26AA5ED020B8,"Bags ready for QA, Open new bag"
2114337291,sid-B12CF91B-1BAD-4DB6-A8F3-0BE60537A778,"Pick up incorrectly fulfilled bags from QA fail zone, Idle"
2115148851,sid-DA718C01-5E01-448A-813C-EEB3960037DE,"C, D"
2116301246,sid-C0AE1D85-4230-48EC-AE6B-E42283AE6173,"Seal the bag, Send back to producing"
2116397679,sid-C56FB1FF-CB84-48A1-9991-43E0D21621C7,"Determine if COB or backup services are required for production request, Determine if COB or backup services are required for Firewalled request"
2116397679,sid-AB8E3155-BF73-451C-A39B-A02B6502E250,"Determine if VM resources can be leveraged, Install is UAT/Dev DC environment"
2116397679,sid-045B0CB6-7DC9-4BF0-9E02-A0D16378821B,"Determine if change mgmt is required, Install is UAT/Dev DC environment"
2116397679,sid-62B9EE82-29FD-4C0E-B6E8-C1371759B668,"Install in CATE Labs, Install is UAT/Dev DC environment"
2116397679,sid-B76AC06C-DC70-4F22-B744-723582F5FCB8,"Determine if SA support is required, Determine if HW support will be provided by vendor or requestor"
2116397679,sid-634F71C2-C495-4CAC-A0D9-5958CF75697E,"Determine if certified RHEL or Windows build, Install is UAT/Dev DC environment"
2116397679,sid-7A4095F7-120F-4BB8-9776-8820E2C019AB,"Determine if device will be removed from lab due to power constraint, Install is UAT/Dev DC environment"
2116397679,sid-50462AC5-962D-4CA2-8E05-010175BDA982,"Reject Request, Determine if VM request is < 8 GB RAM, < 250 GB storage"
2116397679,sid-629BE88D-0EB8-48D2-8425-7B9F9332A71A,"Determine if certified RHEL or Windows build, Determine if there is sufficient space/power for installation"
2116397679,sid-8F254E8E-C4F8-4026-BE4D-5A87A4E70B64,"Reject Request, Determine if approved by Requestor's Manager"
2116397679,sid-AD6F77D9-43BF-41E3-8308-7F499BD3682D,"Reject Request, Install within 3 day SLA"
2116397679,sid-2319B6F3-6A8A-412D-8ACB-A7930EA3C19D,"Determine if there are sufficient resources to accommodate request, Determine if platform was virtualized as part of consolidation effort"
2116397679,sid-375EB50A-ED1A-4B75-BA7E-1B2992ABC172,"Reject Request, Determine if platform was virtualized as part of consolidation effort"
2116397679,sid-C9DD5030-F00B-49E5-9A9F-207D0CFFDD0D,"Create VM instance within 3 day SLA, Determine if approved by Requestor's Manager"
2116397679,sid-C56E4A89-E5AE-4955-949A-F14C85002BC5,"Determine if the HW can be virtualized, Install within 3 day SLA"
2118149503,sid-EB66D044-6D43-4239-8860-BDA20820489B,"Choose information source, Choose expert"
2118149503,sid-6C0EAE64-9D16-4894-8AD9-32C8B3C1EF46,"Apply solution, Rating"
2118330943,sid-91D71A35-48E2-4325-840F-FA945DDBA6BB,"B, C"
2118330943,sid-2F19ED1A-5FDF-49FF-9C67-867F2542BAF1,"J, E"
2118500983,Check Result?,"Reject Customer Request, Approve Customer Request"
21188955,sid-A6B0D699-2E64-4EC3-8E2B-2293F2E7FAA3,"Reject, Accept"
2119096323,Customer Type,"Generates Invoice(s), Generates Receipt(s)"
2119392933,sid-17D2A45A-5C35-4B18-8FFC-36874F0A6240,"Create/modify profile, Add goods to cart"
2119392933,sid-BB78AE11-C6CA-48D3-A5E3-90797BFD0C61,"Cancel order, Task"
211982785,sid-4083C8A1-F68F-4136-908F-8292366D5166,"Returns invoice, Enters Process date"
211982785,sid-9DBA0EC2-ECD5-4BC7-8D65-76CC42FD4F99,"Enters Date, Views spreadsheet"
211982785,sid-AA8CCA4F-D46A-4474-8895-187F51471EEE,"Highlights Invoice, Checks Compliance"
211982785,sid-FBDFD611-C0FC-47E8-B4D5-31B3EAF545EF,"Enters First, Enters Second"
211982785,sid-6785C597-E305-4C52-B366-DE1D3F4D6621,"Adds Vendor Number, Completes Form"
2120292197,sid-04FCDEE0-0525-4A89-9C35-026D94BDD857,"Exclusive_Databased_Gateway, ParallelGateway"
2120292197,sid-F7A74571-AD64-4241-867F-1FB35B8FC37A,"CE, CF"
2121858295,sid-5ED7E841-682A-49FF-BF54-B49069B56C03,"D, B"
2122218860,"check if applicant
becomes member","inform administrator why the applicant can't become a member, stamp ""new member"" on the letter and write date on it"
2122332090,sid-22D069A5-4F33-4B7B-9279-9072C6A9FCCD,"A,"
2122332090,sid-8B566446-CB9D-41CF-BFEA-B1A16CFD1488,"E, G"
2122332090,sid-59DF9CE7-FB3F-4875-B8E6-346397DC8EBD,"I, J"
2122382435,loss>$500K?,"Review Damage, Review Damage"
2122720618,already applied?,"check customer, already applied"
2122720618,sid-C8A909B8-1DD0-478F-BDB4-10FFC68C62EA,"check customer, no customer found"
2122720618,sid-76939CB0-54A4-4097-97E6-9FDD4CD00F6F,"chancell order, confirm order"
2122720618,sid-06317F7C-92E9-4B71-893D-CC4DB3BD9B25,"check stock, stock verified"
2122720618,sid-EFCEF8A8-A7AF-4CA7-A277-7B797E9011BB,"close order, check numbers of reminders"
2122720618,sid-B12DE4B7-C414-4404-A1A4-85A5790C8678,"write off payment, send reminder"
2122728372,sid-A2463D86-3932-46B0-879E-58A269FF4885,"Send Insurance Conditions for Standard Contract, Send Insurance Conditions for Special Contract"
2122728372,sid-484A5115-84B8-4671-B325-3152640CFC5C,"Send Failure or Approval Notice for Standard Contract, Send Failure or Approval Notice for Special Contract"
2124293427,sid-2DF7116D-15C2-4991-B2A8-543F6B95B313,"Amend baggage information, Check entered information"
2124293427,sid-C7413AD8-AB53-4D72-91D8-1CA8303AC818,"Confirm details and continue, Enter contact details"
2124293427,sid-95F49047-F322-4ABD-B448-AABB0070FF32,"Select one way, Select return"
2124293427,sid-16FA4DB2-5D00-4C85-9261-305B425428FA,"Change date, Select departing flight"
2124293427,sid-9BDAEA41-609A-471E-8044-29778997EADF,"Identify returning flight, Select departing flight"
2124293427,sid-4936FB2F-5A45-4BDE-9AD1-907EE541A62D,"Change date, Select return flight"
2124794909,sid-73CC185C-681C-486A-B0CE-EDFBE7FB75CD,"Kick off with Customer, Better luck next time!"
2125236316,sid-A794470C-0FAD-4D28-8772-6FDD6BCB734F,"Look Up In Excel File, Enter Processed Date"
2125969932,sid-7181FA5F-2840-4266-8F93-E70FF84C1A11,"Assign penalty points, Check process model"
2125969932,sid-BD89F975-ACC5-47D7-9347-8860F6F1537F,"Performing the work according to a role, Present the project"
2126104954,sid-F6342277-AB6B-4172-BBBD-BE61EEE6E39B,"organize costumes in dressing room, check costumes"
2126104954,sid-05229F92-16F9-4FA5-86E6-08DC62F91A41,"dresser checks again, "
2126104954,sid-4A169F11-4840-4DE9-BB02-333CF491E19B,"shot the first scene, dresser checks again"
212634076,"Need More
Information?","Contact Customer for More Information, Forward Claim To Adjuster"
2126710043,sid-F03B5338-0B50-443D-A2BE-D4837315C72E,"S, R"
2126710043,sid-613A89A1-BA15-41FD-AE8F-F64D89D74368,"W, "
2126710043,sid-9318F77E-0EC6-421D-8649-9C182FC8453A,"sid-9318F77E-0EC6-421D-8649-9C182FC8453A, EndNoneEvent"
2126710043,sid-F8D9924F-657E-41C4-B46F-991D26BE3496,"AC, AB"
2126728720,sid-B43D95D8-F486-4DBF-8ED2-00EF4D652EBE,"Fill in goods requirements, Fill out the order form"
2126728720,sid-E52EFC28-E395-4AFE-B501-D91EC4785C25,"Check price of goods, Notify of the unavailability"
2126728720,sid-64278DE1-257B-4548-8C39-13BFA3E09D17,"Fill out the order form, Approve selected goods"
2127317370,sid-A3986D9B-8A59-4FC6-B063-A7A5D83409B0,"T, P"
2127317370,sid-0ECBAD91-1AF6-43B8-8182-70AFE87BEB89,"C, E"
2127336790,sid-DE8585A4-39FA-4D46-A659-A120F227D56C,"Ticks the relevant box on the invoice entry form, Send to client via postal mail for compliance"
2127336790,sid-E46F86DB-20E3-477F-A1B8-15A9DF0171D6,"Check if SLA for client is recognized, Another successor name"
2127336790,sid-DB3A41DE-75D2-403C-AB81-DA117153EBFF,"Puts a red stamp on the invoice entry form, Check for highlighted invoice"
2127336790,sid-AC92A6E3-BCEA-46C7-AE76-BE6F1A2FA947,"Check compliance of invoice, Task"
2127336790,sid-FA48959A-9E21-43F9-B14C-A6D0446F8550,"Disregard the case, Follow via Telephone"
2127585518,sid-EABDDF59-AEB2-4400-8DC8-92863E9A2795,"Create patient file, Close case"
2127970438,sid-66721818-8912-410B-9F49-0DD2F8F603A9,"M, H"
2127970438,sid-B8407B8D-2005-4846-BFA7-5A04537F402A,"T, P"
2128037180,sid-0575D2C4-7086-40A5-B660-D5EDF4AB44B5,"T2, T4"
2128063606,sid-E0D865F0-77E7-4D50-8C6A-CE35A8921784,"Analyse Feedback, Draft Artefact"
2128063606,sid-E034C88C-4542-4868-8C63-1D77DD8C9232,"Final Draft, Analyse and Compile Artefact"
2128063606,sid-93CFC788-0A46-4D02-8B3E-65D7DECDF0D0,"Grant Approval, Reject Draft"
2128063606,sid-43551135-1659-4FE7-82C5-66F47B910E7F,"Implement Plan, Reject Plan"
2128063606,sid-EA9C1904-477F-47ED-8534-BCABF677B860,"Reject Artefact, Obtain Branch Approval"
2128063606,sid-6B95242C-7C61-4C27-8883-1A8125715D3A,"Revise Document, Approve Artefact"
2128063606,sid-2831D6D3-A46D-4CCB-B94F-278616FC2604,"Review Artefact, Reject Artefact"
2128507497,sid-0105C112-7BF1-4ACF-9820-DF7A5DE35AFE,"Expense Reimbursement paid notification, rejected"
2129896366,sid-E8E4A8D7-55D4-42EB-8A46-E8CCAD11A600,"IntermediateTimerEvent, IntermediateMessageEventCatching"
2130290714,sid-000AB57F-75B0-49E5-97AA-64CB36BA8AFE,"Exclusive_Databased_Gateway, Exclusive_Databased_Gateway"
2130290714,sid-C3971A32-1259-4FEC-8FB0-A1487AE3A548,"Sign in, Exclusive_Databased_Gateway"
2130290714,sid-1F9DF37B-90E8-4C1F-AC33-26C1AC4AC0B4,"Create account, Phone number exists"
2130290714,sid-4F2DBCDB-5E92-492B-8542-84D59BCB5E0B,"Tutor profile, Exclusive_Databased_Gateway"
2130834100,sid-D910D730-BDFD-4A76-9A22-E934938CDB68,"F, H"
2130834100,sid-C85C2DD6-FE7B-46D5-8BA3-70DBC5D604F9,"G, F"
2131284303,sid-A8DA8236-D6F7-4194-8F9C-13424C3E0E85,"Remove invoice from stack, EndNoneEvent"
2131284303,sid-7E19E962-9A39-486F-8111-32572132A2AE,"Remove invoice from stack and return to client with request to complete invoice, Exclusive_Databased_Gateway"
2131284303,sid-F1385F2D-5B05-4410-BC57-04C20AF94CD7,"Send first reminder letter, EndNoneEvent"
2131284303,sid-450D9C60-5300-464B-9CE0-80A63A0BE4BB,"Send second reminder letter, EndNoneEvent"
2131284303,sid-3E2CA2EF-9D6B-498D-A5E9-575C671B00A5,"Decide whether to follow up via telephone or to disregard the invoice, Check whether client has replied"
2131284303,sid-68265A2D-135B-4184-A13C-87694045C762,"Resolve the problem on the phone, Disregard the invoice"
2131520131,N5,"Display/explain assessment results, See cardiologist"
2131815076,sid-ECFD7E7E-4D1F-4440-982E-B06C4D0083D6,"Check if Recruitment Agencies Notified, Re-request Referee Report Form"
2131815076,sid-BAB36245-794A-4F86-833B-57589B83234D,"Check if Recruitment Agencies Notified, Receive Recruitment Agency Referee Reports"
213382659,sid-156E7518-3F18-41F0-BA73-8BDBEB23AF9E,"Check Inventory Level, End Process"
2133981735,sid-D68DB54A-EB0F-44E1-902A-829B99290C71,"Investigate details of redundancy package, Application ready to be approved"
2134584337,sufficient,"sufficient, final evaluation"
2134584337,confirmed,"confirmed, final evaluation"
213481087,sid-B57EBF96-6D7C-4BD2-B367-F4F8E7368091,"Acquire permission to board, Receive denial for boarding"
213481087,sid-0939B8F9-2A0F-4ADA-ADA0-5FDE1C4F0321,"Provide permission to board, Deny permission to board"
2135018754,sid-CFAD7EB1-8323-4349-84F6-35B9716DF2EB,"Penalty, Exclusive_Databased_Gateway"
2135018754,sid-CC1936E8-04E4-493A-B8D2-792BA97A3F1A,"Perform work according to role, Present the project"
2135069720,sid-876B5481-9A87-47F7-B05F-65E18B7272A6,"A, AL"
2135069720,sid-A47C2363-6BB1-49EF-9AF9-7D0013076D8B,"AB, "
2135257221,sid-F7F596F1-454B-4764-B669-CE1CA1A9258F,"Return loan item, Accrue penalty points"
2135257221,sid-BA300FE0-7E9B-496B-9910-2986C45A68D0,"Resolution of borrowing privileges suspensions, Resolution of academic and financial penalties"
2136718723,sid-ACF3AD7E-C28C-4F63-A6C8-E35028CF5FD9,"G, B"
2138380152,sid-1D2EA259-682E-417D-80AD-E2F79AA43465,"Z, AA"
2138380152,sid-0994B3DF-D1F7-480D-A0A2-F191799D1B8B,"AP, AQ"
2138527920,sid-658263C3-1600-45F1-84D1-E018F3AE275C,"V, G"
2138527920,sid-01E95DF6-4924-44EF-96FF-5C7962E82009,"A, B"
2139761791,sid-68E0009A-E8BC-4FEB-A22E-8C8A61C2C761,"Create Purchase Order, Check Current Inventory Level"
2139761791,sid-6B52774D-4D51-4EE1-B84B-EF9045E00BC2,"Accept Purchase Order, Rework Purchase Order"
2139892473,sid-9A94E16C-18E5-44F3-8CBA-B884549ED767,"Store as a new SegmentGroup in QDX, Remove the SegmentGroup from list of unprocessed SegmentGroups"
214039121,sid-2F4D184E-F159-43BB-BA6B-E2C35A251547,"Request New Vendor Master Record, Look-up Vendor in SAP"
214039121,sid-AD9843E3-386B-44CF-B872-87E0B8B363D9,"Enter SAP Vendor No# to entry form, TextAnnotation"
214039121,sid-47D2C985-C4E2-4788-AC47-098E7ABD68CC,"High priority, Low priority"
214039121,sid-C4EBA2DC-003D-4495-88F5-C827CCDF854E,"Highlight Errors, Arrange invoices by priority (High First)"
2140996604,sid-A3CB7F4A-4AAC-4D01-AEFA-175A5E5C450F,"J, I"
2140996604,sid-C9064E63-236E-4E8E-8147-82F4D7FFE7B6,"AH, AG"
2141802820,sid-8D6F1A74-AC9C-472D-9D00-9A5CD3526545,"D, Exclusive_Databased_Gateway"
2142639088,sid-E2D49B91-8135-4C04-9AB9-86EB4221DC05,"C, E"
2142656235,sid-D8ADE3C6-E4C8-4D5B-866B-3CFCCE50DC57,"D, EndTerminateEvent"
2142656235,sid-0E72DCB6-A819-4753-A89D-9CE7210A64E7,"O, N"
2143242098,sid-60F56D47-3450-42CF-9132-AE656CF8056B,"Checking the reminders, closing order"
2143242098,sid-624E7646-A890-44E3-B591-765297443873,"Checking the reminders, Alternative path"
2143242098,"Customer
 in
 System?","Check Customer Type, Check Payment History"
2143242098,sid-46683ED4-024E-4565-97E2-0F61ECF453FF,"Create new Customer, Check Customer Type"
2143242098,sid-F594B7AB-8492-468C-A538-EE9F5ABFF262,"Exclusive_Databased_Gateway, Exclusive_Databased_Gateway"
214341440,sid-77BE1B1A-3F89-4123-B79A-55A7A7462E34,"Accept, Reject"
2144195200,sid-77A8BC1D-3180-4DBC-A3B9-736C3B39E4DE,"Repair Hardware, Annulation"
2144363521,sid-944AB58D-EFAE-4376-B5F1-ED9A72758F55,"K, Exclusive_Databased_Gateway"
2144363521,sid-3913FA48-F05A-48BF-B807-F53ADD74A1C5,"BJ, BI"
2144363521,sid-8C939C6A-045A-4A75-90A2-72311702BB29,"AV, BB"
2144363521,sid-365EDEE5-B9DB-418F-BF70-1184FBC72542,"AX, AZ"
2144363521,sid-A78693DB-4D15-496C-9430-8DCB2B908654,"AE, AG"
2144363521,sid-E72D9609-99B9-437D-BFC8-A15DCFFAF693,"AP, AQ"
2144939048,sid-A04C3E42-BFBB-47DC-9535-EE7F6D469B6B,"D, F"
2144939048,sid-B20B6576-F0C9-4C28-9997-DFABD3093FE0,"sid-B20B6576-F0C9-4C28-9997-DFABD3093FE0, T"
2144939048,sid-EFF5E52C-CB08-4063-84F8-877432B29B10,"X, Y"
2144939048,sid-D568A892-ECDD-45BB-BF2F-1F4B19498159,"AD, AC"
2145029739,sid-775CC21C-1E72-4947-BE87-C4DC1A8376F6,"Notify Recruitment Agency, Notify Recruitment Manager"
2145178506,sid-234909FB-9D75-43C1-AF3E-B0346B043C55,"Batch completed, Invoice error found"
2145178506,sid-C507CCE7-9D16-49BC-9339-4B51EB3E9835,"Original paper-based invoice located, Invoice processed"
2145871193,sid-2E8C32BA-1767-4DB5-B1D3-18088D2B6623,"YES, NO"
2145919533,sid-56F00B51-531C-4620-A77F-92A33E35A353,"Result displayed, Result not displayed"
2145919533,sid-B92A902F-2297-4979-A8F7-06F847DC3C31,"sid-B92A902F-2297-4979-A8F7-06F847DC3C31, sid-B92A902F-2297-4979-A8F7-06F847DC3C31"
2145919533,sid-17026B86-975E-4FF9-8504-E99795E77888,"View pre-requisites information, "
2145919533,sid-014FF231-22FB-4AF0-A734-235D00F00BC9,"Request pre-requisites waiver, Change unit selection"
2145919533,sid-E0ADFF82-AF70-44CC-AF81-1E8287013B0B,"Waiver approved message received, Waiver rejected message received"
2145919533,sid-EA6637F4-A322-4A5A-B24E-7C01312442B7,"Waiver rejected message sent, Waiver approved message sent"
2146330243,sid-47BB1F48-E75D-41E5-B93A-930012F38767,"DA: Accept, DA: Propose dates"
2146330243,sid-DAEF3F3B-7B3A-4EC2-A86A-85DBE57247A1,"Accept, Accept"
214785490,sid-FF6CAF12-4B9B-4CC7-BEA0-F6CADBB10AEE,"G, H"
214785490,sid-5AF34D72-0E8E-4E1C-B5AF-C06A2972FFB6,"B, C"
215003928,sid-3895B287-63C5-474F-9F4F-6F1444D05E65,"D, G"
216031261,sid-EA79A5A0-5A35-4D94-8BCB-DEE2E294DA0C,"Next flight, Check flight"
216031261,sid-73E2E7C4-5025-4427-BE0F-AA34C5CE43E5,"Teoretic test, Exclusive_Databased_Gateway"
216031261,sid-5C6D08C4-B4F1-42FC-9495-1E3E107766F2,"next flight training, enroll srudent on exam with inspector"
216031261,sid-BBC3DCEE-E409-4EE2-ACE3-F4FDFAFB9FA5,"odmitnuti, "
216031261,sid-18ED54CD-758D-46AD-8F79-78F51AE9A7CD,"enroll student to radio test, check radio permit"
216031261,sid-136A2E38-4A9C-410C-8B27-D3E8E82C6627,"next flight training, Create air driver's license"
216684779,"Premium
customer?","Go to problem fix process for premium customers, Compare SLA & problem + determine counter measures"
216684779,Completeness and Validatation Check successfull,"Enter problem, Completeness and Validation Check unsuccessful"
216684779,"Analyzable
here?","Perform problem analysis + create trouble report, Investigate whether problem is analyzable at this level"
216905864,sid-69C053F4-6D5B-4F84-A7DD-178908AAAD66,"Issue loan, Notify customer"
217035917,sid-A67E9C6B-264D-459B-88AF-FAACC6B31CCD,"Purchase Order Accepted, Rework purchase order"
217035917,sid-85155E93-84A8-4B3F-8F34-BC4214E1108E,"Create purchase order, Check inventory level"
2181972,sid-E89556B7-F3F9-4C88-851F-421D25708C9F,"S, K"
2196382,sid-FDE4C4D7-0B4A-41B3-A35F-34A3A566D930,"Denial to continue, Permission to continue"
2196382,sid-1E739C3C-2AEA-4F7A-82DA-C20E9109F6C1,"Retrieved stamped passport, Permission to continue"
2196382,sid-98B8A86B-073D-4075-8768-DD262E1E4B83,"Disallow passenger from continuing, Allow passenger to continue"
2196382,sid-AA41C9C7-843C-4C21-AD4A-5EA0E2A38546,"Stamp passport with approval, Allow passenger to continue"
219962828,sid-19D0678F-0F51-4F7D-9651-FEAAB6D7594F,"V, EndMessageEvent"
220028727,Verified Ok?,"Communicate with Customer, Analyze RFQ"
22135674,sid-B6568298-7C38-4E49-ABF3-460176098CA0,"C,"
221473971,sid-1A4D97F0-8F0C-4B61-8CBD-CF6988461832,"B, EndNoneEvent"
222096454,sid-95C2D829-26BA-42FA-9CFA-DEB6BC1F9CD9,"Check outage calendar for listed release date, Check change type"
222096454,sid-2518C27A-04A0-43E5-9667-E136C3E2E597,"Request new date for Change Request, Check for conflicts with approved changes"
222681982,"Is Quote
Satisfactory?","Is Quote Satisfactory?, Create Inquiry"
222755866,sid-67E27261-3E7C-4A7E-B574-0621B03BB21B,"E, G"
222755866,sid-69B4F285-6D80-4CCD-AB23-483A5C0BC6A7,"F, D"
222755866,sid-0F31613C-753D-4CA1-8700-FFD5473D6E56,"H, I"
223060653,sid-1C769671-1EFB-400B-BB64-6E9D5CE67CE6,"AS, BB"
223060653,sid-72C7D33A-DD1E-487D-946B-C48AD7F0CC50,"AV, AW"
223060653,sid-54D57125-758F-46BD-A1B1-27128D830B04,"BA, AY"
223060653,sid-B0198C7A-E0E5-403E-B526-9741458BFDDD,"BM, BG"
223060653,sid-C95EF015-00AB-4A38-96AA-9B594480F6D3,"BN, BH"
223964344,sid-52E58706-7ED2-4247-971C-BD519D7BBC5E,"EndMessageEvent, EndMessageEvent"
223964344,sid-3D38D10B-239A-4518-9CF7-424C87201099,"BH, BI"
223964344,sid-FBA20919-E7AF-4834-A8DE-FD177BB6CACB,"BL, BM"
223964344,sid-D6496A18-E966-4374-80CE-76CCA2DDCE37,"BO, sid-D6496A18-E966-4374-80CE-76CCA2DDCE37"
223964344,sid-81E443E1-8512-4008-A522-40EF01212951,"AQ, AR"
223964344,sid-E53C063A-B405-4495-AAB3-13B6D2207A99,"AO,"
223964344,sid-B47731CB-AA20-40A2-B934-6BCD03069085,"AU, AV"
223964344,sid-A8E1F24A-58E1-49E3-B494-FF3A33F69746,"AW, "
223964344,sid-36BAA4EC-2633-4B63-9204-299CFC51B4D3,"Y, W"
223964344,sid-C0198A62-3EC4-4DA9-9A47-CFE0CDC84069,"AC, Z"
223964344,sid-434F6794-396D-4625-AE25-CFE5524D4EBA,"AD, "
223964344,sid-192148DE-8BAE-4E4A-8651-621DE4A8DF71,"AD, AB"
224159869,sid-6766C9BF-DC43-4924-AE89-5AF316E7833A,"B, G"
22473006,sid-88A42D99-54A6-4ADF-8047-77E34315F193,"Decide disregard invoice, Confirmation message sent"
224779987,sid-A513377C-EF26-46D0-B5FA-E65D45777D2B,"I, L"
225155330,sid-3BD45338-8F2F-4162-B464-A71E0C37AE65,"C, B"
225546138,sid-8252618C-CCE0-4CCE-B74C-4F10F00D6ECF,"possible, impossible"
225791352,sid-9AB91B61-9918-4C2A-9D42-1BEAC9D60F06,"Work unwanted shift, Agree on details"
225930211,sid-CE4F0C7F-88C3-43DA-8ED4-9FDF46285D84,"AM, AN"
226309337,sid-59409F5C-4392-4AD4-82D5-62D73249A398,"Check number of reminder, Receive Reminder"
226552105,sid-7765F2AA-7A18-49BC-B4D4-77F4564F1290,"D, E"
226848365,sid-90F71331-8B4C-4E63-A332-6022C7AF554B,"Q, M"
227650316,sid-C413531C-F083-469B-9C60-0D3761E6F73B,"Installation, Order rejected"
22799790,sid-74F12648-9021-44EC-B8C3-E7D310B3AD39,"H, I"
22799790,sid-47C4664B-C484-4FDA-B22F-CFBEADA5E8F5,"K, L"
22799790,sid-B6FE1D30-30DF-4A10-983D-74103124CBF5,"N, O"
230045607,sid-11473331-4750-4F1D-A05E-CB4FBD049467,"B, A"
230458924,"Variant of 
subscription?","assign subscription rights to reader, register payment information for accounting"
230458924,"Variant of
subscription?","Variant of subscription?, Another gateway name"
230458924,"Method of 
payment?","show payment information, process of payment"
231942911,sid-921FBFF5-2F58-4F6D-A5C9-1275C6F6C662,"Invalid username, Set attempts counter to 0"
231942911,sid-FB2EDFC7-2B40-4439-9D6D-8C3ADC88FF78,"User logged in, Increment attempts counter"
231942911,sid-40D0F0FE-0607-4354-897A-3FFF5422DF1C,"Maximum attempts exceeded, Test CAPTCHA"
231942911,sid-ECFB5E2F-35DE-4DC5-966C-8E22EEA3017D,"Validate password, Increment attempts counter"
233227119,sid-C339D278-ED30-468C-B574-D60032B9FB1B,"procure item, checking avaliablity"
23388888,sid-9160EB1A-2055-42A3-B4E0-41D2204BC8EE,"EndNoneEvent, Exclusive_Databased_Gateway"
234333724,sid-C3BADA63-F431-4D92-B418-26F4B7AB8877,"B, C"
234333724,sid-78A42970-54A9-4E52-8FF3-26E15C0D3DAD,"D, C"
234479922,sid-E07CBFF8-BB27-4B8B-BFE6-58F4A4426AC1,"E, "
234479922,DO,"DO, DO"
234560105,sid-461DCE8D-6F0B-4305-86C6-FFF0CAB3441B,"Send Information approved, Send Information not approved"
234883109,sid-07770511-73CE-4746-B108-7ADE46D288DC,"Based on the provided information, here are the two gateway names: 

Data valid, Data invalid"
234883109,sid-6CB8C872-3DD0-496F-AA5C-AA6BCCDFD457,"Send to client via postal mail for completion, Ticks the relevant box on the invoice entry form"
234883109,sid-FF703312-A33A-4B35-AA18-C0A014E1CCFD,"Puts a red stamp on the invoice entry form, Check for highlighted invoice"
234883109,sid-ED2B5476-E7D3-4EC7-A05A-0AE498B1126B,"Determine the fixing way, Another Gateway Name"
234883109,sid-EC4325DC-A88B-4B7A-A956-5A6A4B02F6F7,"Follow via Telephone, Two reminders have been sent"
234883109,sid-1EB45A1E-6D74-4C14-B255-B9771C1A42D2,"Follow via Telephone, Follow via Email"
234883109,sid-0C78E4BD-C77C-4535-A601-35E635AFD4C6,"Check if the invoice case returned, Send a reminder to the Client"
234883109,sid-ADB854D2-A4F7-4C5D-A106-204F4594DFE1,"Based on the provided information, the two gateway names are: Check if all information is available, Check if any errors exist."
234883109,sid-6EFC04E1-B25B-4071-B8AA-3694A6C91F43,"Filter invoices based on urgent invoice, Exclusive_Databased_Gateway"
234883109,sid-35D40E82-4714-444E-89DA-57A0A0BC8FDD,"Fill a vender mater record request form, Look up for raised vender of invoice in SAP system"
234883109,sid-EDF1A152-99BB-4262-8B3F-5C5D798ECE85,"Put batch(s) in High priority outbox, Put batch(s) in department's outbox"
234883109,sid-B5F4D171-E061-4028-ACEF-B73518BEDD3C,"create new vendor master record within 24 hours, Create new vender master record"
234883109,sid-B8A77130-503A-4763-8B14-425E6CCDADA5,"Invoice entered correctly, Invoice entry failed"
234955112,"3rd party
damage
insurance
needed?","Add 3rd party damage insurance, Check 3rd party damage insurance"
234955112,"Limited
contribution
insurance
needed?","Add limited contribution insurance, Check limited contribution insurance"
234955112,"Special
damages
insurance
needed?","Add special damages insurance, Check special damages insurance"
23589415,sid-0B544534-5D1B-4C8D-87BA-8DE1BBADB13A,"F, G"
236873896,sid-72B81504-70A4-414B-836B-401422C733EC,"Authenticate the user, Notify the user"
237537951,sid-EAA3B68A-248C-44AE-BA02-A4DB170D715B,"Announce winner, Overlords turn"
23844961,sid-F0CFA760-2C10-4660-8302-F1D83DCA243E,"K, F"
238678135,sid-E32DA5BB-F8D5-4FA5-B0A9-3F7057499E71,"Welcome screen, Re Enter desired password"
239040048,sid-B13F3D20-EF59-41AA-8B8B-76D03AFD4D7C,"Go to airport check-in desk, Choose Check-in Technology"
239424755,sid-D475B624-3DCA-4FE5-8D63-A9699995E224,"Reject order, confirm order"
240122252,Check Qoute,"Check Quote, Check Quote"
240122252,sid-982D0ED9-68D4-472A-B949-633AC683FE77,"Make quote, Approve Quote"
240441058,sid-625C9756-D679-4725-98A7-593B43ACCD39,"Accept ODG, Reject ODG"
241540565,sid-A8ED2993-1B7C-4A55-A8D9-87B90903BC8F,"L, M"
241540565,sid-D13D438A-FBED-40E2-B397-B4E633E3F6BA,"sid-D13D438A-FBED-40E2-B397-B4E633E3F6BA, sid-D13D438A-FBED-40E2-B397-B4E633E3F6BA"
241540565,sid-75AB44B3-DEAC-4776-BB0C-B6196C22CA33,"Exclusive_Databased_Gateway, Exclusive_Databased_Gateway"
241597764,sid-18F954ED-41C4-4177-A95F-80A1BC29544E,"No further investigation, Prepare activity schedule"
241597764,sid-EE24D4B9-8B38-4F68-9378-604C2E4AB40D,"Seek view through official notification, Exclusive_Databased_Gateway"
241597764,sid-F99F3DFB-D0ED-4B6C-8E1B-2E91DFDBFD92,"Prepare an offer, Determine Tenure Application"
241597764,sid-33F7CCBE-C3B1-40DA-896B-F26C390F3E9B,"Reject Application, Suspend Processing"
241597764,sid-52FED538-D1E1-4E69-B09A-524FE3E89375,"Do not re-apply, Re-apply"
242220609,sid-665C80A7-351F-4BF7-999F-FCD41E3055F8,"sid-665C80A7-351F-4BF7-999F-FCD41E3055F8, "
242220609,sid-79AD2AFC-995B-4A5C-97B6-8B68E4AF71CF,"C, J"
242220609,sid-F182D935-0FFE-4FD6-B250-10588CB6A2FF,"F, H"
242247964,sid-31A7FA61-4E87-47FF-98C9-9102CC049A97,"AN, "
242247964,sid-32FF52EB-7F4D-4268-9A32-EAB5E72A9423,"AZ, BE"
242751747,sid-B5322F54-D04B-4655-B504-B41139BAAC93,"check documents, application"
242751747,sid-498B4852-AF8A-4DAC-B6AA-7E75CF67797A,"rejection, check radio permit"
24367869,sid-6A1B94F9-1049-49DE-BC98-ECC38FEDEC6A,"Pay Report, Review report"
243874141,sid-183FD4FE-E204-4D3E-A0B1-CED3BB9891D0,"Z, Exclusive_Databased_Gateway"
244656807,sid-76802C58-83D1-4B1C-9E1D-FB856D5DCDA6,"Look up vendor in SAP system, Check for urgent invoice"
244656807,sid-0693AAA4-7C1A-499D-8C24-E3872109F5C4,"Enter invoice into the SAP system, Receive rejected invoice"
244656807,sid-9A4457EF-7AF7-407C-BC1A-3DE0C50A323E,"Put invoice in normal outbox, Put Invoice in Collective high priority outbox"
244656807,sid-E38EA2AB-FDDB-493F-9470-90D20764B37B,"Allocate more invoices, Normal workload of invoice"
244656807,sid-AE0EFE49-CD42-4B55-A93D-809988BFDFB8,"Require immediate correction, Require data entry officer to correct error"
244656807,sid-258AAB29-CB9F-46A9-B977-F1C9110BAF78,"Sort by per client, Check for any error"
244656807,sid-D3944F0D-2583-4D5E-AC19-CEFC747048F6,"check the box ‘invoice entered correctly’ on the Invoice Entry Form, Check for any error"
246185536,sid-46CB563A-30B1-40E0-8498-3806F826B355,"A, "
247202808,sid-73F5D0E2-5653-493A-999B-22BFCEC1D23A,"make proposal, "
247202808,sid-7BB97ED0-6B0A-4FAA-8058-04F6CC6CC369,"Exclusive_Databased_Gateway, Exclusive_Databased_Gateway"
247202808,sid-EEF4B7EA-3033-42A3-AE15-E220B3427B68,"ask credit advise, check security"
2472976,sid-46C1FED0-4E7E-459D-991A-5B24CEDA43EC,"AI, AI"
2472976,sid-8E65715A-64A9-4700-80B9-69A473C2B37C,"EndMessageEvent, ParallelGateway"
2472976,sid-E81D8C45-11BF-4789-93D2-9C49D116CE12,"E, B"
2472976,sid-D962928A-2487-4D4F-BA91-09FC4AE3EA4B,"B, D"
2472976,sid-F8E195A0-DF6F-4177-BF16-714419A83965,"G, F"
248496007,sid-9C139BF7-99B6-4B5D-B79C-6F7CCAE724D5,"F, E"
248496007,sid-0B68A0D7-B51F-4653-8CEA-F328CCE40CEF,"G, D"
248496007,sid-FFC4CC67-DDEF-4712-8454-5B1A4FAA5B30,"R, Exclusive_Databased_Gateway"
250261302,Bill ok?,"Bill ok?, Decline Payment"
250261302,"Consistance with the claim
 and error free? ","Consistance with the claim and error free?, Manual Bill Checkering (MBC)"
250261302,"Investigate
the claim further?","Send 3rd party controller, Manual Claim Checking"
250261302,"Abnormalies,
errors or special case? ","Manual Claim Checking (MCC), Automatic Claim Checking (ACC)"
250807449,sid-843328C2-601A-47A7-A175-810FFA3A90F0,"D, E"
250807449,sid-22CE3A41-F2B1-4ABC-95DB-ADC551F0DFC9,"K, Q"
250807449,sid-DE730223-C725-4041-B603-F808F8C997AB,"sid-DE730223-C725-4041-B603-F808F8C997AB, OtherGatewayName"
250904565,sid-B74BA82F-1CBC-4928-8DAB-31C5B3B2A26A,"B, A"
25119236,sid-27EF3BD9-983D-41B9-822E-0F4937575980,"K, L"
25119236,sid-435694C7-452E-4ED4-A0D0-8A3771F567B6,"I, J"
25119236,sid-6E63DA1C-5582-47F7-A3CF-A78C641137D5,"B, C"
25119236,sid-4F25B7C0-EF86-48CF-89E0-C6C39308851B,"E, D"
252123810,sid-EF1F4923-403F-45B3-A7F1-34D76B47120A,"Send Order, Check Items"
253380195,sid-D4398869-CCFE-43DE-A5E0-78F75DDFA394,"AL, AM"
253380195,sid-4AD9B10B-D138-4479-A58F-D2605E6C968A,"AR, AS"
253380195,sid-6F2D3826-BC19-4123-8007-196CF12A7D5F,"AU, AV"
253380195,sid-797EF5C4-6943-4E90-96C9-E868CE703203,"AW, AX"
253380195,sid-6FD3290A-6FBF-460F-9C2B-86E3ACE6B25D,"BB, BC"
253380195,sid-D2012CA5-A08A-4CB8-9279-3E453AAA9FBD,"CI, CH"
253380195,sid-C47AA338-8781-4BBC-9278-E0B80F7EBF1A,"CR, "
253380195,sid-B12400FE-07BD-4CEC-9CA9-35CD0822FC84,"CU, ParallelGateway"
253380195,sid-09DC3BA5-0C35-4E45-9B4E-5999A513113C,"CV, ParallelGateway"
253380195,sid-E36D0E43-EE59-4806-B495-86704443CB34,"DD, DE"
253380195,sid-46044F74-6064-4878-980C-2821E2E6867F,"DF, "
253380195,sid-A3E34AC1-3D2D-4933-8B03-A7ABF1CC2DB8,"BR, EndMessageEvent"
253380195,sid-2E5AEF4E-1DAE-4DF2-8CFE-FB92DEAB7447,"BY, BZ"
253774182,sid-5039EBBF-9F32-4EF6-853B-53DBBF46C97F,"sid-5039EBBF-9F32-4EF6-853B-53DBBF46C97F, sid-5039EBBF-9F32-4EF6-853B-53DBBF46C97F"
253774182,sid-4EAB19A3-683A-40B0-9261-C5EF90EABED7,"Waiver Approved, Waiver Rejected"
253774182,sid-F0E77364-39C9-4A02-9FB0-E6E3ED1B70E8,"Unsuccessful Enrolment Message Sent, Successful Enrolment Message Sent"
255399244,sid-5D627107-8D83-40E5-A1FB-05DA02C9E237,"approve expense report, evaluate expense report"
255399244,sid-6399B558-518C-4506-809F-5B5EEF82CB36,"expense report is approved, evaluate expense report"
25587619,sid-34B2C67F-DFA7-4C06-B049-AEFB3E1C242D,"End1, End2"
257230533,sid-9805E0D6-C54F-4BF0-A74C-1A1CEF6B34C9,"Design Around, Buy License"
260094425,sid-D3D9EFE0-A126-4FA6-846E-D5C453BC0B83,"BD, S"
260094425,sid-A8FE2F88-B85C-4479-A21B-A6E8ED97785F,"W, Y"
260094425,sid-B2AAF1E8-D5AA-4CDB-A25D-808BDDC42BBE,"AC, AQ"
260094425,sid-BFF5938A-F60E-47E8-A4BB-CAF03A79CEDF,"AP, AE"
260094425,sid-43AD0756-57C8-4F00-B776-8A8C1E88F60A,"CC, CE"
260094425,sid-BED4CAEA-1F96-409B-89D0-6361BB18E66C,"E, G"
260094425,sid-5CF71C3B-A67B-4493-A2E3-958B79E81A7B,"BH, BI"
260248870,sid-15BDF19B-891A-44DC-9051-49823E35EE1B,"C, B"
260572893,symptom relief?,"Notify patient, Take vital signs"
261750801,sid-82222D4C-DA04-432B-ABF3-D5714F885D9D,"Determine if New-Client Form is enclosed, Determine if new client"
261750801,sid-8F333EAA-DFB3-4CA7-88EE-138554D9BDF0,"Send new-client form to client, Determine if New-Client Form is enclosed"
261750801,sid-F6CE397D-8E1F-4D9D-BA59-735B9C1CEB25,"Receive funding, Check available funding"
261750801,sid-77BF6E9B-3F63-40A3-8A9E-5CD054732DC5,"Proceed with P.O., Review Background Report"
261750801,sid-3C5D12CF-CFD9-49CD-BA45-BD53AD8D5409,"Return cash signal, Determine if cash was received"
261750801,sid-52326E2F-D2D7-4C5E-B005-7940C9DCA006,"Index Faxed P.O. image, Parallel Gateway"
261750801,sid-BB71FC9C-640A-4C9A-A313-801458318632,"Send cash to Accounting, Determine if P.O. cash is enclosed"
261750801,sid-5C6D6D71-6676-4E03-9608-DD42816CD9DD,"Return to team for rework, OK to confirm signal"
261878324,sid-79491958-50DB-44A6-A484-5B16CE2E93B5,"Exclusive_Databased_Gateway, IntermediateMessageEventThrowing"
261878324,sid-614C00AE-B339-4507-94E2-012275BA58DC,"Check If Urgent, Check SLA to enter date invoice has to be processed"
261878324,sid-43EA5E40-C340-4FF9-9CB1-181721D516F9,"Add red stamp, Exclusive_Databased_Gateway"
261878324,sid-A9AEAE1C-BC09-4C25-8F5D-2CC6B5C1F8D3,"Task A, Task B"
261999603,sid-3E69155D-C5C2-4312-B8BE-0B43E76C6D66,"L, K"
262576006,"Peritnoeal 
signs Shock?","Pregnant?, Peritnoeal signs Shock?"
262576006,Pregnant?,"Pregnant?, Peritoneal signs Shock?"
262576006,"Unilateral 
adnexal
 tenderness","Unilateral adnexal tenderness, Pregnant?"
262576006,Clinical PID?,"Toxic appearing, persistent vomiting?"
262576006,"Toxic appearing,
persistent vomiting?","Toxic appearing, Persistent vomiting?"
262576006,"Predominant 
RLQ
tenderness?","Clinical PID?, Evaluate appendix with US or CT"
263324985,sid-C58BE7BD-E48F-44E0-B9C7-4EAD0458A306,"C, B"
264606304,sid-D620B58F-3E1F-4CBC-974A-D110085CCDA0,"Store new info in IS, Check possible resolutions with insurer"
264606304,sid-8F160819-3721-4B03-85FB-4B39F9EF172C,"Issue resolved, Discuss with doctor"
264606304,sid-228F7505-2110-4A5E-9630-EE538119B0E9,"Update IS about full payment by customer, Script order is declined"
264606304,sid-1599BD5F-4471-4CF6-9E51-1725FCDDEE40,"Update IS about full payment by customer, Issue resolving delayed"
2649690,sid-AFC496CC-3262-4DEE-BFBD-E3D31D3323C1,"AI, AJ"
2649690,sid-FF0A8000-CEDD-4443-A6BA-868A4B7CDE91,"AG, AH"
2649690,sid-E3F7AE05-6929-4642-B0F3-8696587DA6FF,"X, "
2649690,sid-808C6A48-2A15-49F1-99CB-1B3FBAE37A95,"Y, Z"
2649690,sid-05F708CF-BFA7-428E-873D-8A8FA251489E,"I, H"
265139954,sid-EAD7A5B2-86E7-42BC-B8DB-9786BECFD5A6,"D, A"
265139954,sid-433ECFBB-6A17-4B0D-A189-2929F510024C,"J, K"
265139954,sid-FCD96073-B128-49CD-8B90-F8EE53ECF7B5,"S, T"
265139954,sid-5DEAC23D-2867-4E9B-8255-4184A8A43FF4,"U, V"
265139954,sid-CE61D2C4-D6DC-4F27-B5B4-C55E298F3730,"AS, AT"
265139954,sid-7FFEA316-7EEB-4D18-8E0F-75B06119D14C,"AU, AV"
265139954,sid-680280F0-19A2-430B-B62A-7EFE5B9BFEEF,"AW, AX"
265139954,sid-9138BE4C-E35C-4479-AC31-5D42B5854FED,"BA, BB"
265143839,sid-5AB7AD39-8400-4AFB-953F-DA1E9E2D981B,"Register Integration Platform, Check if Integration Platform is registered"
265237354,sid-A92417C6-DADB-4BDD-8670-B14F3E85D240,"N, O"
265237354,sid-7AAEEBE7-B85A-4426-943B-00901FA77FA0,"M, N"
265375160,sid-A90AE8CE-7347-465D-8641-FEF561EA827E,"End Process, Create Purchase Order"
265375160,sid-54A91AA1-5FDA-431E-ABF8-C7D3EB2759C7,"Rework Purchase Order, Reserve Funds for Payment"
26540011,Invoice Complete?,"Tick Yes, Tick no"
26540011,Response received?,"EndMessageEvent, IntermediateMessageEventCatching"
26540011,Resolved?,"Mail Client, Allocated invoices"
26540011,Vendor on System?,"Add vendor Number on Invoice Entry Form, Attach Vendor Master Record Request form to Invoice"
26540011,Request urgent?,"24 hour turnaround, 1-5 day turn around"
26540011,Errors?,"Tick off ""Invoice entered Correctly"" on Entry form, Highlight Error"
2657329,"is this 3rd
reminder?","Send a reminder to customer, Inform customer and close transaction"
265891636,payment,"check number of reminders, close order"
265891636,sid-7A8AC5B0-E62D-4106-A3CD-C1A50C3D43BA,"send reminder, engage a lawyer"
265891636,payment morale,"reject order, collect order data"
265891636,"registered
","check customer status, registered"
265891636,wholesaler,"reject order, enter customer data"
265891636,sid-A8EC4A6F-848E-4E1C-BAB1-CC3C13809E63,"take article, start production"
267261880,sid-D5DBE2E1-E5E7-4EF9-8CD6-1F1EC4245A48,"receive answer, ???"
26764604,sid-B29B987C-C566-4F43-9AFD-36677FD7C4F6,"AL, AO"
26764604,sid-DF7AD57F-24DF-4867-A5A6-8D9C1210D941,"R, T"
268840457,sid-050B6263-610F-4880-A568-611D4EBB5D71,"count coins, print the ticket"
269171118,sid-ADA5105F-92D9-47AC-A5AD-351A771A71DD,"D, "
269171118,sid-F8DE3FA9-171F-495D-B2B0-CE07B4662D66,"Task, EndNoneEvent"
269171118,sid-97F32673-F55B-4A23-88FF-8CF7B18AA1B5,"N, M"
269171118,sid-0F2F0C54-1183-4E16-BA62-4660672D249F,"AN, AO"
269384335,sid-9B70BE92-7965-4067-896F-3416E4B8B89F,"AJ, AL"
269384335,sid-23465B08-BB19-459B-937D-F4BC26A667FA,"AJ, AL"
269384335,sid-DB3FCC8F-0AC1-4229-9E54-C3BE8BB7914F,"Y, L"
27003377,sid-700A3068-364F-4A74-AE51-1DBA314BE6F7,"T, Exclusive_Databased_Gateway"
270433547,sid-241E5A02-F587-46B4-8CFB-326BE25BD636,"O, S"
270443166,Auction Format,"Auction Format, Exclusive_Databased_Gateway"
270443166,"Highest Bid or
Reserve Price Met","Item Lost, Item Bought"
270443166,Item Condition,"Item Satisfactory, Item Unsatisfactory"
27050393,sid-079B4FAD-A6AD-48C4-8108-9F3638A949FB,"InclusiveGateway, EndErrorEvent"
270710346,Purchase Request Approval,"Notify Rejection, Approved Notification"
271623270,"Issue
Resolved?","Determine Nature of Problem, Solve Problem"
272747918,sid-AC32FFD9-6486-4420-8CB8-D1C98EA67327,"Q, S"
27316914,sid-047E987F-B4D8-4F94-BF11-195A241E30CD,"Q, R"
27316914,sid-9D4F56DA-CEB8-4110-9618-D9287EEF58D8,"U, V"
273930379,under €200,"Automatically approved, Approvel supervisor"
273930379,sid-763900D1-3F59-4435-AF2E-670247219CE5,"Rejection, Approved"
274699432,Add fee,"Update invoice, End"
275531949,sid-944088A1-E2B6-4EA2-B857-95E5EA2DCEA6,"Search Ended, Display Album"
275962563,sid-4D17A37E-F2F0-4D41-940A-E9FE807DAC97,"Confirm Purchase Order, Reject Purchase Order"
276010446,sid-DE074F7A-D1F8-4EBD-9716-BC3B70042E72,"Find a solution, Process Response from Pit"
276879108,sid-26F3168C-3494-4C39-85BA-BF5DA1A80E2F,"Quick prospect master data created, Check if already exists (duplicate check)"
276955376,sid-453CCD9D-82E1-4CF1-ABE1-3DFE080D3BF1,"Rep2Shop, sid-453CCD9D-82E1-4CF1-ABE1-3DFE080D3BF1"
276955376,sid-81BD1CD3-3CED-40C7-90A7-8861A77F3E3D,"assign, ReserveOn"
276955376,sid-7C207B9A-6E1B-4068-AB11-EE49D156B961,"Answe2Shop, Exclusive_Databased_Gateway"
277720178,sid-A4135C6D-55D9-4E83-89CB-064713703A27,"prepare milk, Exclusive_Databased_Gateway"
277720178,sid-3776D1C1-7629-4F9B-8093-AD126925CE65,"Exclusive_Databased_Gateway, EndNoneEvent"
277999488,sid-0367BB4B-319F-40A9-8D51-ACFA37DADAA7,"create script breakdown, Check script"
277999488,sid-1D7962D8-17C8-40FC-AFC0-BC85E449F003,"accept budget plan, check budget plan"
278108136,sid-596C1A09-5293-4981-93B3-53249C1D5BF2,"J, L"
278108136,sid-E9260511-D4A7-429D-B7B7-EE7D0C984459,"M, N"
278904924,sid-7E9008B2-7E8C-4C70-87D2-A5C109028169,"A (Team 1) 12, B (Team 2) 13"
279343777,exclusivegateway8,"J, L"
279367847,sid-02907438-5E73-42D6-AB3C-6710C62CD61C,"A, E"
279367847,sid-9BF2A3C0-6C55-49D8-AEE1-86F65845A323,"K, L"
279538535,sid-BA411858-5AAF-4F7F-BA93-2444A2C308A2,"receive deficiency notice, receive admission completed notice"
279763651,sid-00D2AF15-732F-4254-BA31-65576DABB6E2,"reject order, collect order data"
279763651,Registered,"check customer status, check customer"
279763651,In stock,"start production, take article"
279932488,sid-3EAF4A15-9023-4F77-A3FC-6615493B5E06,"B, E"
280423708,sid-F03C5667-2610-4FDE-9192-3F20CA507D38,"check the signatures, handle the signatures"
280423708,sid-84E19CAD-891C-4B3D-8FBB-CE223A336AC6,"look for new funds, funds are not enough"
282222542,"Pricing &
Terms Satisfactory?","Submit Purchase Order, Inquire about product availability"
282302097,sid-DE0FE023-072D-4730-A2D2-1F113888F700,"B, "
283215578,sid-F7FC26B3-6AAA-43BA-9C50-28E5DD99F489,"Provide payment, Error notification"
284020760,sid-75C0794C-D927-41E7-A1F4-1B41B9B03C76,"Select Leave Management, Select Time Sheet"
284020760,sid-EAFF4161-01C9-4EE5-B46C-838329A99F8F,"Employee Login, Exclusive_Databased_Gateway"
284020760,sid-1DBC9F6A-C8F3-4535-B075-E019259CCA4C,"Leave could be taken, Leave cannot be taken"
284020760,sid-44AA04FB-390A-46FE-8F9B-DEF2DD2102B8,"Leave not granted, Leave Granted"
284080741,sid-54AF9516-D7DB-4EC6-A590-15CAF2538025,"AD, AB"
284287879,sid-CD4C16BD-1712-4833-B303-DE1B54C0C80F,"order NOK, installation"
284348056,sid-E5567927-89D9-4CD7-9554-C45053890B6F,"Send one fax to accept the invitation, another fax with the material of the lessons"
284508840,sid-C75BE32E-D22D-4EF6-97EB-D3A33C88D4E9,"B, C"
284508840,sid-424E608B-3843-4883-8C05-28C3EE383E19,"E, F"
284882553,sid-60F81D5E-BDAD-420C-8089-8B6355A5C822,"Create account, Check expense report"
284882553,sid-0C55B5A4-56AB-4511-A80A-6FFE153C6F44,"Check request, Approve automatically"
284882553,sid-2C7EF95B-DBE9-499D-99FE-D7AA5F74760B,"Reject, Approve manually"
285677672,sid-7F943615-7B0E-467E-B726-44D2DEB0B497,"Invoice Complete, Invoice Incomplete"
285677672,sid-E329ADAB-538B-4F02-A5B7-33D2B354BF04,"SLA Known, SLA Unknown"
285677672,sid-A6D9AE01-DAB9-48A4-8B5C-90ECA9C56A07,"Give a Red Stamp on Urgent Invoice, Check For Compliance"
285677672,sid-A13E3435-7C89-4782-9C03-3CA847307996,"Compliance Invoice, Non-Compliance Invoice"
285677672,sid-38A5B14E-EE40-4D95-B79D-FCABE0E7B64B,"Call Client to Request for Info, Post Back to Client"
285677672,sid-7D2D5AA8-27D7-49F8-A35C-F9B3A201C1A5,"Client Sends invoice back, Send reminder letter"
285677672,sid-4BD13742-D9DF-47B6-A2FD-A56727D242D0,"Follow-up via telephone, EndNoneEvent"
286508726,sid-0078DD21-F2E3-425A-AC02-50311B7AE4CF,"C, A"
286508726,sid-B80A205B-C5ED-442D-A27C-7C3572D4CA93,"D, B"
286905908,sid-594DF54C-E39E-4F38-B1C9-9B64B890D24C,"E, G"
287364101,sid-3DEA5CD5-6485-4503-AAE5-6A32ED192E15,"Q, J"
287364101,sid-D84A7D0E-7884-4CE1-9ECE-4A9CB74BE57C,"J, Q"
287798367,sid-1FC2281A-73C6-48F3-A84A-5A1AC7392BF7,"Give member a call, Checks letter"
287798367,sid-A096A83F-EDB4-46CB-8EB1-DCFA3697536B,"add letter to the collection, Exclusive_Databased_Gateway"
287798367,sid-D79FC926-EDA6-4AD0-B302-DE7C476F2005,"Add Member to Register, Send a letter to member"
287798367,sid-7B91FE2F-77F0-45EA-BCE7-0D713D602EC2,"prepare and send membership card, "
287977294,sid-E7C5D59E-7672-4C09-A3CB-46B275BB85FF,"T, EndNoneEvent"
287977294,sid-58474A7D-F4F4-421F-BBE6-4BF7F5CC3D67,"U, Exclusive_Databased_Gateway"
288249216,sid-75C0926E-29F9-4D2C-81ED-9D0BC8635839,"Exclusive_Databased_Gateway, EndNoneEvent"
288249216,sid-2C148FD7-FB68-4EB3-838F-3E575F546104,"EndNoneEvent, Exclusive_Databased_Gateway"
288447970,sid-166BF227-6778-4A19-93E5-98A229F9EE7A,"ParallelGateway, Exclusive_Databased_Gateway"
288447970,sid-C88BF5D9-F335-47A9-8228-7F5CA1352608,"Exclusive_Databased_Gateway, ParallelGateway"
288447970,sid-F7AF1A32-406A-426A-A286-BD47D86C3818,"ParallelGateway, Exclusive_Databased_Gateway"
28904946,sid-2FC9E814-6B08-4209-AD26-69B71F4EF737,"B, "
290227852,sid-A6808B5E-2372-4BA8-B86A-E4F1D86D201A,"J, "
290227852,sid-87C413AB-C922-48D1-BF2C-DDE9ACD0C07E,"R, "
290642615,sid-F317D4D3-1D9E-4DA3-8756-14E15D4DDC1E,"Rework Purchase Order, Reserve Funds for Payment"
290642615,sid-124738EC-E373-4ECA-B2B5-82D65EDEC4E4,"Create Purchase Order, End Process"
291440741,sid-8D6CFA6F-BBFC-4D87-BF25-78BD6AEA84B3,"B, C"
291440741,sid-9C76D81E-5A4E-419A-BD2D-A2F967282969,"D, A"
291742880,sid-BA5EFEB7-DCA2-4737-B953-8922E48309C2,"Process invoices, Lookup vendor number in SAP system"
293139672,sid-80A1DEEC-5FF8-48DF-9FB0-E7C1976606E9,"Finish, Exclusive_Databased_Gateway"
293581992,sid-9D53B527-29AD-4167-8098-81A48F46840B,"Reject Purchase Order, Approve Purchase Order"
294351689,sid-8CD9E4F9-FEF5-41CB-AC2A-E09EFB3B001A,"Gateway Name 1, Gateway Name 2"
294456790,sid-239F4B9F-B18C-4E4E-8668-45F8DA09BCBD,"Check compliance of invoice, Additional review required"
294456790,sid-9F573ACC-C220-4A98-87F7-22049B243EDB,"Check if the invoice case returned, Send a reminder to the Client"
294456790,sid-4976831A-FD8D-4FE5-9875-27722D458B46,"Follow via Telephone, Two reminders have been sent"
294456790,sid-FC9B7E08-21D0-4AA0-9F1A-CE0E06C2CEA3,"Follow via Email, Follow via SMS"
296247954,exclusivegateway1,"exclusivegateway1, exclusivegateway2"
297102392,"all goals are stisfied and
 each activity corresponds
 to at least one goal?","all goals are satisfied, each activity corresponds to at least one goal"
298385199,sid-BCFC8CAD-D53A-4273-90CD-2859825F73F1,"Exclusive_Databased_Gateway, EndNoneEvent"
298706202,sid-8ACB9D4D-19A1-479C-84E9-A053480D3574,"place application to approved applications, Create report"
298962616,sid-D5CBEFF2-7EAC-4CDD-BA83-E294E2145FE4,"Send email to student, Academic recognition agency verification"
298962616,sid-7068ED4B-F315-47C1-A7BD-E54C23A98440,"application rejected, Check English test results"
298962616,sid-00F537D8-A6D1-4E1C-905C-0071E4301A33,"application rejected, Academic committee decision"
299290467,"President 
approved?","President approved?, Document evaluation"
299290467,"Kuratorium 
approved?","Kuratorium approved?, Receive evaluation"
299290467,"SC selected,
 report approved, 
application received?","Screen the applications, Report approved"
299290467,"FC
 approved?","Evaluate report, Document evaluation"
299290467,Decision?,"Accept position, Deny position"
299469523,sid-76E8E512-7E14-4CA0-A9B9-A72CA808B8FC,"BA, BF"
299469523,sid-3FBECFF2-CE70-419A-9FAA-63281B68E215,"AG, AI"
299469523,sid-8911242B-8136-44AC-AE60-FBCD2C219BF3,"AF, AB"
299617113,sid-8DB6E636-C897-455B-A4AB-17F952CC476D,"Part(s) requested from stock, Stop Work till parts arrive"
299617113,sid-CA599977-D52C-4F92-8C45-07C5383ED1ED,"Place priority Order, EndNoneEvent"
299951520,"Ask for
approval","Ask for approval, End process"
30044917,sid-160785A9-730F-4716-A471-40DE0087DEBF,"Loan Granted with 20% interest, Loan refused"
30044917,sid-A3B9E092-E534-47BE-AD63-AE4E533FA182,"Loan granted with 22.5% interest, Loan with 12.5 % interest will be checked"
30044917,sid-9DDD88FA-4D4F-4E5C-B2B2-4438100738A3,"Loan checked, EndNoneEvent"
30053876,sid-173E9658-4213-4A61-9F51-2037011EBFE4,"SOLICITA INFORMACION CONTABLE, SOLICITA Y RECIBE INFORMACION"
301402722,sid-52DAE54F-FF9D-46B7-AE6D-3450544643D3,"Select Baggage requirement, Exclusive_Databased_Gateway"
301402722,sid-7D18A96D-A1E4-4077-B9E9-A97600A2CAC1,"INN320-Assignment 1Fill Passenger Details-V.3, Proceed to Paypal"
301544154,sid-56C90ABE-4D6E-41C7-B6E2-1252D9EE426E,"Insurance check, Conduct drug utilization review (DUR)"
301544154,sid-6E0423D6-B5AE-41E9-B6AC-F52C9DB08985,"Decline the Script, Fill the script"
301544154,sid-74AF35EE-253A-48B4-BD68-E988151FFCA1,"Decline the Script, DUR conflict resolving"
301544154,sid-6328BFE1-3466-436F-BAC8-D5533EF65762,"Fill the script, Order bags alphabetically"
301544154,sid-E6EFE5F0-17C3-4BDE-A796-EC0C558611F2,"Decline the Script, Quality assurance"
302102433,sid-6E743319-FF0E-45C5-A4EA-1B966F920987,"Reject offer, Accept offer"
302102433,sid-54F39124-7E4A-40B0-BE97-924E27DB6309,"Application submitted to Broker, Application submitted to BestLoans"
302102433,sid-6E490AA4-DC3E-4C40-BE80-50D140096E29,"Rejection letter sent to Broker, Rejection letter sent to Client"
302102433,sid-95789216-2FA1-4A78-BB52-EEF0276D6CA6,"Approval letter sent to Broker, Approval letter sent to Client"
302102433,sid-CB66B762-D2C0-4BAB-B88E-A30F1B8B082C,"Prepare insurance offer, Assess application"
302102433,sid-79AAB6BD-712A-45D6-A720-84C9E954FC15,"Assess application, Forward application to BestLoans"
302102433,sid-476706EE-FFD6-4A3E-A68B-6C3FF5C276A8,"Reject application, Approve application"
302102433,sid-E9DEA009-3A8B-4A3B-A996-D783128987BE,"Cancelation confirmation sent, Cancelation withdrawal sent"
302102433,sid-82710081-C0BE-4449-88F8-EEF6E4A486FE,"Cancelation request sent to Broker, Cancelation request sent to BestLoans"
302102433,sid-2F4EE642-8C1B-42E4-A387-7324C3FE362D,"Progress inquiry sent to Broker, Progress inquiry sent to BestLoans"
302347035,sid-09C9F51F-F981-4182-A55E-E69ADE1E54BA,"P, O"
302512136,sid-7077724C-E0C5-48ED-9102-3AD49C758BD2,"G, "
303991896,sid-C0B8D987-01F8-41FE-97DF-09291E4BF674,"Based on the provided information, the two gateway names would be: Q, IntermediateMessageEventThrowing"
304239877,Evaluate Receipts Decision,"Process Expense, Edit Report"
304239877,Evaluate Expense,"Review Report, Need translation?"
304239877,"Evaluate
Review Decision","Edit Report, Need translation?"
304239877,"Need 
translation?","Translate Receipts, Confirm Receipts"
30480316,sid-68B0429A-9B3E-4012-9775-E36465096FE1,"A, B"
30480316,sid-8705CD99-AF00-47CE-8DD8-970E63248994,"J, O"
304914824,sid-31730F67-A905-4982-8522-A96DE91C71C0,"F, G"
304982626,sid-2C03DA06-B037-4FF4-95E5-305F0C67CACA,"J, K"
305863335,sid-8AA6D31F-BEC1-4030-823E-1AF3650A928F,"AL, AK"
305934972,sid-763A2782-B384-4837-850F-C7FB26458838,"send accept message, send reject message"
305934972,sid-AE2047E3-FDE2-4A13-9127-D73C403B0E66,"send materials, send materials and payment request"
306158714,sid-73D2FF60-1EE7-4378-8725-F5D3953F909F,"H, I"
306158714,sid-B1423158-2862-4D1E-9B3D-7D3A878FC991,"R, A"
306158714,sid-E78ED10C-85E6-45B7-A684-9996CE59B48D,"O, N"
306158714,sid-F63CA933-5AE0-4749-8655-9A5E098B2E92,"P, Q"
307555165,sid-CC99307F-FDBF-45F4-8336-62DC9DA7D429,"pick a skirt, pick a dress"
307555165,fits?,"fits?, pick another skirt"
307555165,enough for dress?,"enough for dress?, check money"
308040432,"HLD and BoM
approved?","Reconsider HLD and BoM, EndMessageEvent"
308999069,sid-F2126B41-4160-41DE-AA1C-709EA9E08CAE,"create a new account, check amount"
308999069,greater than $200?,"approval, contact supervisor"
308999069,rejection?,"approval, send rejection letter"
309310452,sid-37055CED-5303-4F8C-B81E-77797DCEB252,"C, D"
309724312,sid-7105ADE5-2957-481B-9A1A-6AE2FA0BD8F2,"payment, rejected"
311323804,sid-B5EF1FA7-09D3-4128-AFDE-673968435A5C,"Primärtumor T0, Primärtumor T1mic"
311624187,sid-36F7F736-FAB4-4D78-A9D7-0EB14FEF7D54,"Monitor other project progress, Receive vendor form and stock order"
312302293,"All Information
Available?","Review the Claim, Communicate With Customer"
312302293,"Amount
> $2000?","Evaluate the Claim, Evaluate the Claim"
313886693,sid-949CAC87-F735-45F9-ABA5-E8DFA81C185B,"Create account, Refuse account"
314160015,sid-B5494A71-2F15-40C0-9D26-3B98C09F6FED,"G, F"
31469572,sid-FB367A8C-7098-486A-83A5-56C90AE4026F,"AG, AH"
31469572,sid-7F5B3710-61B0-4B36-A15D-815815B8C3B4,"AI, L"
315859788,sid-D6FAA000-C937-435E-98B4-79504C301138,"N, M"
315859788,sid-629497B1-08DB-4A3E-9748-17DD6A530C6B,"U, G"
316248682,sid-9FCECCE6-4151-4618-83A9-F39FA37AF396,"A, B"
317382018,sid-D4F8EE54-F1CB-4F5D-B182-CB51D66DD49A,"penalizace, "
317682456,Which task?,"Which task?, Authorizing fine-grained access"
317682456,"already connected
 with a designated DS?","Finding a DS through ONS bootstrapping, already connected"
317682456,Data of an object captured for the first time?,"Registering the object with DS, Publishing the basic records to DS"
318538442,sid-B58A18A3-0D2E-440E-A440-B6E878FE20FF,"twitter login, login failed"
318538442,sid-59D2FB41-4AD3-419E-B5DC-65D82B0E5244,"autogenerate tweet (photoinformation), provide own tweet"
318538442,sid-6CA2AE20-3279-4EDC-83B1-F060DFD82BC1,"post tweet, twitter post"
318984790,sid-89769978-1C4E-4CB6-9FD9-CFA3104029CC,"Login, Registration"
319059674,sid-448F063A-021B-412F-9CDE-CA76AF9BDE33,"H, F"
319059674,sid-3C1EFC9C-B3BA-4648-B2D0-3B747A1E8B80,"I, G"
319693347,CW,"CX, CY"
320292970,manually?,"Check request, Handle request manually"
320292970,some booking failed?,"Cancel transaction, Book attraction"
320303652,sid-43A1000F-83FA-475F-A317-FC1B94308AD7,"Send confirmation, Checlk attraction"
320303652,sid-9EDB0ECF-A0CB-4372-BFC4-16C47BE1B6DA,"Cancel, "
320303652,sid-EE7AFF0D-B868-4F03-93C5-69B531540D6D,"Cancel, Successor"
321798090,"Suspicion
of lymphoma","Booking hematology visit, Exit Pathway"
321798090,"Confirm
lynphoma","Exit pathway, EndTerminateEvent"
323203364,sid-0BEDFB4E-404F-4B2D-AE2B-6171ACECCE0A,"sid-0BEDFB4E-404F-4B2D-AE2B-6171ACECCE0A, D"
324239001,is report favourable?,"send denied notification, analyst has authority?"
324239001,analyst has authority?,"analyst has authority?, is report favourable?"
324463899,Invoice header OK?,"Invoice header OK?, Park Invoice"
324463899,Invoice OK?,"Invoice OK?, Pre-post Control"
324463899,Send to other approver?,"Review / insert line items on invoice, Invoice OK?"
324463899,Approve Invoice?,"Prokura for total amount per involved line item?, Approve Invoice"
324463899,sid-66B10B1F-7910-478B-B820-A1EF0B61CA8A,"Initial Invoice Control, Review / insert line items on invoice"
32491413,sid-DFADC7DD-B66D-4C52-841E-4A716844E6D9,"I, Exclusive_Databased_Gateway"
32491413,sid-F758FDD8-60F2-45EA-9687-0C86EA08CF51,"F, D"
32491413,sid-60F0B467-A3AC-4016-998A-E38EC8A2A77E,"C, Z"
324977484,Has customer made payment for previous week?,"Document bad credit against accounts receivable and members file, Members and accounts receivable file updated and order processed"
325285687,sid-4C3F7432-42A2-4BD1-A101-1F3B7991B482,"Upload to Flickr, error"
325638004,Is Item data complete?,"Item Form Printing, Item Inventory"
326172428,sid-3FB606A6-876B-4CFD-B00B-0675250D98D5,"L, G"
326407218,"Is the plan in 
harmony with 
our vision?","Sign contracts with fair trade companies, Make trade fair plan"
326407218,"Which cars will
we exhibit?","Pick already used exhibition model, Request new car model"
32700368,sid-462749D6-59B8-414C-B643-638AF1870B57,"Perform work on project, Defend the project"
32700368,sid-B66F712C-5B98-4419-9592-AA7D0C26FD37,"penalize, Extend the process"
327200090,sid-2CB0349C-9716-49F2-BBA9-C4C816A6E52E,"AG, AA"
327985826,sid-163B3ABE-322A-4AA6-9F5E-2D84A1F342E5,"sid-163B3ABE-322A-4AA6-9F5E-2D84A1F342E5, sid-163B3ABE-322A-4AA6-9F5E-2D84A1F342E5"
327985826,sid-20FD15EA-9202-4248-9CDD-9140D1C68397,"combineDiag, Exclusive_Databased_Gateway"
328192752,sid-500F5F60-FB05-46EB-A7A5-6ECC6365FAB3,"F, B"
328440684,sid-F075F95C-229E-4BE8-898D-D1261C7C1F8F,"Create Purchase Order, Check Inventory Level"
328440684,sid-4FA9A92E-439D-479B-A737-E9EC9A2AAABE,"Rework purchase order, Reserve Funds for Payment"
328527710,sid-9191CAFB-98FE-4E49-AA0A-8D005F7BD794,"normalize label, end process"
328527710,sid-4E3F382C-9B29-4E65-B7D4-7415D1FE89C5,"Based on the provided information for the gateway, the output is: Successor identified, Predecessor identified"
328527710,sid-5AA69D53-A623-4DE5-A334-DFBBED2A1CD4,"Look for hint in DBpedia ontology, Alternative path for hint lookup"
328899290,"Follows
Guidlines?","Return RFQ to Customer, Analyze the RFQ"
329527352,sid-3291F9FF-14DA-4033-992B-E3E12DDB875B,"Set phase-out lock, Archive supplier completely (basic data)"
329527352,sid-1CF69CAB-4101-48E8-AE27-1582B7434F45,"Archive enrichment data approved for removal, Provide rejection information"
329611592,sid-2211E177-5075-4F36-A7B6-76ADF65112ED,"time deposits, current accounts"
329657488,sid-6D944FD9-B6A1-45A9-969B-387BF3AEEB61,"EndNoneEvent, IntermediateMessageEventThrowing"
330822175,pricing and terms satisfactory,"pricing and terms satisfactory, inquire about availability of products"
331453860,sid-D23EFCAF-4F72-47C8-AA71-9E02A354790A,"B, C"
333336872,sid-50BC9176-14CF-441A-8591-EC82C2F6AB33,"D, M"
333336872,sid-48CFB6AA-B837-4FE8-A820-4CDCFB70A7D3,"D, N"
333465731,sid-01AFD438-2781-4B2B-8FD4-034EF0A8E8F2,"B, A"
333465731,sid-3A229E29-7870-4534-A7D0-E31C245931DF,"O, L"
333502974,sid-EED50F39-301B-49BB-BBA2-F94F9A28EC28,"Create new process instance, No successor"
333502974,sid-9E1853F5-F04F-42D4-9AF8-99DE3E8D152E,"Backorder parts, Reserve parts"
333709370,"Estimate OK?
","Authorize repair, Take back computer"
333709370,Customer authorize?,"Customer authorize?, Provide customer with estimate"
333709370,"Can i fix?
","Fix and test, Inform customer"
333709370,can i complete?,"Repair, test"
333719943,sid-5662CCE6-0F05-435D-8F29-B25CC7360C9D,"I, Exclusive_Databased_Gateway"
334223443,sid-089F50DE-4701-444E-8DFB-EDAC0584B916,"Store the materials in the right location, Wrong Material"
335218327,sid-268E5824-2C8E-4064-8D7F-F95A212B83CD,"ONS-Resolving URN to a domain-name, Exclusive_Databased_Gateway"
335349300,sid-071DA084-A49E-4DC2-A907-017368A1071C,"Create account, Account exists"
336232493,sid-68D37CB8-E647-43B2-907A-4EF902240415,"A, B"
336232493,sid-F425E4FD-DB18-4523-8B86-2B069B8D9C1B,"L, Exclusive_Databased_Gateway"
336232493,sid-08BF7E58-AF30-4729-8763-55DFFC9C9315,"M,"
336232493,sid-462A2F6F-0564-4C21-8B75-9FDE3466D3AF,"O, L"
336232493,sid-15FE52DE-814C-41C5-8923-A6C4B0170AAA,"P, Q"
336232493,sid-D4834A82-23F3-429A-A40A-0631278419E0,"R, "
336232493,sid-ED1FB9B7-553F-4158-8234-EE19DA1925AE,"V, W"
336232493,sid-1069831F-853B-4405-9267-1E8BF36798CB,"Z, Y"
336232493,sid-29D9E626-F21A-49AB-A045-7A3CCF6DC612,"AA, "
336232493,sid-06A7382E-868A-41FD-A42D-86D308DAD9BC,"sid-06A7382E-868A-41FD-A42D-86D308DAD9BC, AB"
336232493,sid-B5C28FC2-3DBE-4CDD-8856-7192DDC29E9F,"AC, AD"
336332502,sid-4188BD5E-FB00-46E9-BDCC-28198F07C396,"Perform work on project, Obhajoba"
336332502,sid-3A57CC06-1057-4582-8591-10450D4E806D,"Check process model, Expand the process"
336460484,sid-167B5BA0-76EF-4CA5-900B-4890B8F86544,"D, I"
33665758,sid-BD3E5055-23F1-4B4D-8429-012B62A226F3,"W, X"
336792326,sid-1D5626A1-3410-43F9-8701-3D81E6BCD0B9,"Scan P.O. Letter, Scan P.O. Fax"
336792326,sid-D3F45161-6667-406A-85D0-A049F9FBBBB0,"Check for New Client Form, Verify Client Form"
336849755,sid-72CD504E-56B7-4497-8728-1A46C5F09177,"Schedule Inspection Time, Acceptance of Entry Condition Report"
336849755,sid-5B57AC3E-E2D9-4085-9A42-E6C4253227FF,"Fill in Discrepancies, Review Entry Condition Report"
336849755,sid-81139F91-109D-4EFD-A6BC-FF205118554C,"Inspection Time, Acceptance of Entry Condition Report"
336993090,sid-CA6BFDB3-9A91-4D72-84C1-4A9C0EB25D99,"P, M"
337006329,sid-1BB51B8F-C4BC-4BBF-B51D-FD0CB1F6E662,"A, EndNoneEvent"
337423710,sid-FE51E11D-6E31-4BCC-931C-68A55D080343,"Open the gate, Reject to Open Gate"
337439423,sid-05050765-52AB-4AFA-945E-64DBD72775C9,"AI, AL"
337439423,sid-6D836707-B58E-4B97-BB9A-9284D65DF09C,"AJ, AN"
337439423,sid-6FC47DDB-73E7-46F2-874F-CDCA035769D7,"AM, AK"
337439423,sid-748CBEE1-50EF-4731-8555-EF366D6D30C3,"AP, AO"
337439423,sid-878DB0B1-5322-426F-891B-3800A1CAB65B,"C, D"
337439423,sid-031B6F7F-96C0-4FE3-8F53-6A878D4DA353,"E, F"
337439423,sid-5B309A80-C52C-4A60-8FEE-8CDF22CFB33A,"G, H"
337439423,sid-DC70B37B-80B4-4805-8E05-745FB5700AEE,"P, R"
337439423,sid-5A8C21EA-4D6D-46AB-9C11-F2C2C150BF40,"Q, O"
338033099,sid-1AF36984-5413-468D-9CC6-5687C2E2AAAE,"C, Exclusive_Databased_Gateway"
338033099,sid-42AAB970-0F5F-4A10-9321-FEFC73116703,"D, M"
338033099,sid-4E8561AD-CCCE-4707-B70A-F46C1B81DA7E,"S, U"
338617964,sid-795622D5-3F98-4C91-9F14-007E0023980C,"O, P"
340717041,sid-2B895EDF-5ADF-4F4E-ABBF-CDE0BAA3EC79,"sid-2B895EDF-5ADF-4F4E-ABBF-CDE0BAA3EC79, AD"
340717041,sid-5CC04301-B964-4ADF-956F-0311F9074263,"AG, AI"
340717041,sid-15C75C77-D92C-483A-B302-916F12ED8B70,"I, AO"
340717041,sid-ABA9E284-6DC7-43D0-9810-8E67D961D4FE,"G, C"
340717041,sid-522546AC-FAB3-42DF-A6D2-509D78695FA1,"D, E"
341712794,sid-31EF4126-AD59-47E3-A6B4-1F5700E41353,"Q, R"
341712794,sid-330B1E00-8EF2-4E87-8085-5E7CCD975C5F,"AP, AQ"
341841582,Invite Parent ?,"Invite Parent ?, Complete Setup"
341841582,If Minimum Received ,"Create Account, Account Request Received"
343758156,sid-F33FCFDE-3354-4FB8-8258-99CB14241612,"Exclusive_Databased_Gateway, IntermediateMessageEventThrowing"
343758156,sid-57141C8E-DA0F-4A64-B0A8-774386D6DC9D,"Exclusive_Databased_Gateway, IntermediateMessageEventThrowing"
343758156,sid-7A0FE74E-9FE2-4029-9026-9715C7EED5D8,"Time Passed, Time Not Passed"
343758156,sid-2B71CBC8-F499-477E-A570-24A5178CBCFF,"Successor Names: ,  
Predecessor Name:   "
343758156,sid-C2F0996A-72F5-48B6-A526-49AD94140212,"EndEscalationEvent, IntermediateMessageEventThrowing"
343758156,sid-A74CE43C-2882-4DA3-9471-A93BC4725314,"Fetch New Parts Catalogue, Exclusive_Databased_Gateway"
343758156,sid-29F55F4E-19D6-4135-971F-5274C62372EA,"IntermediateMessageEventThrowing, IntermediateMessageEventCatching"
343758156,sid-908FEA85-604A-454F-A58F-517BBBD67CAA,"Successor Names: ,  
Predecessor Name: "
343837179,sid-83F09B13-43A8-43D0-9E00-E853254D7FCD,"AK, AL"
343837179,sid-7DCF019C-CDB9-413B-A993-909F77DDCD65,"AO, AP"
344525378,sid-757321AA-1E85-4855-B145-1A310905BDDD,"L, N"
344604243,sid-2B940B6B-ACD2-48EB-A1C8-58AD5C4EC04A,"H, B"
344604243,sid-5A2D3603-C82B-498B-B1BC-2EDC6DF13F8E,"H, F"
344905903,"Material
OK?
","Store the materials in the right location, problem reported"
345655562,sid-3821C8BC-554D-49D3-B188-60119B43A637,"AO, AP"
346821000,sid-7083467C-DB85-4226-9F3C-7B1DBC829BFB,"sid-7083467C-DB85-4226-9F3C-7B1DBC829BFB, EndNoneEvent"
346821000,sid-0895F6F2-77EC-4D36-9DB3-10F819B68DE8,"sid-0895F6F2-77EC-4D36-9DB3-10F819B68DE8, (No predecessor names available)"
346821000,sid-6D235F01-F62A-4DDA-9F48-742E5FE5947D,"Subprocess, EndNoneEvent"
347768237,sid-076FCCAE-ABB8-478C-9E66-A935CE6E7961,"site not approved,"
347903800,sid-F0693B16-E343-4003-AA78-C4FB88CF4FCE,"register the study plan in the system, check the course requirements"
347903800,sid-CFE8CEFB-C88A-46DF-AC9E-19CE02469B1C,"send, check"
347903800,sid-EDBE19B6-4D33-4A31-BC8F-A9A82088FB33,"make it signed by the advisor, Exclusive_Databased_Gateway"
348776621,sid-789F9B02-186F-4F2B-8C2A-CB85556E1203,"meeting, process is over"
34921168,sid-99C6EBAD-C6B8-45C3-83B1-93A66FC3ED4F,"Execute Current monitoring activities, Determine error server"
349325211,sid-0D2D42B5-F44A-4E51-9B89-9A97EC22027C,"M, L"
349882839,sid-8C79273E-F8DB-4501-A7AC-3D5B9B245D95,"A, F"
350317909,sid-21471ED1-EC40-46B6-B9B0-D8A2E7DACEA0,"C, E"
350317909,sid-3F632F75-5278-4122-B6AB-94ED443E0666,"I, J"
351357142,sid-865377C6-596C-4F12-BB44-87F5C349451C,"B, F"
351357142,sid-8EF1D5B2-9D36-4970-ACD0-E1CF2DDA78D5,"C, H"
351357142,sid-08E5C429-647F-401B-88B1-23F463408C51,"AY, AU"
351357142,sid-0F8927DF-1BF6-42D0-99F4-65379002B10E,"AG, AI"
351357142,sid-6C7C1D76-7451-46D4-A158-6F6BFCD351F7,"AJ, Exclusive_Databased_Gateway"
351357142,sid-85820B24-720D-45D0-A97F-26B7EFF42D9E,"V, Z"
351357142,sid-5305D000-4BD2-4FEA-9116-8D4C5B9C711E,"AA, "
351357142,sid-59A72258-8635-402D-BF2E-B0A9DE344428,"CA, BS"
351357142,sid-A008D389-A824-4771-A6DB-DE853D87C29F,"CB, BT"
351357142,sid-D98C6F06-5C9A-47CB-8AF0-A1C00F0E4082,"CO, DA"
352072641,sid-A5E16ED2-D07A-4CF1-B5D2-5FB50D218DF1,"not approved, approved"
352227863,sid-9BC1E71D-9E1B-48ED-858C-D95CCBF1A390,"A, F"
352284384,sid-9105E3A2-906D-4EBD-824E-2C4F208CBFF5,"Get the loan, Provide a detailed business plan (Proposal)"
352353801,sid-D00AC8BE-E746-46BF-A5C9-6B1800A323E9,"A,"
352353801,sid-538585B7-59F2-42AE-8D6F-50ACAF37AF50,"B, "
352353801,sid-222888B8-D585-4750-AE94-6F29D448C407,"C, Exclusive_Databased_Gateway"
352353801,sid-61A80001-1742-4C06-94AB-897F4FA4F25A,"A, B"
352353801,sid-A6340E4C-C359-4A3B-8900-C8E3FB51F125,"C, "
352873898,split1,"Go to Cabinet for Sweets, Go to Fridge for Food"
352873898,join1,"join1, end"
353124670,sid-5973A85F-8EEB-4CC4-8762-B614FF505A5A,"write off payment, send last reminder"
353124670, ,"check customers solvency, Check customer typ"
