Model ID,ID,Gateway Names
1646541622,sid-D70111A5-C8D7-418E-AF51-50C4CB55DB04,"Bus Banking, EndTerminateEvent"
1646541622,sid-2108EE7D-D7BB-4A1A-A942-BE103A55660A,"Hotel Banking, EndTerminateEvent"
164701139,sid-8F112D26-EF22-4AFA-B5AD-AAA22C591BBB,"H, E"
164701139,sid-F56C3E5F-66DD-4D7E-963D-34F133941E73,"F, "
1647310359,sid-BCA75013-C5A5-42F2-B37B-D9FCC899E48E,"developer implements Software using BPMN TDD cycle, EndNoneEvent"
1647506550,sid-AB615F5B-1B9A-4BBD-B5AB-833D97B3E75B,"create offer, check loan <= 20 * monthly income"
1647506550,sid-F17E6F55-28F1-47C7-BC01-C9A3CFEC5A47,"check loan > 25,000, check monthly income > 2,000"
1647506550,sid-AAB9EA4F-1E62-4790-A119-304194BB2EAA,"check credit rating, EndNoneEvent"
1647506550,sid-139D6DAA-2489-4DB8-8C60-37474BCE8B31,"negotiate security with customer directly, check loan > 25,000"
1647506550,sid-F9E82B36-C185-48F5-A53A-1CF3B6F02E40,"create offer with interests of 15%, Successor Types: Exclusive_Databased_Gateway"
1647506550,sid-219148BE-A75D-44AC-A93E-443C5482BF82,"create offer with interests of 12,5%, create offer with interests of 22,5%"
164762807,DK,"DL, DS"
1647690987,sid-CA4BD444-27BE-44C9-9888-29C48223BE1A,"approve approval, send reject approval email"
1647690987,sid-ED548969-0FC4-4367-821B-7F421295F7C4,"create account, review report"
1647690987,sid-FAA8C9EA-9858-4665-81F2-AAF3B8DBF9C9,"request approval, automatic approval"
164779757,sid-11347153-5232-4F1D-95A3-5ADB71BE06CE,"Check process model, Exclusive_Databased_Gateway"
164779757,sid-6A785BD2-1830-4C02-85F4-EB9563DDBA6C,"Perform a work according to role, Present the project"
1648915424,sid-11A6F695-D8A8-46A3-A3FE-E6347CE4D36C,"L, I"
1649525188,sid-0079A3AD-4B13-4204-9665-03FB14151270,"Positive, Negative"
1649525188,sid-CAFFA5DC-0A08-4BAD-9007-B6C82D16494E,"Proposal accepted, Proposal rejected"
1650735497,sid-497E06CC-8558-44CB-9D3D-061C8D48DA67,"Link Bank Details to Account, Remove bank account details from account"
1650931039,_3_4,"C, B"
1650931039,_3_32,"_D, "
1650931039,_3_40,"_3_40, E"
1650931039,_3_44,"F, G"
1651349901,sid-0E5F40DD-B02E-4128-8E87-3A90F39D401C,"Perform work according to role, Present the project"
1651349901,sid-E1647F84-70CF-4BAF-8B7A-78F054C6295E,"penalize, Extend process to level 2,3"
1651695717,sid-100ED201-57D1-4CAF-AF38-9CBE9E3728A0,"Check Service Level Agreements (SLAs), Return invoice to client"
1651695717,sid-F2F0C219-5D4A-4183-8636-8FD3A4DD41C1,"Check Service Level Agreements (SLAs), Result of SLAs"
1651695717,sid-230A0F9A-0FA7-4DBF-BA7F-36D807BBC277,"Put red stamp on the invoice, Enter the date for invoice to be process"
1652222660,sid-9259966E-D10A-4E50-AADA-F53B39CCB9B6,"Receive raw material from the supplier, Put product to the production"
1652222660,sid-F19720E9-7F58-4673-AF05-62DBE5B8512B,"Fix product, reproduce product"
1652222660,sid-3B789039-EC4B-4F50-886F-12F1D73641F4,"product is produced, Make the decision"
165257692,sid-BC12CB3A-7C5D-4491-B085-AC8D8274C483,"O, D"
165257692,sid-6C1307B3-6269-48DA-9ED8-44D31B1660E1,"E, AG"
1652919364,"Pricing and
 terms 
satisfactory?","Submit Purchase order, Inquire about availability of products"
165460050,sid-DC8AFB46-3A5F-43DF-ABEC-7D0B257A2308,"Q, T"
165460050,sid-AEC1570F-E059-458A-9960-66DB6AFBA8D7,"AB, "
1654649816,"not ok
","penalize, Check process model"
1654649816,sid-8927674D-2F66-4025-BE0E-0BCBA414A584,"Perform work on project, Defend the project"
1655106062,"Meets
guidelines?","Produce Label & Material Cost Estimates, Communicate with the Customer"
1655829345,"Verified
OK?","Communicate with customer, Analyze the RFQ"
1656174480,sid-A279A946-3AA4-477C-83D3-9CC4CE95B7FE,"A, C"
1656408578,sid-483BC2DB-6899-4C1C-8C86-FE192036AEB7,"Ask passenger to comply with pat-down check, Continuous rendom-select passenger for pat-down check"
1656408578,sid-37B52E1F-8782-43B6-B324-D05BBE562CFC,"Allow passenger to proceed to discretionary area, Disallow passenger from continuing"
1656408578,sid-AE31BB5A-6B61-4078-A6DE-46DE8ACACF1A,"Ask passenger to comply with ETD check, Continuous random-select passenger for ETD check"
1656533187,sid-03A883E5-9958-4994-8AB4-DA67F6A68115,"AM, AN"
1656533187,sid-F49D144D-A3DA-4DAC-97FF-2D152007D51B,"sid-F49D144D-A3DA-4DAC-97FF-2D152007D51B, AL"
1656533187,sid-79DE3DC8-E746-46F6-B22D-5FB4EBFAA5B3,"sid-79DE3DC8-E746-46F6-B22D-5FB4EBFAA5B3, AG"
1656533187,sid-8E5E6738-7DF2-458D-90B3-51344987A873,"AM, AN"
1657411667,sid-C9921D6C-5E01-4C0B-A9E4-E8C1152F0D5E,"J, K"
1658057676,meets guidelines?,"meets guidelines?, Verify the RFQ"
165830873,sid-46FA26ED-5263-4339-AE46-8E4B3B1FA9CF,"Create Account, Proceed to login"
165830873,sid-2C439DFA-732A-459B-B67E-EAA7EDD9E40D,"Browse, "
165830873,sid-737776AA-7B63-42BF-9454-94EB7A173F5D,"Search outcome, Exclusive_Databased_Gateway"
165830873,sid-5393C9D5-0C48-458C-B72F-CDCD4B1E7DDA,"Process Ended, Exclusive_Databased_Gateway"
1658735755,sid-37727C0F-7F4E-49CE-A888-2E9621932E19,"Schedule exams and interview, Notify failure"
1658735755,sid-F8EEAD69-96D5-41D0-AC38-64E30DCBFDEE,"Recruit applicant, Notify failure"
1659747532,sid-A3EE2AA0-FCF6-4375-AD49-E72B3E09F33D,"B, C"
1659747532,sid-1EBD0E94-8C28-41EB-BCC2-8B0DEF469882,"F, H"
1659747532,sid-F98CF964-9E1E-4838-8692-1E3FA8518C9E,"I, K"
1659747532,sid-638D71D4-B0B5-422F-A943-D27BCF1F7C2B,"M, O"
1659747532,sid-724C0884-1161-4262-912F-037C5883CC2E,"P, "
1660626909,sid-C41C5D9F-B628-41A1-9F3A-4A7A5FD70105,"penalizace, check process model"
1660626909,sid-EEBF34E8-080F-4FF8-BCCD-3C4212809D00,"Perform a work according to the role, Present the project"
166081194,sid-B7FD6B02-C172-429C-815F-A66A3596CB1A,"Exclusive_Databased_Gateway, Exclusive_Databased_Gateway"
166081194,sid-D022BDAD-D095-41D7-91E1-C5F394C36103,"Exclusive_Databased_Gateway, Exclusive_Databased_Gateway"
166081194,sid-C9BBE02A-DB38-49D3-8E50-0CC7B53D23FA,"J, K"
166081194,sid-7604D214-34CD-4F5D-8567-1F1EC294E098,"P, BG"
166081194,sid-736A5FBD-1017-49F2-91D0-2403A5E98231,"Q, X"
166081194,sid-09DA1D8B-0431-4B53-9987-4295E610989B,"S, U"
166081194,sid-211A992C-860C-46BB-A1B5-F16B50F73BAD,"V, "
166081194,sid-7EB20139-FA4B-44D0-BE06-2CB4B5DDCD92,"Exclusive_Databased_Gateway, EndNoneEvent"
166081194,sid-5059E90F-A5DB-472E-93B3-BA393C12FDB6,"H, AA"
166081194,sid-8ACB4A13-4B12-4E68-9165-9EFC7BBA67E7,"BE, Exclusive_Databased_Gateway"
166081194,sid-20EDF7A5-437A-4B43-9E48-68EBD26BEAC6,"BB, Exclusive_Databased_Gateway"
1661534439,sid-99B16D1C-C272-449D-B1F4-1630BFA626B2,"Happy path 2, Exceptional Situation"
1662246858,"Does Customer still
want their
Order?","Postpone Shipment until Back-ordered Goods Arrive, Order Terminated"
1662582458,sid-02D405AB-D6E3-425F-8F4B-A437CBB62A05,"B, C"
1663003736,sid-7496E7D2-EF05-4885-A44F-03629410FF04,"makes phonecall, adds incoming mail number and date"
1663003736,new member ?,"stamps 'new member', gives charles information that applicant is rejected"
166313317,"Claim
amount","Decide to accept or reject claim, Send to supervisor for review"
166313317,"Claim 
decision","Inform customer of rejection reasons, Send claim payment to customer"
166313317,"glossary://b7a82226aa05400ba79d8983d90acc46/More
information
needed?;;","Contact customer for details, Forward claim to claim adjuster"
1663461085,sid-C99B722C-EF49-4D4F-990B-D0B82D077450,"conduct pyschometric test, Exclusive_Databased_Gateway"
1663461085,sid-A1B430E5-3FDF-41C9-A60A-6412226A32B5,"sid-A1B430E5-3FDF-41C9-A60A-6412226A32B5, sid-XXXXXXXX-XXXX-XXXX-XXXX-XXXXXXXXXXXX"
1663632097,sid-4CD35918-8FC7-40C2-9522-D1E822BCB48A,"Order a desert, Do not order a desert"
166380302,sid-80FB8182-6D95-42F7-A44E-9D98A3A59CAC,"reject order, accept order"
166380302,sid-162BB13A-3EF5-45B0-BE96-E828A5C25067,"items are in, items are not in"
1663878693,sid-94A32E44-50C2-4EAE-8D1F-71251308CC90,"B, I"
1663878693,sid-C78EA534-8EE8-4CC3-BBA1-C68C69309611,"sid-C78EA534-8EE8-4CC3-BBA1-C68C69309611, sid-C78EA534-8EE8-4CC3-BBA1-C68C69309611"
1663878693,sid-0AFE560F-E265-4971-9004-5C648AB34A0E,"D, Exclusive_Databased_Gateway"
1663878693,sid-9F87FE77-FEC9-43B5-96B9-DA73DDDFD0F0,"G, F"
1663878693,sid-4DF40696-30A9-436E-897E-567C7211C395,"F, G"
1663878693,sid-ABD90BB8-BD49-4C84-83C2-FCD7192043DE,"sid-ABD90BB8-BD49-4C84-83C2-FCD7192043DE, sid-ABD90BB8-BD49-4C84-83C2-FCD7192043DE"
1663984729,sid-1AFB7B5B-287E-46F9-9176-48D46CC3389B,"Check Credit Worthiness, EndNoneEvent"
1663984729,sid-A2937745-E5F3-45E3-A7D3-8B813FD15566,"Notify Order Rejection, Check Credit Worthiness"
1664537844,sid-EDFF2B2D-3ADD-468D-9525-8D1C6F796AA2,"D, E"
1664537844,sid-52B26B9A-CAE6-4A49-9183-171483D9E5DF,"H, I"
1665253572,sid-ADB73861-122A-4A61-8B7D-6EC73B92D558,"contact professor for possible changes of the course given date, publish the timetable online"
1665508847,sid-F331D3CB-91CB-4345-900E-6B1FD36A8C6C,"Create purchase order, Check inventory level"
1665508847,sid-1A7D6B91-0373-44D3-B7B8-3DF6DAB358DC,"Reject purchase order, review purchase order"
1665508847,sid-9EF38796-586C-4070-901E-98CB259282FC,"Receive Packing Slip, Receive Invoice"
1665508847,sid-D679E976-FF05-4A8F-B5FF-93C550DE24A1,"Send reminder, receive payment"
1665567385,sid-AFC4ECDF-637E-43FC-B0D9-69D9BBA4C82C,"Review existing Position Profile, EndNoneEvent"
1665567385,sid-2D9A8E74-00AC-4528-AD66-C50A12301003,"Send to CE Manager to Fix, Review existing Position Profile"
1665567385,sid-C0212DED-751E-4CDA-B496-F9B857BE68A8,"Determine Terms and Conditions, Determine Terms and Conditions"
1666082353,New Position for Client?,"Display Previous Position Profiles Created for Role, "
1666082353,"Sample Profile
 Matches?","Create Position Profile, View Sample Position Profiles"
1666082353,"Role Reflects
 New Position?","Role Reflects New Position?, Display Previous Position Profiles Created for Role"
1666082353,"Client has Created Previous 
Terms and Conditions for Role?","Display Recent Union and Role Specific Changes, Sample Role Specific Terms and Conditions Displayed"
1666524006,sid-7816D4E8-D07F-4F11-8FCB-033D463FB034,"Ask if Customer is willing to wait for ~5 minutes to get drugs, Enter decision into IT system"
1666524006,sid-E444A8DC-16A7-4D11-858E-D2F4DCEDE1D1,"Print out ticket with order number and preferred return time to customer, Print out ticket with order number to customer"
1666524006,sid-529C4EC8-0D25-48DD-BBBB-9CFFE98AA20E,"Ask if Customer is willing to wait for ~5 minutes to get drugs, Enter decision into IT system"
1666524006,sid-257D804F-E0C6-4FA9-BE50-0340F60FE06D,"Notify Customer about results, Exclusive_Databased_Gateway"
1666524006,sid-61265DC5-518B-49FA-915E-B5F5A07C2755,"Print out ticket with ""open order"" number to customer, Perform OOS problemsolving"
1666524006,sid-53CDC407-FB93-4BE4-9093-E43511BB9E00,"Perform problemsolvingactivities, "
1666545455,sid-7759F5C1-2C8C-462A-B045-5CF990C95DCF,"Print the certificate, Check if the certificate is the right one"
1666545455,sid-FDFCC0AC-B991-4DDA-8B71-491C8895C13A,"Self declaration, No self declaration"
1667670628,sid-6993F0DF-DE54-4C12-90FE-A32A8A459261,"J, "
1667851907,To be Released ?,"To be Released ?, End"
1667851907,Accepted ?,"Conditional Acceptance ?, Rejected ?"
1667851907,Conditional Acceptance ?,"Accepted ?, Conditional Acceptance ?"
1667851907,Changes on Map ?,"Update Map Design, End"
1667851907,Released for External Review ?,"Released for External Review ?, Already Accepted ?"
1668156553,existing?,"existing?, not existing"
1668156553,age?,"check customers age, age?"
1668156553,able to open an account?,"create customer account, do not create an account"
1670091182,sid-C5723E15-2377-4442-9FC7-7F3E8F93EC80,"docs not approved, docs signed"
1671392268,sid-BD4DC770-0F66-4CC2-B32D-BD2151DEB532,"Vendor Not Found, Add SAP Vendor Information"
1671750284,sid-E18D85A0-6118-4F15-B079-1E6A7E38296E,"G, E"
1671850404,Verified ok?,"Verify RFQ, Communicate with customer"
1672142033,sid-DD2CF1A2-FE81-48B4-A0D0-9C0C1BD0508E,"E, A"
1672787853,sid-2AFFAE71-70DE-4C9B-B230-E698F69885A6,"C, Exclusive_Databased_Gateway"
1673119668,sid-5520647E-72BC-4E29-A44B-5D8FE063E9A9,"Exclusive_Databased_Gateway, ParallelGateway"
1674225539,sid-F8328D16-8FFD-4D69-B145-DDAD62CA441C,"Q, R"
167554564,sid-58F2CB3F-8569-46F1-AC15-72AF380FEC04,"sid-58F2CB3F-8569-46F1-AC15-72AF380FEC04, "
1676831743,sid-4898661C-6E4A-400C-BA16-BB6FF492CE3E,"AH, AF"
1676831743,sid-B4BEB980-8A34-4A6A-95DA-B6E1EB90FBD7,"AH, AG"
1676831743,sid-C327FA9E-9E01-4689-BC6A-F606AFD296F2,"AH, AJ"
1676831743,sid-925C5BF5-5384-4A75-B1E0-3043D4A25476,"A, Exclusive_Databased_Gateway"
1676831743,sid-BEF01430-7C27-4B89-BC44-AC9CE38511D6,"B, "
167716198,sid-D9600D61-5C23-4170-B2C2-52D7EF6A3B15,"AQ, V"
1677822978,sid-34BB57EC-9B7C-4A3A-9965-6E54DCF7A09E,"Sort invoices by vendor, Sort invoices by amount"
1677984857,sid-DB1CF135-3498-4822-B86C-C6E049015871,"D, "
1677984857,sid-B151B5BC-8CCF-466D-B2D0-7B2DEF958A11,"F, E"
1677984857,sid-41F9A9DA-79BA-4068-AE72-B147BEDE8533,"AW, AV"
1677984857,sid-091BA60A-F0DB-4FFF-AD71-2B68EFB584FA,"AY, AW"
1677984857,sid-11E63E53-4D98-4E09-BA4B-025DC775F082,"J, AX"
1677984857,sid-DF19A99D-8137-45F3-96AD-4F6620877FF0,"Z, EndNoneEvent"
1677984857,sid-4C81E48E-1E33-4672-9494-2EF0707A01BF,"sid-4C81E48E-1E33-4672-9494-2EF0707A01BF, sid-4C81E48E-1E33-4672-9494-2EF0707A01BF"
1677984857,sid-6B6265CA-F4C1-4361-A7ED-8984FA23B8A0,"Q, "
1677984857,sid-37ACC48A-5B4B-430E-8369-DAB1B132F67A,"Exclusive_Databased_Gateway, ParallelGateway"
1678766363,sid-2D4EC889-659C-41B9-B48F-FCF0F579B9E0,"E, "
1678766363,sid-6F5239FC-5227-434B-B95B-F9D97663D13C,"J, "
1678766363,sid-913A945A-4E7B-44D9-9929-1843702A0C42,"K, L"
1678766363,sid-F3FAABD4-7F2E-440F-A63E-0A7497481E73,"W, U"
1678766363,sid-A16D770E-F0B7-4A48-8263-E6E3A5DCC157,"sid-A16D770E-F0B7-4A48-8263-E6E3A5DCC157, sid-A16D770E-F0B7-4A48-8263-E6E3A5DCC157"
1678766363,sid-A76774AB-EC1E-447C-A01F-653074691A65,"V, Exclusive_Databased_Gateway"
1678766363,sid-B0A57FF6-6DB1-4240-B225-D97CA4BA4218,"AC, Exclusive_Databased_Gateway"
1678766363,sid-4F2F5F3B-3D4A-4BC7-8D15-4E624C781028,"Y, EventbasedGateway"
1678766363,sid-6D3E72D2-F555-4004-9B71-60FFC07EBCAC,"AK, EndNoneEvent"
1678766363,sid-8F823DBB-4E56-4C4C-9328-CF32FB16D65B,"X, BH"
1678766363,sid-9320B162-8066-4513-9683-99F872A95D3A,"BI, X"
1678766363,sid-87B9957D-78BB-4ABD-A529-321CD095BF32,"BT, BU"
1678766363,sid-4FC8A027-E362-4603-B82D-286692FA029B,"BV, Exclusive_Databased_Gateway"
1678766363,sid-89D82E7C-9194-4774-A660-DD3E5E36557D,"CB, Exclusive_Databased_Gateway"
1678766363,sid-98C101E9-C176-42BE-A423-16D32A709BBB,"sid-98C101E9-C176-42BE-A423-16D32A709BBB, sid-98C101E9-C176-42BE-A423-16D32A709BBB"
1678766363,sid-83DDB6FE-DE41-4EA2-B2C5-EB94B7C06453,"CO,"
1678766363,sid-D1333C3D-43B7-4116-996E-FA138F491530,"CR, BA"
1680283022,sid-A13E2F81-4752-4492-8CC0-F1808EB113E7,"C, D"
1680297938,sid-77B75D2E-8804-4CE7-8E10-F9759016E5E3,"K, L"
1680297938,sid-90A20726-45C8-4DB9-B0B6-F05C288E248B,"H, G"
1680297938,sid-4D8BCE47-55A2-44D8-99D0-60476D69F2FE,"J, H"
1681414898,sid-9742C0A4-0D4C-4C2A-8B52-F0576E88CA30,"A, B"
1681550245,Securities ok?,"Securities ok?, Application refused"
1681550245,"Documents 
complete?","Check building documents, Acquire more documents"
1681655647,DC,"DC, BI"
1681929421,sid-AD12C6D7-8D66-4643-9E8C-885CA68E9A5A,"A, EndNoneEvent"
1682210103,sid-8135F11D-7A79-4E2C-ADDE-39FF65AAA163,"L, M"
1682689604,sid-175628F0-BA2C-4853-9686-2F7879413639,"AA, Exclusive_Databased_Gateway"
1682689604,sid-054054EB-D310-4F32-9ACF-12F5323875B1,"AF, AG"
1682825012,sid-B129C353-1491-4DD7-BDEB-F2A714A90DAF,"H, I"
1682825012,sid-2B4F2466-7C91-4FD1-B8C1-805C615E0427,"J, A"
1682825012,sid-412E85BD-706F-4D75-B67B-139704B7D5CC,"C, J"
1683015602,sid-A9DB6100-D713-4AED-8C7F-6F38C7B571E5,"Inventory Available, Inventory Not Available"
1683015602,sid-788B8F38-D26E-43A5-9B94-1D62CE21211D,"Inventory Available, Inventory Not Available"
1687101370,sid-1BC10298-20EF-4C57-B04E-E4536E2005FD,"Ask for revision, Approve application"
1687101370,sid-E5A70386-075A-40D7-926C-D36052E64064,"Ask for revision, Approve application"
168814252,d3116baf-a1fa-439c-8283-415157cb293c,"F, G"
168814252,44ebf9d8-08cd-4abf-9960-64c4b1c62e93,"E, H"
168814252,37a6fd32-f763-42e6-91d5-f9d5a17fce1b,"AF, AI"
168814252,22c640df-e2bb-4fdd-be2c-4c9c7e5c3884,"AH, AG"
168814252,cd67942e-f913-46d9-a874-85c7fdbfdd1c,"AK, AJ"
168814252,56dc12c5-9138-4039-8163-5854b688f6ad,"AL, "
168814252,b901816b-842a-436c-854d-6abba227f70f,"b901816b-842a-436c-854d-6abba227f70f, b901816b-842a-436c-854d-6abba227f70f"
168814252,572729f2-0937-435f-916c-2be1e02f3c55,"AN, AM"
168814252,b97058bf-100e-4617-ad51-9c0a236b5432,"EndNoneEvent, Exclusive_Databased_Gateway"
1688366092,"Mortagage
Offered","Mortgage Offered, Prepare mortgage documents"
1688366092,"is this 4th
reminder?","Inform Customer of close transaction, Send a customer reminder"
1689043157,sid-AE7E531C-1172-4A17-942F-2D7203229752,"L, R"
1689189559,sid-C03CE6E0-A36C-4452-807A-6B26BD92C35D,"Request is forwarded through to Content Server, Server sends client notification of failed authentication"
1689800089,material ok?,"material ok?, Perform quality inspection"
1689893677,sid-8E44BBCD-6DB4-43B6-ABA3-C9B4F812C445,"Receive quotation request, sid-8E44BBCD-6DB4-43B6-ABA3-C9B4F812C445"
1689893677,sid-FC6ABAB8-018F-4FD4-9771-116527BC7B3A,"InclusiveGateway, Exclusive_Databased_Gateway"
1689893677,sid-0B1C4FDE-4EF3-4812-9F6D-E491A4776B7A,"Adapt Quotation, Transform Quotation"
1690142313,sid-8CFD84D1-9740-4C7E-AA88-B78ADBDD64B0,"P, Q"
1690774147,sid-5DF0C9D6-38A5-4B90-8F45-85339AF0558F,"Return goods to vendor, Confirm right Delivery"
1691003571,sid-CEE34268-84A1-4610-9091-FF78A32F5529,"knowS SLA, check the completeness and tick relevant box"
1691003571,sid-D2EDC29B-B998-439D-BE4A-1F08F49159E3,"Put a red stamp on invoice entry form, Check if invoice is urgent"
1691003571,sid-C8A24371-08F9-4EED-80C7-D21AF9B05AA2,"Consider to handle, "
1691003571,sid-9A3F9DF2-0362-45C6-B009-0050843D6C7F,"sent a remainder letter, Exclusive_Databased_Gateway"
1691003571,sid-6E920B4A-60D3-462D-8E61-9988B721A942,"sent a remainder letter, Exclusive_Databased_Gateway"
1691003571,sid-F1BFB2EA-8E81-48E5-96E9-D46EB42E09FB,"No policy depents on saff, Task"
1691003571,sid-3A33662D-A347-4CDB-8563-D4CD6E397DCA,"follow-up by telephone, No policy depends on staff"
1691003571,sid-4A88A405-6BE5-4873-869A-FA02889C45F9,"follow-up by telephone, Exclusive_Databased_Gateway"
1691003571,sid-D08FB873-C06D-4B14-9A8E-CE328A33B785,"Process immediately, Look up vendor in SAP"
1691003571,sid-0873E43B-6884-45E1-AA6E-0EF794E039DB,"Complete vendor master record request form, add vendor number to invoice"
1691003571,sid-90621EB1-7FF3-45E6-87A0-6548194F648E,"Sort per vendor, Sort by amount"
1691003571,sid-5878F5B0-8F70-4319-ACC9-51FFB1E1F24D,"Creat master data record, Creat master data record"
1691003571,sid-1667A551-72A8-4125-84F4-88D62E45B7D3,"Highlight errors, check box 'invoice entered correctly"
1691003571,sid-921D8A14-C249-4A9D-9452-698FE28EFF08,"Process firstly, Task"
169137700,sid-C9EF6C80-CD32-4720-8B1E-DFBC3A8423A0,"U, P"
1691589158,sid-AF21425A-2C02-4B76-A53E-26849EDAD572,"AH, AI"
1691589158,sid-BA30825D-84AE-43A3-823E-28ADB38839C2,"AJ, AK"
1691589158,sid-B2441680-43E4-437C-8120-22739D63AE6C,"AM, AN"
1691589158,sid-337375C7-F1B0-401B-847A-24BA5AA160AA,"AX, AY"
1691589158,sid-6AF1E5C2-A53E-4F7A-BD1A-18545662FCA5,"AW, AV"
1691589158,sid-A1EA1738-B29C-4842-907D-28B969E7C98E,"BA, AZ"
1691589158,sid-A37712F9-A778-483A-BD73-9FC8D6011D0B,"C, E"
1691898819,sid-F021F91D-45A6-4118-BBBE-74E522F5978B,"BC, BR"
1691898819,sid-85147060-0101-4FE5-ACF3-453D3614E553,"BB, BR"
1691898819,sid-A1C5A0D5-6F0D-44B4-B223-379BEC2AFEA0,"BJ, BK"
1692719115,sid-1CB8DDC5-D833-4ACE-80D9-63D8569F7F21,"A, "
1692926652,sid-0E07D72E-B3E8-450F-A665-7877332D9D13,"Invalid details, Exclusive_Databased_Gateway"
1692926652,sid-C48E7204-A040-4E75-BFB7-FA9D46DEC9F6,"Enter new user account details, User account created"
1692926652,sid-AAC778F2-4A05-47C0-BAF3-1F13EB9AE7A1,"Send the user error Message, Display registration page"
1692926652,sid-94528069-DEAD-476E-8778-633CE7F0F059,"User entered details are valid, Send error message"
1693358930,sid-480E0A91-1240-4D4E-A8E1-78EA61EE8F50,"Customer details recorded, Customer agrees to buy"
1693358930,sid-CE770970-13E2-420B-9E3F-B6C5AFE52ACF,"Purchase complete, Customer agrees to buy"
1693450257,sid-0D918A11-78C2-43B4-A100-D19D24E5441C,"Make Products, Check Stock"
1693522419,sid-B9E137C7-6664-4F13-9EF3-BCABF33D34E4,"shower, breakfast"
1693897506,sid-A1379C24-4A8A-4EC6-AAE2-D1FC5719D725,"Log out all users, Check if all users are logged out of system"
1693897506,sid-E579F67D-1108-40F4-98D2-B42DD2E3B1C3,"Follow troubleshooting guide and correct errors, Restart services and open application"
1693897506,Were tests successful?,"Restore production environment from backup, user acceptance testing begins"
1693897506,sid-25A060B5-293C-4AEF-83AD-4AA816168F1E,"Note current version of software, Cancel upgrade"
1694845992,sid-1A642360-E2CB-4A42-8E7A-5599F06259FA,"Dispute Payment, Send Payment"
1694845992,sid-0DA9D840-CC47-4EC0-AC01-C61136A82C60,"Generate Purchase order with Quantity, Price, and shipping address, Send Rejection email with reason"
1695132490,sid-B2AEB6BA-A998-4F3D-9432-091627CBB530,"M, N"
1695132490,sid-A3B969D6-EA05-4133-BAA4-AD2EB1006F77,"Q, R"
1695132490,sid-6C637552-EF9D-4D75-B80E-00CC16BAAECD,"R, U"
169565489,sid-06048E98-DFB7-4D41-93F2-4F5ADD2D4195,"Y, Z"
169565489,sid-07AA0006-E10E-480D-AFEF-296313F0E6CA,"A, D"
1695808318,sid-E9688CB0-4AE8-4DF2-9414-2B84C6EACAE9,"G, D"
1696179128,sid-35C2CA38-CF6D-4BEE-9DB2-EB7D42B74401,"C, B"
1696630741,sid-EF26651F-B7AC-4066-A04A-2F07AECA8AC1,"D, E"
1697097842,sid-A5FE9F31-3978-439C-82DE-F6F3D7F671E6,"User tags the topic, Exclusive_Databased_Gateway"
1697189442,sid-06728B7A-A0DF-45E3-B2FF-7084106B02EF,"Voting completed, Voting"
169719000,sid-6A965C77-B7A1-4A00-9E3B-19DEF4D3752C,"have shower, breakfast"
1697420134,sid-3FE0846A-0129-47F4-9C2A-823900091A1C,"B, C"
1697420134,sid-9F7B2768-347D-40F7-98CB-8AFAD441F581,"G, J"
1698068337,sid-B633C2B2-0A00-48D2-892A-E84C8B5D9F59,"F, G"
1699223648,sid-ED65390F-4AB8-4EB4-939A-1F359DD46167,"check new customer, allocate customer"
1699223648,sid-63143EFE-0715-42C7-ABB8-E42EF0E84F51,"decline order, create customer"
1699223648,sid-4995F589-6B8F-4377-918B-1C6EF3E93CF2,"decline order, accept order"
1699223648,sid-629B4DC1-D5C7-4D4F-9CD0-E2E3CC63AE04,"inform production, inform logistics"
1699223648,sid-5022025F-4A0A-43C7-9F48-DF5D536A868B,"close order, check number of reminders"
1699223648,sid-A032BC3B-E267-4B7B-9D10-8AD3FA8FE57C,"send reminder, start dunning process"
1699444521,sid-1376C3FB-4F61-496D-AACE-C2461415179D,"N, H"
1699444521,sid-2D7E7BD0-00AF-47B1-AF69-D68272C945D6,"M, H"
1699444521,sid-BCC52086-5132-472C-897F-DCE1B089E5A2,"L, E"
1699909157,sid-E17D3038-5212-4229-BA9D-DA75A70037D7,"Attached Invoice entry form, EndNoneEvent"
1699909157,sid-F764351E-0D06-4EDA-8DEC-262F3A431340,"Invoice sent back to client, Enter Processing date according to SLA"
1699909157,Urgent ?,"Mark as Urgent with Red Stamp, Enter Processing date according to SLA"
1700062808,sid-34A77BFA-9EF7-469A-BF40-9F0457433386,"E, F"
1700421960,Go public?,"Go public?, Gather Department Requirements"
1700421960,Keep searching?,"Keep searching?, Gather Department Requirements"
1700444752,sid-3BB81E71-25B2-48CD-B384-0EDF62A26A30,"Reject Purchase Order, Exclusive_Databased_Gateway"
1700444752,sid-CC6A7CCE-B4F9-44A4-AD30-10DD1A66CB04,"Create Purchase Order, EndNoneEvent"
1700725404,sid-7B5C8DC7-BC44-43C2-AF73-5CEB17C8244E,"Create Purchase Order, EndNoneEvent"
1700725404,sid-2D4CED5C-E4C1-443D-AB53-FD99AF2B79FD,"Rework Purchase Order, Reserve Purchase Order Funds"
1702229509,take application?,"take application?, check for application acception"
1702229509,application successfull?,"receive rejection, receive invoice"
1702584357,sid-6DA46B4F-28A9-43F5-B9CE-84517F9C7B82,"Equal to or below minimum Report, Above Minimum Report"
1702584357,sid-82035DB0-C10A-4C30-926C-E87A7D3D8A3B,"PO reworked, PO Printed and released in system"
1703301646,sid-7EE22F1B-28CE-4942-ABB9-FE7E69B5245C,"L, Exclusive_Databased_Gateway"
1703301646,sid-355584F5-7557-48CF-B0C8-AD8BDF84FC2D,"D, E"
1704389586,Links to either information providers or another DS?,"Requesting detailed Info through the URLs, Sending the earlier query through a link to another DS"
1704389586,"Data of an particular object ID for the first time?
","Storing and updating the detailed info of an object ID, Updating the key events onto ADS"
1704389586,Query or Reqest for Negotiation?,"Negotiating for a trust relationship, "
170563037,"Is this the
the third
reminder?","Is this the third reminder?, Inform Customer"
170563037,"Mortgage
Offered","Prepare Mortgage Documents, Inform Customer of Rejection"
1708154125,"Meets
Guidelines?","Produce L&M Cost Estimates, Communicate with the Customer"
1708919754,sid-567AD07A-FF41-4ECC-BED3-D11ECF00CA66,"I, K"
1709283431,sid-2AC47C07-4B7B-49A8-A1C9-AF7588F91130,"confirmation, check booking attraction"
1709283431,sid-B878BA6A-21AE-4A6C-B689-3161AEBDE7FD,"confirmation, check booking attraction"
170928774,sid-3DBBB021-6999-4105-8F16-9BD3AD25ECDB,"End, Acknowledgment Received"
170928774,sid-9C4891B8-376A-448C-B3B3-F76C9098FD0F,"Acknowledgment Sent, Acknowledgment Sent"
1709487769,sid-FDA0C9C4-3578-4D7D-A29C-78CAE7CE0654,"B, C"
1709487769,sid-3FAAEF41-97BA-471F-804C-1B0650507F6A,"G, H"
1709487769,sid-FB53630B-28B7-4ED8-9C23-88422708803B,"C, D"
1709487769,sid-B3828265-50A4-47F0-9FD4-A68A29209F56,"C, I"
1709660316,sid-5FF793FF-5D60-4870-A404-4892AB627377,"Successfully logged in, Failed log in"
1709660316,Checks login data,"Failed logging, Succeed login"
1709660316,sid-CCF7ADF4-6CDB-4B83-82EE-F30DBF097032,"Negative balance, Positive balance"
1709660316,Checks login,"Successfully logged in, Failed login"
170977295,sid-524C6A3E-996C-46C7-B041-6EBB6C2476C5,"Edit Code, System Ready"
170977295,sid-B4B42919-0804-4F54-8967-0EDCA7565F52,"Accept System, Reject System"
170977295,sid-D8648308-E967-450A-8E0B-10BE9551472A,"Idea Rejected, Idea Accepted"
1709962477,sid-CA3C2FDB-4AE4-4074-ACBD-C14341D2FC0A,"L, K"
1709962477,sid-35CE3237-E293-4310-907C-2D8E6155CD2F,"P, Q"
1709962477,sid-9618851C-58BE-4389-8547-3291448D5C82,"N, O"
1709962477,sid-AECD3B23-E672-426C-BF7C-FB2A454CD2D7,"G, I"
1710542333,sid-E9784D76-FE12-457D-94AB-F0177D71EC26,"Close problem, Create report"
1710542333,sid-80A7BFF3-5D65-4110-B42C-DD7AE76B768D,"Create ticket, Send answer"
1710542333,sid-772A58EC-714C-4AE6-A88C-463F622D82FA,"Contact customer, Create ticket"
1710542333,sid-CFE8DD70-B11E-4081-B2C8-854D464CC312,"Solve task, ParallelGateway"
1710774904,sid-0814B6F8-9C77-496C-A39E-2F85EAA12A91,"Create patient file, Close case"
1710774904,sid-3DF21F2A-138A-4591-A409-12957CBE6361,"Ask for medical file, "
1710826279,sid-96BBCB88-4127-4955-8391-EA3B17E39945,"Check Enter a new Address checkbox, Determine if a differing Postal Address will be provided"
1710942972,sid-15FA00FF-ED42-4CB1-80CB-30A4087348F2,"O, P"
1711779875,sid-11323CFC-F24E-4809-ADC9-C686876FCF09,"W,"
1711779875,sid-1481EBAF-6244-4640-AED0-2636169702BE,"Z, X"
1711779875,sid-9EC07044-8072-4C95-B092-92110C84D40D,"AY, AZ"
1712837039,sid-7862FBD9-EBFD-4C48-AF95-B363AB16393B,"H, A"
1712837039,sid-BD238129-B11F-4A47-9173-B9BA12E0F6A6,"Exclusive_Databased_Gateway, ParallelGateway"
1712837039,sid-2FE1697F-269E-4594-A0AE-4C10BA5C2F0C,"E, C"
1713170165,sid-1AD607F7-1798-494F-A0D9-A1101A80660A,"Individual, Professional"
1713170165,sid-05C21F05-D6FB-4558-A1C5-9C61FBC70D11,"New Trading Name, Existing Trading Name"
1713170165,sid-5AAB87CD-69BF-45D9-A22A-0A11B2BE5300,"Partnership, Company"
1713170165,sid-BCD51126-9FD1-4A19-B770-C881ABF50188,"Buy, Rent Lease"
1713170165,sid-35096042-77AB-4D4F-B8DB-F520F4BD14AC,"Location and Availability, Location and Availability"
1713170165,sid-F42E0F36-6367-487A-BA2D-2588CFF4249F,"Liability, Work cover Insurance"
1713170165,sid-B6148202-4F42-4123-9003-BE913AC3AB20,"Self Funding Venture, Create Business Plan"
1713170165,sid-0565752F-23DC-44F7-9354-8F982CF44E1C,"Government Grant, Bank Financial Help"
171371933,sid-2D61D278-9307-4959-8F11-D84C81C6CD1D,"I, J"
171371933,sid-D97DF2D5-95D8-484F-B1D7-B47A916FAF56,"L,"
1714347345,declined?,"complete, case details updated"
1714347345,complete,"complete, declined?"
1714347345,write back?,"write back?, other gateway name"
1714864350,sid-1CB7B984-B61F-4845-924E-7F0BCF1F0B43,"End Process, PURCHASE ORDER IS CREATED"
1714864350,sid-7FE01228-284E-4479-873B-A169EF179593,"REWORK THE PURCHASE ORDER, PURCHASE ORDER IS REVIEWED"
1714864350,sid-FE743490-C7EF-4182-9E33-E459ED3EBBCD,"END PROCESS, PURCHASE ORDER IS CREATED"
1714864350,sid-73EE2EB8-ABFD-42C5-A038-4563207F43DC,"REWORK THE PURCHASE ORDER, SEND OUT THE PURCHASE ORDER"
1714864350,sid-B2928E8C-700F-43DF-A478-5FA2CFC20F85,"SEND INVOICE, SHIP PRODUCT"
1714978021,sid-69102ACA-2995-4123-BBEE-6EEAA54BE523,"Repair hardware, Hardware OK"
1714978021,sid-8C1887FB-B257-41B5-881F-6754AA870E51,"Hardware is OK, Repair hardware"
1714997924,sid-D546EB34-0FFE-4CD2-9DEF-2DA034F6F19B,"drop applicant, Collect Referee Report"
1715812589,able to fix?,"test the computer, inform customer"
1716186259,sid-B4677B69-2AA4-46A8-A1F5-8AFAE73DA3C9,"AJ, AN"
1716186259,sid-BC230453-BA78-4209-8EFB-26A676FA9713,"AK, AN"
1716186259,sid-84B954D2-9DF3-4CF1-9055-26559CED4498,"AO, AP"
1716186259,sid-50388089-8C34-4A7F-9B1B-13F9F19BA104,"A, N"
1716186259,sid-4B65B4CA-254B-4E45-A8CE-ADEFD5E65BF8,"L, M"
1716186259,sid-8F41DE65-5D88-4977-A47C-51860B03116A,"P, S"
1716186259,sid-A3E99A57-B69E-4D75-AC35-758221776E96,"T, U"
1716186259,sid-802EA745-1400-4A93-9346-09318CE6C6CC,"C, G"
1716361517,sid-721E17C2-F656-429E-A1BF-9C6AE4C64501,"A, D"
1716361517,sid-C60DBDF7-943B-43D7-8AFD-37584846326C,"B, E"
1716945822,sid-12E1BD90-46F5-4548-AFB0-4C832C6B5D17,"C,"
1716945822,sid-C5B9300B-A09E-4D1F-A1C2-3AB0E86C78AE,"B, "
1716945822,sid-F6667FA2-671B-43F7-9A60-386AAF99EB6F,"B, F"
1716945822,sid-DF55616C-3E1F-4A53-B8F5-3CB8AA0D3987,"F, E"
1716945822,sid-FAA22D9C-D234-459E-B23A-4B0EE7F89C85,"H, I"
1716945822,sid-254533AF-5845-4F71-B4F8-D5FE93FA1A2A,"U, J"
1716945822,sid-A2D17B77-A422-453C-98F1-F1AC2E98427A,"BH, BI"
1716945822,sid-ED6AE7CE-AC77-4C8C-9CF0-BF2828D5869B,"BG, BJ"
1716945822,sid-6475E95F-A49C-458F-A471-A23EA48B4F1A,"BP, BO"
1717238058,sid-F53EA4B7-B957-44DC-BC1F-1737BECDEF18,"reparation ok, Exclusive_Databased_Gateway"
1717238058,sid-7960E8FE-1645-4B5B-AF88-5F73E0D386F9,"repair hardware, repair software"
1717598525,sid-6205095F-FFB9-4627-82A1-7146BE9EDE6E,"D, C"
1717858062,sid-7F2AAE1B-4C42-49E3-A557-243CD1F6A224,"Open New case, Retrieve case history"
1718117532,sid-5E79AF51-5ADF-4CDE-8A45-85E0727044FB,"EndNoneEvent, EndEscalationEvent"
1718117532,sid-08464597-3984-40A8-A5A0-DB5EBB84C950,"Check Deadline of 4 business days, information about rejection or confirmation"
1718117532,sid-6B005FD5-B1EE-4B2C-8E7B-FA45B826A299,"Check Deadline of 8 business days, Check Deadline of 16 business days"
1718295433,sid-D0C75EEC-0D40-48B9-AA29-422C739C660B,"sid-D0C75EEC-0D40-48B9-AA29-422C739C660B, sid-D0C75EEC-0D40-48B9-AA29-422C739C660B"
1718295433,sid-2B5F75B4-58AD-4704-9BB7-FF8950401539,"Send denial, Send proposal"
1718295433,sid-CA0F6C73-352B-49D4-B40A-76760B491DE2,"Issue loan request to rating agency, Send denial"
1718295433,sid-8F838541-FC53-428B-99DC-1D8F691150F7,"Check security, Send proposal with interest = 15%"
1718295433,sid-EA74CCA7-13F2-4F42-BF27-B161B160A743,"Give negative answer, Give positive answer"
1718479051,sid-AAAF48FB-B3F1-49D3-AD6D-2D72C79AC41C,"Put the script to ""current time"" slot in box, Put the script to corresponding timeslot in box"
1720137403,sid-3361294C-18C2-460C-B58F-D609DCF7E3CE,"B, A"
1720137403,sid-9782BF32-19A0-4816-B8CC-593CB7BD9653,"B, D"
1720137403,sid-A2439E4B-D55E-4394-8728-44CB98F32859,"E, H"
1720137403,sid-81D229B8-858A-4F70-A1A0-2B7709B13555,"M, L"
1720137403,sid-5563DF17-E3C6-4382-B62F-127ABC247EA4,"N, Q"
1720137403,sid-1FBB3EA1-A1EB-4A8E-B33B-FCF7012C8958,"T, S"
1720137403,sid-12A104E2-080A-4F09-8367-F7F9E71241F3,"T, V"
1720137403,sid-A1E3120C-7C33-476B-A5BD-12013E8E8414,"W, Z"
1720137403,sid-8F1F07CF-EDE2-475E-B5B0-33219AD2A38E,"AI, AH"
1720137403,sid-2B1CDEBC-4955-4D48-B4AB-C81F58E81BF5,"AG, sid-2B1CDEBC-4955-4D48-B4AB-C81F58E81BF5"
1720137403,sid-AEF5FC75-D986-4BFC-94BF-613C968A4A0D,"BJ, "
1720403983,sid-C15EAA7F-E2AF-48CA-8203-ECA55CF7C03E,"Notifying the client of its identity and availability of the info for a particular EPC number, Receiving the client notifications from the DS"
1720521300,sid-59A128E6-0E1C-41E9-8D86-000D0FC0E893,"Gives an order to fetch alcohol, Exclusive_Databased_Gateway"
1720521300,sid-8030819B-C99E-43AB-AE28-4FFCBA468E8D,"ParallelGateway, Exclusive_Databased_Gateway"
1720607649,sid-0127C94A-D220-41CD-8E3C-3B369D29D380,"invite professionals to attend the exam, reply student"
1720607649,sid-B3B79663-27BE-47B9-985E-9F32FE79FFA8,"fill the files and send to central office, fill the files and send to central office"
1721269458,sid-BCB73B73-43F6-4100-8295-F8470FD1854E,"Q, P"
1721269458,sid-F04F9007-2451-4B54-A814-6CDD8EA2165C,"sid-F04F9007-2451-4B54-A814-6CDD8EA2165C, EndCancelEvent"
1721269458,sid-A956214A-2CE5-4E75-B336-9CD64FDD8965,"B, G"
1721269458,sid-2A23260C-FB07-4BD3-98E4-461118DF3040,"C, K"
1721269458,sid-C60F97B3-D1DF-4146-AA1A-BB467BFC18DE,"F, M"
1721269458,sid-D6BFB799-7CD1-4EFF-A82E-81DC0B266B69,"H, S"
1722568007,sid-CB8665DC-5C6C-4A87-B042-9267CAEF9DB6,"AA, Exclusive_Databased_Gateway"
1722568007,sid-BBFB465D-5F43-45A9-AD68-7B5898F35E62,"M, Exclusive_Databased_Gateway"
1722693278,sid-FC57771B-873D-408E-A4B7-5DEFD95D1567,"O, K"
1722693278,sid-FC51ABB7-6370-4A89-9318-2688F0253E27,"I, E"
1723239912,sid-86928EF6-6902-4796-AD56-2CC91633040F,"create new bank account, fill in the form"
1723239912,sid-BECE01C7-D925-49A4-B4DC-F65F703E4201,"reject request for loan, accept request for loan"
1723239912,sid-6C88AEBF-8EE8-49D9-B28C-5544BE347395,"reject request for loan, accept request for loan"
1723239912,sid-EF51C9A0-B38D-4847-A06D-AAD07283A9C4,"recomandation reject the request, check history of client"
1723239912,sid-8C0BDC8F-32CC-459E-AB43-6F9A37AD93CC,"property, recommandation reject the request"
1723239912,sid-D7B6CC55-3980-483D-8F77-6DCB66010CB7,"recommandation reject the request, recomandation for accept the request"
1723390826,while2,"shippingEstimator, check"
1723390826,orderCheck,"orderFailed, orderTask"
1723606443,sid-AEE17AF2-37E5-44F1-98D2-29AC004C2C59,"Identify it per Excel file, Check SLA per client"
1723606443,sid-1C65BDF4-21B6-4B8C-AABF-7615BF176EBA,"Highlight and place red stamp, Exclusive_Databased_Gateway"
172446928,sid-5E8D721E-5DEB-4442-9D6F-E825B1DD556E,"Enter Personal Details, Enter Business details"
172446928,sid-ED29224E-FE94-4B04-BCBB-2923672AC222,"Data Invalid, Data Valid"
1724596740,sid-00B4017B-30FD-4A5E-982C-5EC6F39AAB97,"AC, AA"
1724596740,sid-B1C5B6CA-1198-46F7-994E-85BE481A4F73,"AD, AJ"
1724596740,sid-1405CF6B-5ED6-44AA-8750-0F6433789BEE,"G, AK"
1724596740,sid-F2A6DB53-B586-4A36-A92A-39EB4665F296,"F, "
1724596740,sid-95A02B2A-F04A-437E-ABFE-D4378E5BE68E,"AL, AO"
1724596740,sid-E0551E72-6DFA-4A27-A01C-937DD3BF4C5C,"AM, AN"
1726593670,sid-8A5BCC19-44FE-4EA8-BA54-08A0E3D161FB,"C, B"
1726593670,sid-150462DB-74EA-4A5E-BA5C-4E7C21D66E5C,"E, Exclusive_Databased_Gateway"
1726642677,sid-14C7DE3E-FBAC-41EF-ACCF-C078B51F30B7,"C, D"
1726642677,sid-BCAAEB3E-DDA3-4E9F-B8F2-0E426F77EDC2,"E, F"
1726642677,sid-D40C4ECC-23FA-4A83-A2E9-1D986B7C43B5,"J, L"
1726642677,sid-054C1D21-6D7B-4205-B8B1-19A3DA4CE9F6,"K, N"
1726642677,sid-797FFB5B-32B8-4FC9-AE0B-D167B579DA62,"R, U"
1726642677,sid-733B36B8-C51A-4CED-9FF9-FAE3AE5A377A,"S, T"
1726642677,sid-D28E38F8-EC6F-46F0-915B-0B33DFABC66E,"AB, AC"
1726642677,sid-587F60AD-2FC5-441C-8D62-284D8FF0A652,"AD, AE"
1726642677,sid-F7D265CA-2CD8-458B-8AFA-F1D6B2E5239C,"AK, AL"
1726642677,sid-74FF21B8-8D38-47F5-B18A-847780B9B159,"AN, AO"
1726642677,sid-676F74A8-5DEF-45D5-8E72-7C6FAA147054,"X, AP"
1726895112,To buy or not?,"Don't buy, Continue evaluation"
1727967488,sid-69F23604-C7A2-4110-8189-9872C33B0E49,"R,"
1727967488,sid-394246EA-0270-495F-B039-054C945843AD,"E, P"
1728689808,sid-A4D5358D-647F-4493-8E62-BC9773F7681A,"J, K"
1728714190,sid-DE8CEA78-B886-491A-9FDC-E3B5B53E6919,"prepare form, collect receipts"
1728714190,sid-976AE5ED-AD72-4858-8FB1-9876CFEB1C2B,"notify invalidity, add to list of docs to be signed"
1728714190,sid-6041ACD3-E04F-4AA1-9EA4-BDC3416DD102,"evaluate documents, evaluate documents"
1729124947,"Is the critical level
reached?","Send order to distributor, Find the nearest warehouse"
1729176928,okay?,"check availability, inform customer"
1729176928,sid-39632665-A0A0-4F75-97F4-1B8E7039AA6D,"authorization check, Exclusive_Databased_Gateway"
1729176928,wholesaler?,"create new customer, inform customer"
1729176928,paid?,"paid?, check payment"
1729176928,sid-8EE72465-54C0-4ACE-B69F-7B2AD2000EE3,"send a reminder, start dunning process"
173053178,sid-D06BE11D-6514-4DB6-840E-D7EEF4B6C7A3,"D, C"
173053178,sid-9CC213C8-2628-4F0F-8329-04F0923D5508,"F, E"
173053178,sid-0150ED71-7FDC-4145-ADF7-D4F02874259A,"G,"
173053178,sid-5671D2E7-3BA3-4BC4-A3B6-00419BF825B2,"Exclusive_Databased_Gateway, EndNoneEvent"
173053178,sid-B145B5E4-DF24-4CBE-B28F-4C65B3774E04,"Z, AA"
173053178,sid-53AF16F5-0283-4AFF-BF4D-57BA842AFB20,"Exclusive_Databased_Gateway, Exclusive_Databased_Gateway"
1730604947,sid-2FFC40C8-0145-4055-9421-381DDB961E81,"book attraction, send unavailability message"
1730604947,sid-88AB82BD-383C-4C26-B451-FE6FE0185F46,"Exclusive_Databased_Gateway, Exclusive_Databased_Gateway"
1732507156,sid-8DEA809B-B74F-48DF-9210-73E93968A0F7,"Archive data, Exclusive_Databased_Gateway"
1732649432,declining the mortgage,"update case details, check information"
1732649432,info complete,"move case to administration, sending a message requesting documents"
1733039019,"Price/Service 
offer accepted?","Price/Service offer accepted?, Prepare price offer"
1733039019,"Reciver reached
at home?","Mail delivered, Delivery attempt"
1733478860,sid-A3C17359-E227-44A1-B958-4871DE8BE66A,"Create Purchase Order, Check Inventory Level"
1733478860,sid-299B4FC8-EEBD-449B-A615-5FAE4754EE9B,"Rework Purchase Order, Reserve Funds For Payment"
173382283,sid-292A3E17-4784-4D4E-9559-88EF7A41DC10,"Reject, Accept"
173382283,sid-3074B431-8256-4F6A-B1F2-6419646A6292,"Part available, Part not available"
173382283,sid-35F2EA06-FFAD-4996-AD64-4286B545B74B,"List done, start shipment to engineering department"
1734112208,sid-D2D89649-B033-4CCC-B2D3-F316A6269D15,"agree with operation, sid-D2D89649-B033-4CCC-B2D3-F316A6269D15"
1734112208,sid-4F31F6CD-4062-455B-A65C-2D34161AADD5,"agree with operation, decesion operation needed"
1734131365,sid-9BE7AD3A-B046-402D-B1FB-E5EF7AA01909,"Amend baggage information, Check entered information"
1734131365,sid-BA4B3692-D3CE-4F08-B498-ADF895EC7E4E,"Confirm details and continue, Enter contact details"
1734498085,sid-0A0D1B3E-D779-4598-9063-B44FDC87039B,"AF, AC"
1734498085,sid-81A024DE-D3D6-4DE1-A806-F75839651810,"O, N"
1734498085,sid-73F7F63F-5DDF-494D-8AB5-8C114B6672A7,"Q, AF"
1734498085,sid-FA11C625-0B3B-407D-BF2D-13A7CA2DEBEA,"sid-FA11C625-0B3B-407D-BF2D-13A7CA2DEBE, sid-FA11C625-0B3B-407D-BF2D-13A7CA2DEBE"
1734498085,sid-7FEBF5AA-B492-4495-A605-30E7B2B85FB9,"U, V"
1734498085,sid-CF8E14BC-24E2-4020-B425-EEC43117EA8D,"Z, AA"
1735041253,sid-9A09D1E9-AEC2-4072-AEA5-F8D90717C60C,"check process model, penalize"
1735041253,sid-6D965FF3-574D-41A5-92DB-7B5393A03570,"perfork work on project according to role, defend the project"
1735538886,sid-1C158A73-5ACF-4E08-B0BC-F5697902BF8C,"Choose compensatory product, Pay agreed amount"
1735538886,sid-B2157E92-9CBA-4D3C-B75A-A605F23A930E,"Create written justification, Determine fault type"
1735538886,sid-483F8501-FD8A-43E2-B9D2-E4A721D1EBD8,"Repair fault(s), Exclusive_Databased_Gateway"
1736058803,sid-FBB0D6C9-3288-4125-BBD0-8ED5694C75F7,"C, I"
1736058803,sid-4604AAF1-12E7-42B2-993F-239C9C97C41C,"D, H"
1736058803,sid-6125D56D-2719-4F5C-9B40-504B88B13BF8,"E, H"
1736058803,sid-4F392C17-DCC0-4F3B-A376-187140A93343,"EndNoneEvent, Exclusive_Databased_Gateway"
1736341772,sid-679DD646-90E9-4BF8-B2C1-876525F9B622,"Identify the established position, Comunicate"
1736341772,sid-56BF59DA-8EE2-4C25-85CF-D949ED137C11,"Update Position Profile, Verify Position Profile"
1737021627,sid-7325426D-9DF5-41B3-8428-13784B40629A,"AC, AD"
173703609,sid-CEA42D41-8E67-4B8A-AC71-AAF33DD8BE24,"K, O"
173703609,sid-62AB4299-B6F6-4398-A87A-54AF54129905,"F, C"
173703609,sid-6313B94A-752B-4654-8251-56E30BEC03E8,"C, I"
173703609,sid-D4500C95-2605-42F0-A4F7-08D85FE53932,"L, C"
173751194,sid-D38CFD05-0EB0-44BB-95E4-F7761A387A4C,"D, L"
1737814035,sid-34C2D23A-DC45-439C-96CB-AD1632E81EBE,"K, M"
1738523053,sid-0C8AD684-E8BE-4FB1-84CE-469E467D5516,"W, X"
1738523053,sid-EF10BF7C-5DF3-42F6-A66C-6BD01094A971,"V, Z"
1738639566,pricing and terms?,"Inquiry about product availability, Submit Purchase Order"
173886890,sid-B2350C8B-02D1-4806-B29D-1F2C33E15C80,"J, K"
173886890,sid-A3302CE3-1981-40C2-84BF-01F3B6DDA6CF,"H, N"
1739442461,Is there a known solution?,"Provide caller with solution, Send to engineer"
1739442461,Are others having same problems?,"Research workaround, Back out Change"
1739442461,Is there a solution?,"Move to Problem Team, Implement Solution"
174019403,sid-1BEC68EB-61AD-4E90-9271-CACB94EC4FAE,"F, G"
1741736823,myEventBasedGateway,"myTimeEvent_60minutes, myMessagreEvent"
1742275842,sid-1D5C024C-83A7-403F-8424-8993C94AF673,"sid-1D5C024C-83A7-403F-8424-8993C94AF673, sid-1D5C024C-83A7-403F-8424-8993C94AF673"
1742275842,sid-D5C4ACE9-7B8E-4A41-AC89-3B2F4AD9C5BD,"Go to 'forgot password' form, Go to 'login' form"
1742275842,sid-07416D81-5717-4AE9-85F5-020280E7A9D2,"Verify successful, Verify failed"
1743091491,sid-69B1F8A9-8D3C-4FB6-8447-959E867D59F9,"N, M"
1743091491,sid-51608F4D-1783-46A9-B05A-D105B3F403EF,"U, V"
1744141990,sid-2946AC6D-2C08-4DA4-9568-B2410422BF4E,"Take Shower, Eat Breakfast"
1744141990,sid-BAF0E8C7-AD5A-4176-82FE-691CE158E8B4,"Get Up, Continue Sleeping"
1744611025,Order Value,"Contact Distribution Manager, Check Credit Limit"
1744611025,Payment received,"create Payment reminder, rework Order"
1744611025,"Existing?
","Check Customer Status, enter new customer data"
1744611025,sid-343FC7C6-C54E-4121-B9CA-43BDC1D24218,"Use existing Data, Use existing Data"
1744789948,sid-C84319FA-7701-4EC3-8B44-97363E35C84E,"Perform work according to role, Defense project"
1744789948,sid-F9713824-FA3D-4D50-881F-89A73CCE4791,"penalize, Extend process to level 2,3"
1744988261,sid-37D7F4A6-1A66-43FA-B011-8777D67F45CF,"G, D"
1745058074,sid-701CCF6C-9F13-4264-8277-C5D3CB9AA183,"Manually handle request, Check request"
1745567946,Still valid Service Request?,"Still valid Service Request?, Problem solved?"
1745567946,External Service Needed?,"Contact Internal Service, Contact External Service"
1745567946,Problem solved?,"Still valid Service Request?, Close ServiceRequest"
1745567946,Inform Client?,"Inform Client, Evaluation of Work Done"
1745567946,Passed tests?,"Passed tests?, Close Incident"
1746063563,month income between 2000 en 100.000?,"month income between 2000 en 100.000?, Under 25.000?"
1746063563,Under 25.000?,"Under 25.000?, month income between 2000 en 100.000?"
1746290271,Material Ok ?,"Store the materials in the right location, Wrong Material"
1746401169,sid-5A125B3E-3A0E-4937-9D0B-716C19700239,"Assign penalty points, Check process model"
1746401169,sid-D2C9C8C1-5706-4C39-B393-567ECF200EB0,"Perform work according to role, Present your project"
1747680680,sid-6EFFADB2-FD97-4EE8-B39A-834E10CFD653,"Since there are no listed successor or predecessor names for the specified gateway, I will provide two placeholders as requested. 

Output: Placeholder 1, Placeholder 2"
1747680680,"Article 
Helped","End Process, "
1747680680,sid-13D46A74-1202-4FE6-A169-47FF39D9DDA7,"End Process, Customer Places A Order For Software/Hardware"
1748499948,"Resolution 
identified?","Escalation, Incident Recovery"
1748657274,sid-04B5013A-648A-4552-8D92-1D1731B7B7DA,"E, N"
1748684979,New Records found?,"New Records found?, Check CRM if new returns are filled"
1748684979,New returns?,"register defaulting accounts and customers, Produces new table of defaulting accounts"
1748684979,sid-B2E99AE5-CD23-4286-BDBE-78F9C726A150,"send message to supervisor, check if new returns are filled and reconciled"
1748684979,sid-79E8BA7F-9CAB-4549-9EB5-83C3626A51D5,"Msg to Supervisor, EndNoneEvent"
1748953658,sid-AF3F6F08-7C98-4455-9B7E-D2B3D841B968,"check contacts list, group be selected by meeting manager"
1748953658,sid-662D49B9-CED7-408B-8567-9EBFA890B789,"accept invitation, check contacts list"
1748953658,sid-A5A9D4A8-5DA9-4580-AE56-7EDE27C16E69,"Arrange software, Check software availability"
1748953658,sid-15156324-CE83-4B67-9B96-928BA57F2975,"Check existence of contacts, Select the group"
1748953658,sid-998B77AC-8EF9-4A4D-9C68-4ADA7D472D81,"Search contacts, Check existence of contacts"
1748953658,sid-99E3E2D6-B8F1-42E1-8F55-0BFE084492B0,"Success, Failure"
1749124374,Applicable?,"Notify Subcontractor of Advertised Position, Publish Advertisement"
1749124374,Required?,"Facilitate Round 4 Selection, Facilitate Round 3 Selection"
1749124374,VER Taken?,"Investigate Redundancy Package, Negotiate Terms and Conditions"
1749795522,sid-F66C18ED-190C-484D-8B0E-83D9690384D8,"E, G"
1749795522,sid-036194A9-D81B-49FF-BFA6-1EFAA2292B59,"H, G"
17500728,sid-9EB1EEE4-FBE1-4789-ACC6-05EA90B41034,"Perform to recording to role, Detens project"
1751052687,sid-6225E8CA-93F9-4F88-9E40-78A29815A185,"Purchase verification and adjustments, purchase requisition"
1751052687,sid-A97EE41D-3140-4647-B157-1F5264A895DC,"Create New Vendor, Purchase verification and adjustments"
1751052687,sid-7845A74A-1580-463F-9E45-16D16CC5E275,Declined - Order Sent back for reevaluation
1751052687,sid-391C49A8-3E47-4DE4-82A7-96DA1A998CD9,"Resolution Center, Weight and Temperature Control"
1751052687,sid-DA7127E5-9399-4CE0-ACC4-4F2774C8FD9B,"Ingredients Received at Warehouse, Resolution Center"
1751052687,sid-46481C66-41C0-4C74-9928-879AEA0A04ED,"Resolution Center, Weight and Temperature Control"
1751863681,sid-F371A2A5-9538-423C-A9B6-AB3D7F35868E,"Connect to the internet, Select the registration button"
1751873725,sid-85AF7D99-BD53-4CB3-8516-8BB03EE8DB4C,"A, B"
1751873725,sid-5C3915FC-9F0A-41BE-AC8B-E1FD82BB73B6,"K, D"
1752363990,Incident?,"Incident?, Request for change"
1752363990,"Request 
for 
change","Request for change, Request for Information"
1752363990,"Request 
for 
Information","Service Request, Request for change"
1753657768,sid-3309C407-E92D-4EF8-8914-67E5766EF856,"undergo a psychometric test, Exclusive_Databased_Gateway"
1754314138,sid-94A9DD25-D9D2-423E-B3CC-8FEE33951FA7,"B, E"
1754360703,sid-E7868726-A4F0-475B-8629-D2902B9408CC,"O, N"
1754360703,sid-4A31AA40-11F6-40AF-BA63-8D2D8A80888B,"L, M"
1754485376,sid-C191332F-AE81-4EA2-9241-E9B113F27604,"C, E"
1754573033,sid-26B6C15A-945B-451F-BE41-E125C1E21D6F,"E, F"
1754916259,sid-3BFB6C80-2ECB-44CB-83D1-8E3C6DDDFF72,"E, C"
1756146417,sid-5A54F0D4-AE63-42EF-9C1B-AA1DB2B9EBD7,"STORE CASH, REJECTED PO CASH IS SEND BACK TO CLIENT"
1756146417,sid-44461B55-FC61-4739-AFA0-F32D01094D4D,"ACCEPT THE PO, REJECT THE PO"
1756146417,sid-A7E58BA4-141E-40D9-8809-F4CD83889949,"NEW CLIENT, EXISTING CLIENT AND PART OF PURCHASE ORDER"
1756146417,sid-1AE03A88-EADF-4A86-8B70-6D6B7B363260,"SEND PO BACK TO CLIENT, CHECK IF PART OF PURCHASE ORDER"
1756146417,sid-323FD43F-8E1C-4502-AEC0-AFFCBE7EE339,"ACCEPT WITHIN 30 DAYS, REJECT OVER 30 DAYS"
1756146417,sid-7EE27DB4-15C3-4178-A1A1-8C41D50A4647,"REJECT THE PO, ACCEPTED THE PO"
1756146417,sid-75015E5D-CFF6-41D5-9005-15B7819C4D35,"QUALITY CHECK IS PERFORMED, NOTIFY THE CLIENT AND SEND THE PURCHASE ORDER CONFIRMATION"
1756146417,sid-634CF9ED-495A-47F2-8695-61EA2EC58898,"LETTER SCANNED, PURCHASE ORDER SCANNED"
1756214301,"Are Enough
Details
Provided?","Contact Customer for More Information, Forward Claim"
1756214301,"Accept or
Reject Claim?","Letter of Rejection, Make Payment to Customer"
1756214301,"Is Claim
Amount
< $2,000?","Send for Review, Is Claim Accepted or Rejected?"
1756214301,"Is Claim
Accepted or
Rejected?","Is Claim Accepted or Rejected?, Is Claim Amount < $2,000?"
1756944813,sid-D415A381-780A-4925-9439-EDE12CE12AEF,"BB, BK"
1756944813,sid-B5BFC582-75F1-45FF-BC0B-6728A435717B,"BD, BE"
1756944813,sid-CC8DCE06-49AC-44CF-A099-854A7725E492,"sid-CC8DCE06-49AC-44CF-A099-854A7725E492, BH"
1756944813,sid-4BDD5EEE-21C6-4275-B861-ECC2DE764F38,"BG, BH"
1756944813,sid-D723266C-7272-421D-A06D-EBE6EB77E167,"BI, BJ"
1756944813,sid-76A18F5A-91D5-458B-A113-A0C44936B020,"BM, EventbasedGateway"
1756944813,sid-E113F8EF-BFEC-468E-AABB-82270ECFF7D6,"O, G"
1756944813,sid-D18739DE-0767-45CB-9C69-CFE8679FD918,"T, Q"
1756944813,sid-67C226A0-3BDE-4F95-B1E6-73540A814608,"T, ParallelGateway"
1756944813,sid-5EA09DEC-5C02-4F8E-9EEE-EFA1844FC029,"T, "
1756944813,sid-B3CB6D76-696F-4D07-88E2-7E6AEABE12A0,"EventbasedGateway, ParallelGateway"
1756944813,sid-705EE479-6357-400E-ACD0-3E4ABBD2EC96,"F, D"
1756944813,sid-D2FE37A3-3CE7-4A65-800A-5D20D2A688E9,"G, E"
1757172442,sid-0CB02B94-2205-4E1A-AF3C-0868290A6AB3,"Test, Exclusive_Databased_Gateway"
1757172442,sid-034C593A-F6DF-4ED8-86BF-B434098BF51D,"new arbitrary repair activity, Give repaired computer to client"
1757224948,sid-CA76D901-9AC3-413B-A5FD-0483F456E331,"Construct purchase order, Check inventory level"
1757224948,sid-4D06F4BC-2269-4A3D-84ED-534DB8C97A73,"Rework order, Review purchase order"
1757224948,sid-81D9B7DE-3B99-4D82-AC15-4770AA2F16F5,"Check inventory level, Exclusive_Databased_Gateway"
1757224948,sid-26EFF9EF-51EC-4AE6-8FF1-57D547BF0AE5,"Exclusive_Databased_Gateway, ParallelGateway"
1758066191,sid-6DEAC11E-553C-4086-9E39-B7F986A8CA88,"H, K"
1758066191,sid-867C5699-AC3B-4CE7-8C5F-DC9CF008A189,"I, M"
1758587520,"All Information 
Available?","Review the Claim, Communicate with the customer"
1758587520,"Amount Greater 
than $2000?","Evaluate the Claim, Evaluate the Claim"
1758914328,sid-702C96C2-2E44-4604-87C6-AA419FCAEAD4,"Send request to bank A, Inform customer"
1758914328,sid-28786489-F0D5-4402-8314-C31B60EE4D41,"Reject, Precheck loan by ext. credit rating company."
1758914328,sid-501B97DD-6642-4915-95ED-5AD3DBA19558,"Accept with 12.5% interest, Accept with 22.5% interest"
1758914328,sid-BBDA06D0-2475-44CC-9FF7-C0F2A1E445CF,"Reject request, Accept request with 20% interest"
1759433608,sid-DA5F0F42-FAE3-4B22-BD45-0CABB061EC37,"AL, AM"
1759866009,sid-9005BD1F-92BA-44B9-9938-76A13022A36F,"Register Post Seminar Request, Create Purchase Request"
1759866009,Purchase request approved?,"Approved Notification, Notify Rejection"
1760036059,suitable ?,"suitable ?, unsuitable ?"
1760779526,sid-3143C2B7-840F-4560-885A-DBD3CC38C1B6,"B, C"
1760779526,sid-21C98281-A485-491C-A1EF-260F0C9470AF,"F, E"
1760779526,sid-1998301B-C13A-4241-A2A1-EB14A9E8398E,"F, H"
1761143517,sid-2EA32C0E-72FD-4B90-8416-D9AE896CFBB9,"S,"
1761165958,sid-B7BAA541-6279-4E0F-B49D-72D9434B9BB9,"Marketing review, Prepare content"
1761165958,sid-2101BD76-A35C-4188-AECB-D48AB12CDFBE,"Building the site, Approval of the site"
1761165958,sid-A436270B-8677-460D-95DD-D11216BC5F2A,"Storyboard, EndNoneEvent"
1761238015,sid-7B0FE461-D3C3-45E6-B208-DB3F8665CA10,"S, W"
176165360,sid-5B487FEA-0157-4B32-8417-49366BD50160,"send to study dpt., send to Uni Assist"
1762948664,sid-BF072A0B-D99F-4F52-AD07-081CDBDACF84,"AO, L"
1762948664,sid-3B4FF5A5-1D03-4036-926C-7859BC2BF043,"M, N"
1762948664,sid-E2844730-1604-46BF-9B23-EB19FA8BCE1C,"T, U"
1762948664,sid-C64446C7-6E80-45F3-A135-E54CA41717F6,"AH, "
1763938034,sid-44459634-5338-4BCB-BE94-A6BDE6C81E2F,"calculate reward, Choose appropriate benefit"
176463259,new member?,"new member?, recieve letters from Charles"
1765758111,sid-5737DECD-9621-4069-982F-E509FE6714F6,"Sign agreement, Ask to sign agreement of voluntarity"
1765832645,sid-C21803C3-33D5-4B01-B228-D5C9105CB608,"Display document URL, Return ""No results found"" to user"
1765832645,sid-85F0B9DC-91CB-4FC8-AEEA-4483AF8BC8DD,"Navigate for search bar, Click ""Contact Us"" page"
1765949130,sid-F9F32D12-4015-49F1-85F1-CE5461DB5A97,"A, "
1765949130,sid-ACEA672D-7CD4-44A4-A063-45FC79E0BAF5,"J, B"
1765949130,sid-B18A1B71-52CB-4BCC-AB51-C61EED674412,"sid-B18A1B71-52CB-4BCC-AB51-C61EED674412, C"
1765949130,sid-E3D8E127-B9B3-4205-90CF-E99BD4B00E0D,"sid-E3D8E127-B9B3-4205-90CF-E99BD4B00E0D, D"
1765949130,sid-D4186633-8B76-483F-A2A1-C407D5F76889,"sid-D4186633-8B76-483F-A2A1-C407D5F76889, E"
1765949130,sid-69FC28C4-59A4-4E2F-82C7-F7316F3061D4,"sid-69FC28C4-59A4-4E2F-82C7-F7316F3061D4, F"
1765949130,sid-B274AD8B-5D15-4B19-AD0F-38D20B1133D6,"G, "
1766790036,conditions fulfilled ?,"succesfull bachelor thesis ?, Enrolling for State Exam"
1766790036,"passed
the exam ?","Enrolling for State Exam, Evaluation"
1766790036,"succesfull 
bachelor 
thesis ?","successful bachelor thesis, conditions fulfilled ?"
1766790036,"succesfull 
bachelor
thesis ?","succesfull bachelor thesis, answering state exam questions"
1766790036,"succesfull
state
exam ?","succesfull state exam, answering state exam questions"
1766790036,"succesfull 
state 
exam ?","Getting on preparation, thesis defense"
1767369270,sid-950D8F01-110A-41F7-A4DA-FBD94A3399CC,"N, O"
1767369270,sid-C08982A8-87B6-4F8E-97B2-09728A49CA22,"R, D"
1767915109,sid-5A9FD43A-B0FF-4D4A-A52E-5F1DF502CA65,"Send out offer for emergency help, offer immediate help"
1767915109,sid-8AB74347-D60D-4DA2-8EEF-D95B420EA524,"Ask for rejection notification, Do integral accounting"
1768286531,sid-B6A5A908-917C-48F7-B31E-CB4921D82F33,"M, Exclusive_Databased_Gateway"
1768286531,sid-A35EEB3B-2CF3-4422-A1F7-2507F1E4EC7E,"P, Q"
1769197163,sid-64547942-5D6C-48C1-9FD7-77B78F5DB1F3,"E, C"
1769197163,sid-EB81CA71-9B9B-4B03-841B-5EAE5897DF6E,"F, G"
1769453008,Is there any course company is intersted in?,"No courses selected, Select courses"
1769453008,Is date found?,"Is date found?, Suggest own dates"
1769497759,sid-2F622D13-1741-4280-AA45-0D5BF518A2AA,"C, X"
1770230751,sid-8259B95D-37B9-4B20-A006-4DBDCFA0E52B,"System prompt clash message, Confirm"
1770514569,sid-663DE978-49D3-4CDA-88BA-821DF2162916,"Completed Change Request, Send reminder email to requestor"
1771089069,sid-FA733C46-7DA5-4619-9B20-9892CE7AFB25,"Rework Purchase Order, Reserve Funds for Payment"
1771089069,sid-270DDF6C-EC0B-42AA-A898-44EE9991E98F,"Create Purchase Order, Check Inventory Level"
1771089069,sid-9FA59787-FB17-4EA0-BF57-28D0D6D0B109,"Send Payment Reminder, Payment Received"
1771249998,sid-7BB87544-7E5D-474D-966B-63115616A44E,"Request for new vendor master record, IntermediateTimerEvent"
1771633901,sid-F0C24976-9D6B-43F5-BCB8-3E142F2B8594,"T, B"
1773146316,sid-A7A470A4-03D0-49F1-B2EA-55733AFB3206,"Request invoice completion, Check service level agreement (SLA)"
1773146316,sid-9489CFC4-BD12-46B3-AAC4-EE8B4E0E5079,"Check for invoice Delays, Stamp"
1774472509,sid-4BBA99CC-B2C1-41CE-8BDE-EB7ADB137358,"C, "
1775061625,sid-73E81A87-8B4B-4E3D-B9C1-1DAAE94FD799,"B, C"
1775061625,sid-24BF87D9-B4E6-4258-9C39-A99F4C18F189,"D,"
1775180283,sid-ECC23357-D75D-4561-BF50-FD6543A31AE7,"Mute call, Un-mute call"
1775180283,sid-02CAD6DA-EFBD-4D6C-AA6E-94CC991E1B72,"Maximize conference screen, Minimize conference screen"
1775786956,sid-F5FC6BCB-4E8C-4C92-8667-45B25E08A587,"Provide on-side help, Bill services"
1775908956,sid-1E1AEFE5-E36F-48B3-92FF-28B722033321,"AD, Exclusive_Databased_Gateway"
1775908956,sid-2BE9074B-D026-451F-B66F-7ADB91B5C318,"sid-2BE9074B-D026-451F-B66F-7ADB91B5C318, "
1775908956,sid-7B907457-CA08-4387-91C6-9FCCAADCF86F,"F, D"
1775908956,sid-47B3F0BA-F906-4D0C-8AAD-6D5109D18A6D,"R, K"
1779658636,sid-B7D7ADCF-65D4-4C31-B261-635F2C2336A7,"Create a new account, Review the report"
1779658636,sid-CB6BDEB0-8445-4D85-BE43-0395CF876457,"Deposit reimbursement to employee's direct deposit bank account, Ask approval from supervisor"
1780559135,sid-804E49D7-2671-4AA1-A8C1-07F8C9FEDC2A,"M, N"
1780559135,sid-DFB53600-6FEF-430D-9C83-46F35D8503FB,"C, I"
1781421213,sid-C5D1914A-DA1A-422D-80F8-EFE6C9A65343,"F, E"
1781446338,DL,"DL, DM"
1782135739,sid-A41AF12B-181A-442D-94FA-F9502BB62AF0,"C, H"
1782135739,sid-5D428511-766B-465B-8D04-9DD7B53B5966,"E, I"
1782135739,sid-9E454B5B-514F-4673-9483-FDDC398E3840,"J, F"
1782135739,sid-3A86A49C-9CC6-434D-8513-A56321B409AF,"W, X"
1782135739,sid-98C2325B-2103-4414-B3C5-FCB5EE4B277D,"AA, AB"
1782135739,sid-285EFE55-9661-4597-8847-79CF1A4B43A2,"AD, AE"
178266055,sid-2E6A5F49-3F02-4F9B-84D0-AB06098BC520,"Since there are no specified successor names provided in your information, I can't identify any gateway names from that part. However, I can provide the names based on the information given. Since you mentioned the predecessor type is ""StartNoneEvent,"" and we have the details of the exclusive databased gateway, I can only provide a general response based on common use cases.

So, here are two possible gateway names:

Exclusive_Gateway_A, Exclusive_Gateway_B

If you want specific names based on existing gateways, you would need to provide additional details."
178266055,sid-2BB93D69-DCF1-4C59-AF90-3427581FD36D,"P, "
178266055,sid-4F0465BB-8B4C-4BE3-9ECB-1F9F624E27D5,"D, Exclusive_Databased_Gateway"
178266055,sid-C55888CE-9567-4CB9-A9B3-63EA5EE6A874,"sid-C55888CE-9567-4CB9-A9B3-63EA5EE6A874, F"
178266055,sid-8E298ED7-CE0C-4FD4-B272-5AB7B0E13B0C,"sid-8E298ED7-CE0C-4FD4-B272-5AB7B0E13B0C, H"
178266055,sid-1705B37D-E2BB-49DB-B30F-E504E7BE9287,"sid-1705B37D-E2BB-49DB-B30F-E504E7BE9287, J"
1782678226,sid-C849AE84-DACC-453A-ABD4-08BADDD34A1B,"Interview, Waiting for response"
1782678226,sid-D7FEC077-0BDB-49B9-A41D-611DE8D1D060,"Intermediate Message Event Catching, Parallel Gateway"
1782678226,sid-BBCCCCB7-972B-42D9-A42A-1754D28FDFEA,"Reject application, Schedule interview"
1782678226,sid-FB36BF54-9E31-4CF9-BA6B-9FDD9E0F34F3,"Reject application, Prepare offer"
1782742671,sid-6C745741-7C80-46D8-944B-E1C8A5B6FE40,"D,"
1783210851,sid-570D3F03-A8BF-4190-9D15-8ACF21F9B8E4,"Create purchase order, EndNoneEvent"
1783210851,sid-640A2CCB-ADDE-4832-B027-B2BE3C5541EA,"Approve order, Reject order"
1783336423,sid-9930153A-E2F9-458D-BE43-60C0AB3A4BBF,"U, Exclusive_Databased_Gateway"
1783336423,sid-CBCA4D85-E45F-49CA-884A-187C910C7D7E,"E, D"
1783359029,sid-59D28083-E7C7-4985-AB38-E6146A56710C,"H, I"
1783359029,sid-E6D922FA-7701-4E78-80A7-D62D590930F8,"J, K"
1783359029,sid-2DDC7B99-D20C-4ED2-BBA8-C7F398DAAA68,"AG, AH"
1783359029,sid-482CCE4A-FD87-4AAD-BDB1-E053F7A47F1C,"AI, AJ"
1783359029,sid-9EEDD360-4143-42BD-BDAD-81484F86B940,"AL, AM"
1783359029,sid-A5A57596-44A9-4E18-8965-EF40F8F71A70,"AO, AP"
1783359029,sid-376871A5-CEC4-455D-AE34-1BD7E403AC05,"AS, M"
1783386751,sid-9862E275-0D33-43DE-AD37-9951A03D47A0,"J, L"
1783386751,sid-BBFCB2CD-B73A-4E44-92BB-47C73720A7B6,"K, M"
1784340072,sid-2A64B85C-8F83-4E40-964F-7CD53264B5C0,"go on, Create Berufungsliste"
1784340072,sid-7EE7137A-D374-47A1-B00F-3F6A6FB5C420,"Go on..., Nex Candidate"
1784803563,sid-5CF6D489-AC66-4FB0-99A8-353F290947F1,"Select top 5-8, Discarded"
1784803563,sid-A2F54EA9-B022-46CC-BF9B-5C29418B24B0,"interview, finalize terms and gain approval"
1784803563,sid-95C58ED5-AECB-4085-81F3-24201DC77550,"formal letter is sent, renegotiate"
1784803563,sid-12FDB93D-CDF6-4CF6-9559-3FB4A784B156,"select next-in-line candidate, Exclusive_Databased_Gateway"
1785117224,sid-AB2EA9AA-4AF8-43BF-8091-73ACBE97651C,"D, "
1785117224,sid-15C61CFE-7C71-44CE-9BE5-7D666612F666,"G, D"
1785779291,sid-E44A8D9C-8BD2-4804-BBA0-6B9712A46C43,"A, B"
1785779291,sid-260B650A-B43B-4686-86A1-A057C15ED93B,"N, M"
1785779291,sid-1903FE7E-297B-464D-9763-C25DE9C8E4FE,"T, S"
178723738,CD,"CL, CC"
178723738,CI,"CI, BR"
1787442535,sid-7EF55676-D8EC-454F-B591-82FF12E7E289,"C, EndErrorEvent"
1787548072,sid-1211DEFA-4693-4971-A3CF-46C13C2FCBD1,"end booking hotel, book hotel"
1787809168,Succeeded?,"Confirm with User, Attempt to solve"
1787809168,Confirmed?,"Confirmed?, Confirm with User"
1787809168,"Accept
Service 
Call?","Accept Service Call?, 1.3.2 Assign Service Call"
1787809168,"Under
Warranty?","Under Warranty?, PC or Laptop or Printer ?"
1787809168,"PC or 
Laptop or
Printer ?","PC or Laptop or Printer ?, Succeeded?"
1788911737,sid-C5E9AA31-86C9-4DB5-9190-C02BB848D530,"Rework Purchase Order, Reserve Funds For Payment"
1788911737,sid-50ED86EC-2E27-4906-A03A-C85961BCE28D,"Create Purchase Order, End Process"
1789453542,sid-63D27772-B74C-435A-87A5-20B8846B351E,"B, C"
17897393,sid-768A3867-EECC-4E92-8B21-83FA752F26CB,"I, K"
17897393,sid-D6B0CF0B-68AA-49D7-B08D-FE0A8041BAA3,"sid-D6B0CF0B-68AA-49D7-B08D-FE0A8041BAA3, sid-D6B0CF0B-68AA-49D7-B08D-FE0A8041BAA3"
1790018869,CZ,"CY, DA"
1790363357,sid-1FB2626B-FF31-4927-868D-E90FFEFA0CE8,"marketing review is needed, decision to have a marketing team review"
1790657507,sid-42FEF4A9-9BA2-4282-B869-39D6519ED1BB,"EndNoneEvent, Exclusive_Databased_Gateway"
1790769123,sid-19F5FABF-0256-4CDA-81ED-3677E545EBAF,"Highlight Invoice as 'Urgent', Exclusive_Databased_Gateway"
1791141020,sid-4CB61281-5709-4163-90F9-FACCC6AA0F24,"Check SLA, "
1791141020,sid-4AA673FE-D3BC-4EB5-9500-C868D4F5A7F5,"Enter process date, Look up in excel file"
1791141020,sid-4E9B0E5D-8E04-4012-A750-599F3FAA2BE8,"Put a red stamp, Exclusive_Databased_Gateway"
1791655672,sid-65CF454D-68FE-43C6-9D95-72E93819342E,"Revize and correct sale expectations, Check contract"
1791655672,sid-AE2054C3-D951-4516-93C0-024B0D3A7504,"Correct contract, Check contract"
1791655672,sid-74CF34F0-5094-4711-AB16-AB68B0E6AC3E,"Analyze inspection and offerer's expectations, Propose sale conditions to the offerer"
1791655672,sid-4D40201A-8542-42B1-9F16-357A3B6EEBEA,"Correct the contract, Check contract"
1792465064,sid-38B058EE-D576-472E-9E83-6E73119B1C8A,"BN, BL"
1792465064,sid-82E3AC6C-2466-4952-BF5E-02791B8E9B0D,"AH, AF"
1793152657,Existing Customer?,"Check Customer Type, Create Master Data"
1793152657,sid-2CEB9F62-9864-4C6E-A719-559E854D848C,"Check Private Customer Items, Check Business Customer Items"
1793594382,"Enough
participants?","Book venue, Cancel workshop"
1793594382,Will participate?,"Sign up, EndNoneEvent"
1794858581,sid-779CDB17-0528-46E3-9D79-D78ABE8358BF,"C, EndNoneEvent"
1795539358,sid-7B3DECAC-C414-4116-B029-08CC1241CB16,"B, A"
1795655856,Pay Electronically? ,"Pay Electronically?, File physical Bill into records"
1795887798,sid-A42D40A9-914F-4FA7-B8EF-98B8F982BAEB,"POSITION_A, T3"
1795887798,sid-05FB1F6B-FD9E-4818-AC99-B66C0FBEE212,"POSITION_B, T4"
1796108004,sid-2FA8F7FD-9329-4EC3-B45C-83CF0F0EAD1B,"X, "
1796108004,sid-423B6C59-11C0-4BA8-B64B-DC29004F9F53,"H, I"
1797074363,sid-C3311F50-4438-4A28-9E50-55F6E14687A3,"penalize, IntermediateEscalationEventThrowing"
1797074363,sid-3970260F-92C8-4468-8ED6-4044CAF6FAA9,"Present project, Perform work according to role"
1797898388,sid-4F6BFE6C-1A9C-4F95-B84F-148FC46F114B,"AN, AP"
1798194958,sid-DBB0F435-739F-4D64-AE4B-4ED872E4FF50,"C, D"
1798276208,sid-EB39F7B6-3D1A-4068-A2AA-94842C26D72A,"Acknowledgment Sent, End Event"
1798276208,sid-E6FEB991-7696-4AFC-ADAE-C0456539363B,"Through Check-In not possible., Through Check-In completed"
1798276208,sid-002C0146-A8EF-45D7-93AE-D6F20AF9C542,"Details sent to Air India, Check the details with Etihad Airlines"
1798276208,sid-49983773-0A2A-43F4-937F-EC83D42C8AA8,"Details sent to Air India, Ticket not valid."
1798276208,sid-79FF25E9-CDAE-49DE-B304-C06F3B6775C6,"Through Check-In not required, Through Check in Detail communicated to Lufthansa"
1798486458,sid-AF1D4D96-8052-4C50-A901-0B2AA76FB2C9,"Send Item, procure item"
179869982,sid-086842E2-0974-41AD-B8EA-AB3D5A16C652,"H, E"
1799108715,sid-FF84B370-BFF9-4A3D-BB38-86A0C013FE7C,"Rework Purchase Order, Reserve Funds for Payment"
1800584628,sid-474300D7-A199-4E05-90FD-845E2C49E799,"C, "
1800584628,sid-8F080771-6D17-4D35-95EC-41084AC6EA7A,"C, D"
1800900224,sid-9A04F183-A4F7-447A-B3AF-932913E696D4,"Confirmed, Canceled"
1801001081,sid-C4ABA80C-583C-44B0-8137-FABD58056F99,"T, Q"
1801001081,sid-D3F54278-4A88-4AD7-B132-FB2E8592D893,"L, T"
1801001081,sid-85561FBE-1423-43B4-8B2E-A6B601EA1DD0,"K, V"
1801166520,sid-4F2003C4-4338-4B3F-A46F-88D103364F45,"Successor Name 1, Successor Name 2"
1802349478,sid-76B11377-4838-4CB9-9392-BAAAB746218A,"solve problem, review installation"
1802605488,sid-051FAB31-0473-4BA2-B457-ACC763CD9FF5,"MB2, MB1"
1802605488,sid-BBEE851A-5B7E-4327-99FB-3546D460DA44,"sid-BBEE851A-5B7E-4327-99FB-3546D460DA44, Exclusive_Databased_Gateway"
1802605488,sid-0717E3AD-14AC-4772-ADFC-6753303F9276,"sid-0717E3AD-14AC-4772-ADFC-6753303F9276, sid-0717E3AD-14AC-4772-ADFC-6753303F9276"
1802708662,sid-140EA6B8-2371-406F-91E5-7989FA5769BA,"A, C"
1802744175,sid-5AC8C326-A77A-4366-AD2F-5B75C3319694,"goods deliveried do not match with PO, goods delivered match with PO"
1802744175,sid-51784E94-1AB5-47C4-B22A-076075E9FB94,"correct data, incorrect data"
1806309718,sid-4D1B99A9-B979-44BA-94C1-372C4F67D678,"Start Project, Alter Project Application"
1807155582,sid-2C9FA242-88B1-40B7-87DA-2552ECF42644,"U, T"
1807155582,sid-EAD79125-B94A-4337-9A7F-063516D26C7B,"AA, AB"
1807281190,sid-1A2371DF-4696-4B39-AE3C-F7B473CFAC38,"BF, BD"
1807281190,sid-79F5A1B6-B5F4-44F3-9BC5-D482B9EF1024,"C, O"
1807674341,sid-7AEDC683-131F-4ABD-A490-77AA31FC4E37,"AI, AH"
1807679123,sid-165412A1-DC6C-4964-AEF0-F1A599198BA5,"Reached target, Dissatisfied or other reason"
1808351684,sid-2738391A-9312-4DAD-A197-A867A4F7D92E,"Evaluate request, Communicate result"
1808351684,sid-2C5E0537-3752-486D-AD93-81D37AA01D94,"request handled, Research and resolve request"
1808505766,sid-A4558D0D-A458-43D8-AFF7-8EE229BD2B7B,"Liability, Work cover Insurance"
1808648324,Record Available?,"Record Available?, saveOrUpdate Record"
1808648324,sid-7AEC4E9F-AC61-4363-9C05-9C6A094DDA94,"for each companyMarket, fetchDataByCmVmc"
1808711520,member?,"check if applicant becomes member, write a letter to applicant"
1808993900,sid-60646E74-9A5B-4958-996B-06884C01452F,"Create contract, Receive"
1808993900,sid-1C09445E-8D07-45A7-A53D-CD60420E474C,"Create proposal, Refuse request"
1809074230,sid-E07B7499-24CC-4E3F-A2EA-660805DC19EB,"End Process, "
1809754091,sid-1E93845C-D35B-4F36-95D7-0E81E4212A5A,"Reserve Part, Back order"
1810137748,sid-1D6368A7-A150-4D9B-A55F-D82EC8B7FA88,"K, M"
1810799097,sid-958FF0FD-3648-479A-9AC9-C395252BDC42,"O, M"
1810799097,sid-58B705DF-F803-45F9-AECD-E555C3AED7B8,"N, "
1811484815,sid-38D989CE-C9F3-4A6B-9DE0-7C326209161D,"Pay vendors, File invoice for later payment"
1811710858,Agree,"Search For Location*, Choose Lease Length"
1814460775,sid-95B2B34A-A1B6-42DA-B25A-F2D64DEF4368,"C, B"
1814460775,sid-57C06670-13DD-4DFE-B66D-DE29BE915088,"E, F"
1814536437,sid-1CCFD884-0CFA-4969-BF9C-8DBC71E03E26,"J, I"
1814548689,sid-A837EFAB-9407-4357-92A6-3840D7B4A1C6,"Complex form claim, Simple Claim"
1814548689,sid-2765B3F0-C56C-417E-B5EA-DE72901D1A47,"Claim is evaluated, Claim is rejected"
1814548689,Result,"claim is registered, asked to update the forms"
1814548689,Performing Assessments,"Phone to authorise the repairs, Send letter to the Customer"
1816059780,sid-44858D98-64C8-41E3-BFF6-AFB84564BB14,"U, O"
1816059780,sid-9B27D90D-03E7-4C1F-8029-F6546A4611F2,"P, W"
1816059780,sid-FFE9CFF4-D92C-4D60-AE68-DBF4E1934BFA,"B, C"
1816514430,sid-701DCD4E-7FEA-43E9-8434-157C4A55FBE4,"Solve DUR problems, Produce drugs"
1816514430,sid-25F48491-1570-4383-8D41-B3CFC07ACC85,"Inform customer of problems, Ascertain the pick up time"
1817129733,sid-4026A791-3D25-4E22-8972-7988186FDEEE,"V, W"
1817129733,sid-6A8F978D-1614-47E3-A753-4B5D00398125,"AE,"
1817129733,sid-B5CBCA45-5666-48C7-9AE6-F5780BE69F9E,"AA, AB"
1817129733,sid-E1AEBB48-A4ED-4010-BEA1-5828804FE834,"AD, AC"
1817129733,sid-1A81A9A1-8075-4931-BC53-9AA15C0CDDA5,"AQ, AP"
1817418499,sid-DDCE223C-D948-4EA3-BDC2-A3604C6E1930,"AJ, AG"
1818146728,sid-B96F9E82-A44B-471E-96C3-118D09F428E6,"PO changed, Revise PO"
1818146728,sid-4ECD6054-0BEE-4481-B70C-D53DE0F62440,"Determine penalty, Order is not canceled"
1818146728,sid-F4375EE6-22B1-4F33-B451-C75788BE867F,"Send payment request, Determine penalty"
1818146728,sid-F4986A4C-92C5-46D5-8D59-A5E2BBD2A709,"Order is not canceled, Answer received"
1818146728,sid-4E774658-67AA-486B-9058-CAF0A01845D4,"select suitable supplier, Schedule production"
1818477098,sid-8225AD4B-7FEC-4B33-A345-A42128ED8991,"B, A"
1818479291,Available?,"Available?, Not available"
1818479291,Okay?,"Check Article Availability, Send Customer Denial"
1818479291,Money Received?,"Money Received?, Check Payment"
1818635004,sid-4E8F1D99-7650-4374-B8AD-46F925353C17,"N, R"
1818635004,sid-A15D93BB-9FBE-4AE6-9350-0E10B93F0387,"U, T"
1818635004,sid-6415ECA3-E7D9-452D-AA2A-552FE9412E0F,"U, I"
1818635004,sid-00667652-685E-42F3-BA2E-A4A19547CAE3,"V, U"
1818635004,sid-EE6D088A-25D4-492E-A38D-44DCAE1F922C,"C, A"
1818800031,sid-27867976-93FD-42B3-AE4A-91878E092C87,"Item available, Item unavailable"
1818800031,sid-246694CB-DB6D-45F6-B250-3CA7E68A5676,"Choose not to renew overdue item, Renew item"
1818800031,sid-34A5A7A0-F3AB-4C34-9AC9-C10A3ED2EFE9,"1 item already checked out for over 60 days, Less than 40 items checked out"
1818983078,sid-1CEF8470-68C3-410D-9491-0F54F41EB599,"Look for suitable bikes, Exclusive_Databased_Gateway"
1818983078,sid-E070BC6C-BBA0-492B-B7D9-0B6734E019D9,"sid-E070BC6C-BBA0-492B-B7D9-0B6734E019D9, sid-E070BC6C-BBA0-492B-B7D9-0B6734E019D9"
1818983078,sid-63B26F20-5E00-4FEA-AD33-CD29E857DCE1,"sid-63B26F20-5E00-4FEA-AD33-CD29E857DCE1, "
1818983078,sid-F22ABDF9-9366-41EF-B33D-5B15073DC84D,"sid-F22ABDF9-9366-41EF-B33D-5B15073DC84D, "
1819273019,sid-F04297A9-A743-4F15-9EF3-9B55B75575F5,"ParallelGateway, Exclusive_Databased_Gateway"
1819273019,sid-B8FB3838-0941-41F4-B9F1-BD2CA7775729,"ParallelGateway, Exclusive_Databased_Gateway"
1819273019,sid-A091F228-D36A-4395-AA9D-B9FE5D4A20DC,"start manual handling, start transaction"
1819797208,sid-6F4F16C0-9626-4FE7-B9F9-4860C642A8F4,"Update Order, accept order?"
1819797208,Update Order,"Cancel Order, Change Order"
181992691,sid-FD574B54-2661-4DE8-AA24-574526BD5D64,"Ministerial correspondence addressed, Review ministerial response"
1820004377,sid-A815C4E4-26AD-46A8-B602-D72B208ECC5B,"Q,"
1820004377,sid-404123ED-76C0-4C1A-B085-8A3D150B5750,"W, Exclusive_Databased_Gateway"
1820004377,sid-CA678FB8-8559-4EB5-ACD6-0033960BB173,"AA, Z"
1820004377,sid-E40A7C6E-2BC3-4BF1-BFB1-13D6A60D8340,"AJ, "
1820784022,sid-9F0CEBE3-5788-4BE7-9301-6DD31F7D846E,"O, AD"
1820784022,sid-A95BF2AB-E61A-4315-A96D-AA0368828033,"V, A"
1820880734,sid-9FAAC370-39AA-475B-94D8-7E67B53B2ED3,"Prepare batch of invoices, Check compliance"
1820880734,sid-B6A13804-A0AA-4BE7-BA5E-3F287D5EBEE5,"Send to experience, Exclusive_Databased_Gateway"
1820880734,sid-C557371C-EAD4-494D-8E8D-0082BD97DE33,"Add red stamp, Check if invoice highlighted as urgent"
1820880734,sid-AA38E85B-EBE8-4C63-B5C3-D837B688933A,"Send reminder, Check no. of reminders"
1820880734,sid-E9C49939-6352-47CD-860F-0288BCA10DF8,"Enter invoices, Request new vendor record"
182174831,sid-453DF90B-DCE9-497D-94F0-F4F91CCC0B04,"Send parts, Check part"
182174831,sid-2B2D36A5-F274-40D5-95EC-6C71B8E32707,"Reserve, Order"
1821890450,Aligned to Target state?,"Aligned to Target state?, Technology Product Evaluation"
1821890450,Vendor Agreement in Place ?,"Vendor Agreement in Place ?, Internal Hosting ?"
1821890450,Cost > $1MM?,"Cost > $1MM?, Approved?"
1822040099,sid-053867D7-7B5A-475A-9E50-A96484F95086,"Create Purchase Order, Check Inventory Level"
1822040099,sid-E6063E42-7094-4D12-AA76-41181D2C2ADD,"Approve Purchase Order, Reject Purchase Order"
1822389549,"request
accepted?","did not get into/drop class, receives card"
1822389549,"is student 
adding or
dropping?","allow request and sign card, Is there enough room in the class?"
1822389549,"Is there
enough room
in the class?","Is there enough room in the class?, is student adding or dropping?"
1822761924,sid-43B155B1-B538-46BD-95A2-ECFDFC5B54DE,"H, I"
1822761924,sid-F21A8D80-C082-421E-BAC9-D251AA4AB5C0,"J, K"
1822809219,"All information
available?","Review the Claim, Communicate with the customer"
1822809219,Amount > $2000?,"Evaluate the claim, Evaluate the claim"
1823585091,sid-8B5D244A-2707-4908-8680-342ECF6A4BA4,"AN, AO"
1823585091,sid-3F468B69-7E77-4FC5-AF02-BFB0C4BE37B7,"U, V"
1823585091,sid-330B4069-A8A2-44E4-A865-3B7822A73BB1,"F, Exclusive_Databased_Gateway"
1824066671,sid-0F09FA8F-31A9-4DEF-9E23-2EE4D14F4221,"D, C"
1824183069,sid-6C33E8BA-214E-4120-B227-AF469CB02A8E,"Define credit requirements, Insert information about client"
1824600956,sid-BB34EEA1-DDB2-44FA-9102-B561B42EC1A1,"Not validated, Validated"
1824600956,sid-F44F0132-3539-4005-87FC-97080262AE32,"Swipe/Key in existing passenger visa information, Exclusive_Databased_Gateway"
1824600956,sid-CA751D13-04E8-43BA-9077-5F4B6302BA82,"Disallow unvalidated passenger from continuing, Allow Validated passenger to continue"
1827016230,"Successfull

","Following Meeting (client),"
1827275439,sid-F995BB84-9C10-47DC-9771-DC9A714AACDC,"C, D"
1828330311,sid-99B7702C-7DDD-4D59-A9E6-51BC46BF3F15,"AG, EndTerminateEvent"
1828432742,sid-B7877FF1-0BAE-4A29-AE4D-15F5C1364F16,"A, D"
18297214,sid-0DC5DBE7-49AB-4B6D-BA78-6A0C0BE6CCAD,"Send Error Message, Create the Event and notify user"
1829764500,sid-D5879ECF-1D29-45E0-8D02-57D47E942EE6,"Register for Admission, Sit for Interview"
1829878761,sid-64909884-7615-4235-BE6D-257942E35895,"D, E"
1830194689,sid-289C5E61-92D9-4C7F-B1ED-BC72574F81C0,"Resolve the help request immediately, Put request into waitinglist"
1830194689,sid-EC451540-1AA7-406A-9F41-02B6A5E63BA7,"Resent for further action, Mark request completed"
183043031,sid-7D055BC3-651D-4EBA-9E0C-A73614600B3A,"H, "
183043031,sid-698674F6-D11E-44DC-99BA-DB73094A4E4B,"A, B"
1832027112,send back documents,"send back documents, decline?"
183237129,The time is ok?,"The time is ok?, All professor accept the time"
183237129,sid-0899C8C8-15F2-4E58-BC5D-8BD1FDC860CA,"Choice lessons that would follow, End events triggered"
183237129,sid-FF1BE3CA-31E6-4FCF-A544-F460184EDF88,"Bring the plan to the secretary, Choice lessons that would follow"
1834470254,sid-249FEAF1-19DB-470A-A9DE-A88F31B2A9EB,"R,"
1834470254,sid-BEE0A91C-7198-42E0-B173-83529EAA5F6A,"I, J"
1834470254,sid-5F8C9153-E917-4A4F-9633-9FAE3F9F706F,"E, F"
1834616725,sid-E13ABD43-9747-474B-8C52-15748B97C25E,"EndCancelEvent, EndNoneEvent"
1834941766,sid-0D99E1A2-2C5D-4B5B-B14F-6B044710AB7F,"AC, AI"
1834941766,sid-5F119A25-F735-487E-ABE5-29EEC2D8BF8B,"AJ, AK"
1834941766,sid-67F6958F-00BC-4F17-AB63-060C693ECADB,"C, B"
1834941766,sid-B50F1AD2-5CA1-42E5-A54B-84F0AD6BE0EF,"H,"
1834941766,sid-60CAD89F-32D8-4000-8C99-EBFACF137B74,"H, C"
1835720972,sid-0E1037B1-F969-405C-AC6C-C2F8212DC00B,"D, E"
1835901199,sid-5EB18B11-D4C5-4C39-A099-F6338A8C609A,"sid-5EB18B11-D4C5-4C39-A099-F6338A8C609A, K"
1835901199,sid-574B6E68-78E0-44B5-A6E0-9C577FA15FB3,"L, "
1836060748,sid-E900F035-31CB-47ED-B81D-65F634817668,"Patient will not receive medicine, Patient receives medicine prescription"
1836509141,sid-2E53E49B-4C81-4A87-A8D0-DB30529D6D85,"P, Q"
1837225582,sid-A8D82E10-BD4A-4219-9434-CE19241ED61F,"R, T"
1837225582,sid-2984F94E-1002-423D-B885-CC929AF4AE06,"E, P"
183766936,sid-AE802BD7-E389-4828-94FD-DEFEA4087B09,"CreateSideDish, Exclusive_Databased_Gateway"
1837820511,sid-EC366FFB-A2FC-4F0C-806F-601705C0720F,"F,"
1838984889,sid-CC16AEF7-0042-417E-9A97-7BAEAEC228CA,"G, M"
1839338747,right amount of money,"inform charly, calculates membership"
1839733170,sid-4214FC3A-78FC-49B0-8AEF-B12BF97EB834,"C, B"
1840058907,sid-C5BBCFC5-E10D-47CC-B9F8-A7A4EF222DD9,"N, M"
1840882698,sid-D9EDBF93-17E6-40FB-8A81-D5982F8A6AD5,"C, D"
1840882698,sid-67C5FD66-01A7-4CFE-9A28-4FF1897417B6,"G, K"
1840910100,sid-0A994CD0-156D-43BA-A6EC-07A3E4AF58B8,"Sort invoice per vendor, Sort invoice per amount"
1840910100,sid-8EBF75C1-AB73-498F-9A02-0126E5E4A332,"Place in batch <$2500, Place in batch >= $2500"
1841250795,sid-7B4C693E-47DA-4AE3-B441-5A63BD5FEA9D,"approve expense report, evaluate expense report"
1841250795,sid-65191C12-53DE-4559-B242-13FD9DB01C4A,"Expense Reimbursement, send rejection notice by e-mail"
1841617898,sid-0F394D29-B4A4-4013-9A21-BDE4DCED7681,"F, H"
1842113238,sid-FCA0C80B-7DD3-4C09-B67C-4119823A805F,"O, N"
1842113238,sid-435E4E19-48BF-4528-9217-1D19881AB7F5,"F, "
1842555193,"all information
available?
","Review the claim, Communicate with the customer"
1842555193,claim accepted?,"Send Payment, Send Rejection letter with explanation"
1842956614,sid-C6B724EC-A8B4-4EDB-A970-E2D170ECEDC7,"sid-C6B724EC-A8B4-4EDB-A970-E2D170ECEDC7, sid-C6B724EC-A8B4-4EDB-A970-E2D170ECEDC7"
1842956614,sid-441343A1-1123-4F72-AD12-0F110DBF9A38,"E, H"
1842989810,sid-802AFC4B-6D7F-4144-9AF1-ABEB5F4B614C,"Storyboard with costumer, Informational meeting with costumer"
1842989810,sid-7CE22C06-0391-4A51-BC7D-2C09C772EAB8,"Review, Final version"
1842989810,sid-4A786263-C126-4068-89A8-A7B154FF7164,"Building, Approval"
1843141111,sid-CB852C8A-0E7D-4618-BC94-D8019CE1A0C1,"Based on the provided information, there are no specified successor or predecessor names. Therefore, the two gateway names would be: No successors, No predecessors."
1843141111,sid-1D52400B-745E-4822-BEC0-E86D7F95C374,"Based on the information provided, there are no successor or predecessor gateway names listed. Therefore, it would not be possible to provide any gateway names as requested. If there were some names available, the output would follow the format you provided. Please provide additional details if available."
18436956,sid-09CE1F8A-0594-404B-B3A4-613D0730AE7D,"B, C"
18436956,sid-E8BFA316-0C10-4736-B9D1-7B0D11C5F26E,"I, Exclusive_Databased_Gateway"
18436956,sid-37BF9D29-FF08-4316-9C9F-B4E19F2639E1,"H, L"
1843809833,sid-54F0F42F-C415-40ED-936D-2E02DD734DBB,"M, E"
1843809833,sid-DA3F0E73-FA73-496F-9BD9-E13C2E13B6D4,"K, L"
1844469012,sid-CB515E28-1678-42A1-A6EE-BA88AE1A129F,"Pay fee for excess baggage, Decide weather accesses to be paid"
1844469012,sid-CA11EABD-6651-48A7-80EA-05A65B4423D5,"Acceptance completed, Direction required"
1844469012,sid-2A097CDB-2F85-4B39-A0CA-CDC07AE5E98B,"Excess payment, IntermediateCompensationEventThrowing"
1844469012,sid-A4EECC5B-58C4-4A53-A9C7-933A7262E88D,"Direct passenger appropriately, Complete/confirm acceptance"
1845069594,sid-B94BAAEB-7E1B-4074-9C71-9E93DAEE2529,"L, I"
1845069594,sid-2582F709-3AAB-47BC-8BB0-0AF24B8BB852,"M, "
1845069594,sid-C5501D5D-880C-4E51-866D-18D722FE5AA5,"P, R"
1845415103,sid-6BA33A2F-8C02-4C82-911E-07E0108F1102,"B, Exclusive_Databased_Gateway"
1845756043,"agreement?


","Storyboard Meeting, Infor. Meeting"
1845756043,Review?,"Review?, Final Approval"
1845756043,"site approved?
","Site approved?, Approval"
1845776866,sid-15E28FE9-81B7-4DA7-BBD1-8344F707F9A5,"AD, F"
1845825451,glossary://70312ad705f64e5bb11cfbacf107e8f8/Digitalization?;;,"Digitalization, Tissue processing"
1845842474,sid-ED0FC24B-AADF-469B-84AA-C67766F51F66,"Appear on registration, Exclusive_Databased_Gateway"
1845842474,sid-7636F872-B773-431A-ACA4-2994C3240940,"Appeal the decision, EndNoneEvent"
1845842474,sid-B8D2A0E6-FFDF-4094-B77C-BF91E0F2D6E0,"Invitation for entrance test, Add confirmation about fulfilment prerequisities to IS"
1847034055,sid-D6661600-D257-460D-BB1E-FAF53ABBBA9A,"Check if Remembers Password, enter new user data"
1847034055,sid-468BB999-8A1D-44C6-BE22-F98E3B20C081,"Check if already has an account, "
1847034055,sid-9100C9B2-1A2E-4D3E-95C1-EE9BEFA463F6,"Enter Email and Password, Request Password Recovery"
1847034055,sid-C765D236-BB8E-490E-8056-A7F53E138B93,"enter new user data, check user creation success"
1847043412,sid-E0E53180-B7C3-47F5-AED0-756B198CD951,"Fill a vendor master record request form, Look up for raised vendor of invoice in SAP system"
1847043412,sid-9C4FFDAC-509D-46BD-9F72-BBCAB3996186,"Check if all information is available, Filter invoices based on urgent invoice"
1847043412,sid-B8B27A05-3CF3-4025-B2CD-6520AFD0917A,"Check if all information is available, Check if all information is valid"
1847043412,sid-84AEDCCE-782A-43CB-88C0-087DE554406C,"Put batch(s) in High priority outbox, Put batch(s) in department's outbox"
1847043412,sid-296B6413-BAC2-4E58-BF63-11739DDDC8A2,"create new vendor master record within 24 hours, Create new vender master record"
184770798,sid-7E00C05E-3CE4-4247-8289-2EB06FA358D0,"check order authority, check if customer exists"
184770798,sid-E10E6F1A-156D-4234-A081-CF7F914A82C2,"check order authority, Exclusive_Databased_Gateway"
184770798,sid-8911EE05-B181-4A2B-A747-D82A012E7E27,"check solvency, ParallelGateway"
1847929903,sid-30389C57-5A14-4C62-99EF-E66EE6C0787B,"E, D"
1848029966,sid-2B64FF13-33F8-49E1-A6C7-4CAB303AD9CB,"Wellness management (SP5), Home care (SP4)"
1848031504,sid-6A71EFE8-7751-4FA3-91C7-6235310F44BD,"approval requested, assemble Selection Panel"
1848181121,"Air retrieval
available","Dispatch Air retrieval, Ambulance Departs Scene"
1848181121,Trauma,"Major Trauma, Transport to nearest designated Trauma Centre"
1848181121,"Patient Stable
for Transfer
to MTC","Air retrieval required, Ambulance departs scene"
1848181121,"To Quaternary
Hospital","Patient Arrives, Patient Arrives"
1848181121,Nearest Hospital Quaternary,"Nearest Hospital MTC, Patient Arrives"
1848181121,Nearest Hospital MTC,"Nearest Hospital Quaternary, Patient Arrives"
1848181121,C-Spine Cleared,"Use non-SCI Protocols, Indicated for Surgery"
1848181121,"Indicated 
for Surgery","Indicated for Surgery, C-Spine Cleared"
1848181121,"Decompression
Required","Prep for Decompression, ICU Assessment"
1848181121,OR Available,"Prep for Surgery, Perform Surgery"
1848181121,SIU Bed Available,"SIU Bed Available, Patient Stable"
1848181121,"Surgical 
Procedures  
Complete","Patient Stable, Prep for Surgery"
1848181121,Infrastructure to clear spine,"Transfer to Quaternary Centre, Assess Patient"
1848437438,sid-37FFBABC-8694-4751-ABB5-13AE2F05AD29,"R,"
1848437438,sid-7AEE58B7-E00E-40CB-8756-AC581A55981B,"AC, AB"
1848437438,sid-A4D50D0D-8D8A-460E-BFCF-9633D1193010,"C, D"
1848911769,sid-D2D5F509-76D3-4579-A6B0-2B61111D8199,"A, C"
1849720729,sid-3E1FC831-DB66-46C9-AD05-30E4172F5412,"N, E"
1849808459,sid-BD870D53-75E4-418D-A6FA-6F4DD1747B03,"Enter date of process, Return to postmail to send it to client"
1850238279,sid-D1B5ED1F-32CD-4051-B8FA-AC4B1D04E2AC,"Send Order Confirmation, Send Order Rejection"
1850244188,"Software 
Delivered?","Receive New Software, Inquire Project Status"
1850244188,Is Software Ready,"Is Software Ready, Provide Status Update"
