Model ID,ID,Gateway Names
1141268122,sid-073E5197-D9C5-49B6-BFE4-549E4A939286,"A, G"
1141268122,sid-310905C3-7C62-49BA-BE8F-C077FA18C38D,"E, B"
1141268122,sid-D7EBEAAE-6876-48AA-89F7-0D4028C95847,"G, A"
1141268122,sid-5EDAC914-A606-4EC1-A43E-A359D16CB397,"B, E"
1141411411,sid-9219056D-7C0C-4424-AF2D-AE981C392FE0,"D, E"
1141596279,sid-11244F12-1B69-4B7F-AD55-9952B638D48C,"N, L"
1141896355,sid-72AC89B1-9251-42AF-9089-E5D89CAF9849,"Auto confirm all stock in MD1, manually enter data to create pallet labels"
1141896355,sid-2DFB53E7-294E-47B0-82F1-B34A62670B68,"pick stock from production conveyer using RF, Palletizer in MDES(Milk)"
1141928546,sid-337604C8-7BC4-4088-865B-8BAD2248C301,"Create Purchase Order, Check Inventory"
1141928546,sid-31EDED8A-532B-4EB7-B046-B30CE9EAF74A,"Reserve Funds for Purchase Order, Rework Purchase Order"
1142114864,sid-997F2F28-6FBC-4FF9-B1F7-D35BAAC07719,"Discuss the new position requirements, "
1142114864,sid-CBE5D66D-BE7E-4608-937B-09E64D9B262F,"Screen the applications, Check relationship of applicants and selection committee"
1142114864,sid-D7116961-69E3-4375-B191-4AC854945087,"Judge, Write advertisement text"
1142114864,sid-A9BF89DD-D557-46CF-8277-B164482F70AF,"Judge, Document requirements"
1142114864,sid-4419D97F-5187-4DB0-B689-F5C20DCEC818,"Rank top 3, Evaluate top 3 applicants"
1142114864,sid-5EAD6235-A5BC-4816-B878-D40C1F2F722B,"Evaluate report, ParallelGateway"
1142114864,"Ask for
 approval","Discuss the new position requirements, Evaluate perspectives"
1142114864,sid-F32457DA-428A-4CEE-A135-15A4683061D9,"Rank top 3, Notify applicants"
1142114864,"check if 
 approved","Evaluate the requirements, Judge"
1142114864,sid-780E9AA3-4ED3-4CD8-B9B8-81CF5968E781,"Discuss the new position requirements, Adjust project timeline"
1142114864,sid-FAA7AC9D-2F1B-4616-BD63-778E002945D7,"Rank top 3, Evaluate top 3 applicants"
1142114864,"check if
 approved","Evaluate the requirements, Judge"
1142114864,sid-4174F825-7164-4C69-AF94-0F5174D34358,"Evaluate advertisement text, Exclusive_Databased_Gateway"
1142221726,sid-5E6D7957-D7BE-488B-9CEB-4D15EFA52D32,"Check Budget, Fulfill Request"
1142221726,sid-E0C28FBD-1034-46B5-BA28-7AC801AFAF5C,"Notify Customer, Approve Service Request"
1142221726,sid-D9ACC02A-56BF-4947-A528-B09183B3B745,"Notify Customer, Approve Service Request"
1142221726,sid-39312EBC-8CFC-4080-9EAB-5F0BFF5F8492,"Approve Service Request, Notify Customer"
1142444118,payment received?,"close order, check bank account for incoming payment"
1142444118,product in stock?,"product in stock?, check material"
1142444118,material in stock?,"material in stock?, check material"
1142444118,allowed to order?,"allowed to order?, check existence"
1142444118,already existing?,"create customer, check existence"
1142444118,is solvent?,"write letter of cancellation, write confirmation email / letter"
1143471457,Approved,"Receive Denial, Receive Approval"
1144067319,sid-55B9303D-3F60-43CE-AC62-26D677C64A1B,"Closure process, Display Overview"
1144067319,sid-D1AFF06E-AD28-471C-9B7B-1EB021EBDDD6,"View Details, Return to Home Page"
1144067319,sid-7BD2EE75-B644-4D29-A2ED-ACF8F68F884F,"Complete Initial Registration, Connects to Purchaser Initialisation process"
1144067319,sid-DD9A174C-F87E-4F05-AD9B-25E4AEC643B5,"View Details, Return to Home Page"
1144594129,sid-4C5C566B-8FA0-49C4-9EBA-B231E532AF3C,"E, F"
1144594129,sid-FD19065A-2495-4F2C-9FA5-23BF8624DE38,"G, E"
1144594129,sid-12807CB3-7AD4-4665-85AA-2A5DE0711F45,"S,"
1144594129,sid-146629AC-40DE-43CE-BD3E-8C6291B7FD44,"T, U"
1144594129,sid-7A6DCC2D-D5FF-4018-91F1-3C05AFAD8EAE,"X, R"
1144594129,sid-16037172-77D4-46D4-A9A7-9218CFFAC2B1,"AA, Z"
1144594129,sid-C41AAE4E-673A-432C-BF56-D333B0090C27,"J, K"
1144902696,sid-FE5EA08E-8A31-455C-BB58-D83E2ED7FEB2,"D, E"
1145380957,sid-FE639E17-6184-4688-BE24-18166CC2CFAD,"11am&3pm, Every hour"
1145380957,sid-F6EA63CA-F847-41E9-B1BE-1EFE36E7B2F1,"11am, 3pm"
1145380957,sid-1F0F5A8F-236C-43D1-B544-E3C349EB35C5,"Select and archive invoice and locate, Charge fee and generate monthly invoice"
1146076955,sid-EA550EAD-2D92-46C7-A535-046A105EAB11,"Add to waiting list, Checkout book"
1146076955,sid-26A54820-D51D-4B59-8558-2EBB7D74DE12,"Accept hold, Cancel Request"
1146260055,sid-C994C0F4-C236-4A9E-BD4C-E9E51127FA9A,"Close Order, Check number of reminders"
1146260055,sid-1BB63E24-F1E7-46A2-B133-D5309F502668,"Start dunning process, Send reminder"
1146260055,sid-FA9ADF90-0753-453A-BCC7-43110F5B5847,"Check if Costumer is a wholesaler, "
1146260055,ok?,"Check Solvency, Check Stock"
1146260055,sid-3A9911FD-AD3D-4A89-8216-243B7C7A10B0,"Produce goods, Exclusive_Databased_Gateway"
1146470811,sid-8F9470A7-3CB1-4B0D-9339-B523F0FCA105,"B, A"
1146470811,sid-7F41557D-E383-4C06-ADB1-092B730B28F2,"F, Exclusive_Databased_Gateway"
1146504808,sid-8D7F5D18-7FE8-47CE-A26B-C31C1F056D07,"sid-8D7F5D18-7FE8-47CE-A26B-C31C1F056D07, F"
1146777053,sid-1B796EC1-0E4C-4FFF-950C-21DAFE5BBA7D,"M, L"
1146777053,sid-9575EDCD-DB4B-4163-980F-0E919210DD99,"O, N"
1146777053,sid-7B1E2447-FBEF-4BDC-BCB1-7A782A809669,"P, Exclusive_Databased_Gateway"
1146990943,sid-3DF609A8-31B2-4427-B992-1364511A6FFC,"B, C"
1146990943,sid-A1269FAF-87CB-42F1-8CD9-692EE6D53D82,"H, I"
1147807469,sid-DC2FA781-E57E-4E85-9A37-5372E916F8D6,"fill in the form for hollidays, fill in the form for shift change"
1147829075,escalate?,"Handle complaint, Email Student"
1147829075,instructor resolvable?,"Handle complaint, Handle complaint"
1148554734,sid-4517B3C9-8E87-46E6-8D05-420F62CF630A,"Request Payment, Show ""None in Stock"""
1148936892,sid-FCC131DC-379A-475D-A9B3-C9B28739747F,"Put red stamp, Check if invoice is urgent"
1148936892,sid-0F3E9807-D238-416D-AF37-57123B551C53,"Give priority to urgent invoice, Check if include urgent invoice"
1148936892,sid-7C619F24-B322-4FF7-9B4B-7743153E0281,"Add vendor number to the invoice entry form, Complete Vendor Master Record request form"
1148936892,sid-E2B62B53-8960-4EE4-9DA4-250EC2827F7C,"put in collective high priority outbox, Exclusive_Databased_Gateway"
1148936892,sid-9428D66D-01E2-4375-9DEF-941CD5F82624,"Re-sort Invoice per vendor, Re-sort Invoice per amount"
1148936892,sid-671BFC1E-27C3-4632-9196-9280175127C9,"Enter it with in 24 hours, Enter with in 1-5 days"
1149012148,sid-AFDE0EC7-97BB-48DE-8A3C-1F94576B8A83,"G, I"
1150553043,sid-FDDEEE14-C0D6-4FE9-9582-A51B0B71949B,"F, E"
1150553043,sid-FFF75436-877B-42A0-9B0A-9D21F1637367,"T, K"
1150553043,sid-74B18989-73C4-4837-9D94-772B562E4718,"Z, AA"
1150553043,sid-162248EE-B5A4-44FA-85E0-91061777BA0E,"X, AC"
1150553043,sid-52A557A7-D8D6-4158-9012-3857A8549CC0,"AJ, AN"
1150553043,sid-9A136B4C-7055-4230-BC85-873659937A2D,"AX, AW"
1150553043,sid-2EC8671D-868B-4272-B46B-130EB783FE3A,"BB, BC"
1150553043,sid-58241E28-4CFA-4C86-BC01-087E9179F107,"BH, BI"
1150553043,sid-27C3B3A2-CAE9-48D0-92C0-C5C08C85066B,"BG, BJ"
1150785287,sid-5D89183A-ECA5-4982-9C42-11CE06D5EDC5,"Check against release date is during an approved ITS Change Window, Check Change Type"
1150785287,sid-EFA2817A-4C21-4915-A579-4668436DD452,"Confirm release date, Provide new release date"
1151121658,sid-F2CED6A6-5467-45BD-969A-4BC135C4010D,"G, K"
1151266807,sid-BFCC7663-6C4C-4E99-AA58-7CC7DBF1727C,"F, ParallelGateway"
1151314653,sid-1DAF0131-7D62-472C-B9BA-A1A651AB7203,"create profile, login"
1151314653,"
","cancel order, check order"
1151333696,sid-375105A3-A832-4447-8429-386190AAF9C8,"AK, AJ"
1151333696,sid-1FAD4869-9152-4EC6-B738-4E2B025F5DDD,"AM, AN"
1151333696,sid-94B7C3CA-5600-4751-B0F1-F869AD7E4DEE,"AO, AP"
1151333696,sid-C9C2D96A-C563-495D-AA64-58576B0EACA8,"AD, D"
1151333696,sid-40604200-8794-4526-9C26-BD9FD37C4468,"F,"
1151333696,sid-8F719B3C-DF1D-4CA9-8BB2-FDB6EE2BA5A7,"IntermediateConditionalEvent, ParallelGateway"
1151333696,sid-6843D1E4-C5C1-41F9-9EB8-30D529861878,"H, J"
1151333696,sid-F7C76B27-9CD8-43E4-AF17-EF7F0EE380FA,"I, J"
1151713265,"modifications
 needed in OSB?","modifications needed in OSB?, modifications needed in OSB?"
1151713265,"Missionary
 wants copy of
 the statement of
 liquidation? ","Give a copy of the statement of liquidation to the missionary, Make the approximation of the payment between the management tool and OSB"
1152261514,sid-9D95E1B8-8C3B-45F4-82CF-A55DD7138F7F,"Report the short, picking product"
1152261514,sid-ABD18897-0DEE-4055-95AC-F90803A0DB68,"Picking the short, Report the short"
1152283314,sid-92234120-58BC-404D-9560-E1539DE4019A,"I, Exclusive_Databased_Gateway"
1152591732,Risk='low'?,"Request Approval, Accept Credit"
1152591732,Amount>=1M$?,"Assess Risk, Request Approval"
1152591732,Accepted?,"Accept Credit, Reject Credit"
1152614806,sid-CBD62E43-6CC2-4C4C-9763-E8B9C183E4FF,"Construct Purchase Order, End Process"
1152614806,sid-51120202-16B7-4ADD-B1DD-0013DC53089D,"Review Purchase Order, Rework Purchase Order"
1152614806,sid-AF4651F5-F75D-4137-9CB3-A2337AEE16AA,"Rework Purchase order, Review Purchase Order"
1152813586,sid-B4E253CA-434F-4725-A21A-C16501EAB54D,"E, X"
1152813586,sid-F2882679-13D1-427C-B2BF-0F77D4C02A31,"L, D"
1152858714,"Belongs 
to PBPE?","Send to others, Send Company info to PBPE"
1152858714,Done,"Send reminder, Check payment"
1152998628,sid-BA01F02B-A776-4679-A351-EECC81EE878D,"C, A"
1153313819,sid-1534FF88-794C-4323-93E9-424EA468FCA8,"Register Customers and defaulting Accounts, Check CRM for new returns"
1153313819,sid-11AE45DF-326B-4B94-A6D7-2FCC99BAF1CA,"Register Customers, defaulting Accounts"
1153313819,sid-A25FFEFA-D50E-4262-9B37-496FA08D5547,"add account to Table, chech wether account already exists in a defaulting table"
1153313819,sid-1A0AC480-56E5-4E9B-A9DF-38D628ACBB68,"Check ""Default Account"" Table for new Entries, table erzeugt ja oder nein?"
1153427929,sid-23972B86-7674-469E-A39A-B427927D7F2E,"F, D"
1153427929,sid-35E8B74C-C5D5-424E-BC11-62C40AB54A3F,"B, "
1153427929,sid-2BEBACE4-08F5-4B70-91EF-009739401F0F,"ParallelGateway, ParallelGateway"
1154557224,sid-A7CFCE80-B75F-44D5-8212-6EFAFA7DDF4C,"B, "
1154725222,succeded?,"try again, End"
1154725222,abort?,"abort?, try again"
1155406537,sid-0D5CF8BB-F153-47F1-8D13-9296CD96A294,"Select Personal Account Type, Select Premium Account Type"
1155406537,sid-EB64FB08-9704-4AF6-A275-2E35ABF86EF6,"Generate New User Email, Enter Login Details"
1155790102,sid-0FBAB713-99BE-4F30-BF32-963E0EF90AA7,"D, B"
1155919401,"Article
Available","Receive Payment, Procurement"
1156822711,sid-1B3A753F-8303-4056-BEDB-3E1BDB448C77,"Send approval, Send rejection"
1157103317,sid-2354CDED-D025-41DB-9ECE-1A8F103A21C3,"Set callover, Defer callover"
1157592789,Order includes fries?,"Order includes fries?, Check order for fries"
1157592789,Order includes patty?,"Grill patty, Order includes patty?"
115781886,sid-E107AC6E-88D9-4DC5-8E29-7F52402FF3B5,"penalizace, "
115781886,sid-EA0CB36D-6C0A-4ED8-A2C3-340DC6BDEFF0,"check, consult"
1158648175,sid-2ED3C7AA-374A-4042-9133-8C114D2B0A83,"Authenticate Sign In Details, Exclusive_Databased_Gateway"
1158648175,sid-86170E47-9DA8-4EAE-83EA-8B7E6A6EA815,"Sign In, Register an account"
1158648175,sid-CC716C2C-7606-4EB9-88C8-B47A44B14FE3,"Select Shipping Address, Verify Shipping details"
1158648175,sid-B2C90F9A-3D17-40B4-B544-0314C448359A,"View book by format, View book by category"
1158648175,sid-1ABB9BA1-21F8-4A59-8418-11DB4F01F469,"Register an account, Sign In to existing account"
1158664012,sid-F4C2F874-6B81-4664-9976-47F83FE5D460,"A, B"
1158664012,sid-14C1109A-A402-4282-8068-CD19D7807A8D,"AA, AB"
1158936132,sid-403729E4-7884-4FFB-BBA1-09E2740EBC2C,"AB, AC"
1160066690,sid-6A99D708-87AC-4210-AC21-C82BDCE16D3E,"enter new user data, check user creation success"
1160066690,sid-D0B495DD-58CC-43A8-8440-ED69CFDAFA01,"Enter Email and Password, Request Password Recovery"
1160066690,sid-86026668-9E7E-4AE6-8342-A9629D433E65,"Check if already has an account, Check Login Success"
1160066690,sid-7D475ADA-D26D-4774-90A5-AE6CA89B109D,"Check if Remembers Password, enter new user data"
1160550961,sid-51BFE985-F40B-4AA7-ACA9-CAB4FAC5D8B4,"NCIIC Photo check, NCIIC check"
1160550961,sid-5FA4B717-E148-4DD4-B887-F5EB029BFC05,"PBOC check, Move to WF"
1160550961,sid-FEC36DB4-1FA3-409F-8E42-AC3CC017A322,"Additional objective judgment, Loan purpose verification"
1160550961,sid-DAAA0C06-8C75-448E-BBA3-105BBAE209CE,"Flink check, Exclusive_Databased_Gateway"
116074389,sid-711A7F4B-23CE-4A2B-8781-A479100695AC,"B, C"
116074389,sid-38E620BD-3120-4EC9-9D20-63D618F964E9,"L, M"
116074389,sid-451AFFBC-E191-411B-A9B0-DCC7C0A8BF6C,"K, O"
1160866544,sid-C258A1D3-BD3E-4AE9-B6EE-1999D2A62C4F,"Create Purchase Order, Check Current Inventory Level"
1160866544,sid-BECF57C6-DE7A-49D1-8CD1-575CAADD1EB7,"Rework Purchase Order, Send Purchase Order To Supplier"
1160877959,sid-A4F8D5E4-8220-4EE9-81A0-E2F656DD6AAA,"calm the boyfriend down, start a bar fight"
1160995450,sid-35C45403-8256-4C2A-B957-5064FE53EB44,"Self Funding Venture, Create Business Plan"
1160995450,sid-FB131CB1-C5B1-4C04-8BEB-2734A6B7CD66,"Government Grant, Bank Financial Help"
1162747107,sid-A8AEC001-79E3-41AF-9DFE-05D01C50CCC5,"Assign penalty points, Check process model"
1162747107,sid-85034F5C-77C4-41F5-9712-FE87A72AC2EB,"Perform work according to the role, Present the project"
116304957,sid-C7EB476B-37FB-4F9A-ABC7-3D9DDCEB883E,"F, G"
116304957,sid-AD3CF094-0478-471A-B6BF-5D8D5DF0BF38,"J, K"
116304957,sid-FFC41ED5-791B-44F8-BBFA-A56B3A4B8C2C,"O, P"
116304957,sid-BC4C4622-286B-40BF-B103-43D9EE28A6DB,"W, X"
116304957,sid-600F3EFE-B504-4D8F-9C10-E0195DDF61E8,"AA, AB"
116304957,sid-E15065FE-809A-4367-B948-D7E79C729A94,"AF, AG"
116304957,sid-B50EB32A-33C8-4253-8EFD-FC296BC9A1E7,"AL, AM"
116304957,sid-9DECAFFF-F8F3-4D08-ABD3-DD505EEAA1CB,"AI, AJ"
1163314687,more treatment?,"more treatment?, Send results"
1164365769,sid-EA9D6630-B6CB-4E10-840F-27DBF4266C1E,"Z, Y"
1164365769,sid-2D72FC17-C3CB-4BF7-A18D-68E4C9F9567D,"V, AD"
1164553501,sid-0ECC26E8-17DA-46D1-B8EE-4E7408C693ED,"B, C"
1164564371,sid-44D000E9-A971-4214-AA92-A85FF779ECE8,"Application previously submitted and rejected, documentation supplied has a problem"
1164564371,sid-2A1061D0-353D-49AB-AA41-F32FA7F4925F,"Application rejected, Request for further information action through suspend processing"
1164564371,sid-F1C2A874-AAE6-49E2-B9A3-D72F99DCE953,"Application for tenure application is rejected, Application for tenure should granted"
1164818648,sid-CE5F19D6-DD10-4694-8B17-239559E7B47C,"E, D"
1165225432,sid-7E8B8C80-AE82-49BC-964A-5A5D29C6D739,"E, "
1165644449,sid-5F9601A1-D0C6-4039-8039-AE4F7E8656C3,"S, T"
1165644449,sid-BADF8C1E-59CB-4DFB-B780-2F531A9F6C06,"V, W"
1165644449,sid-60FA596F-A59D-475F-B83D-F8A37D6B1ABF,"G, "
1165644449,sid-5C7C924C-7A6D-4636-A7EA-C0D5390B3026,"M, O"
1165672134,sid-AF9377EA-C8D4-476B-91FF-ED32B6168D44,"Check the contents of the fridge, User think about food"
1165980230,sid-8A156AF8-C903-4FE2-960B-F4CA9140D7A7,"AG, AF"
1165980230,sid-6518C90F-7EA9-4E25-AA4B-B663DF542174,"AY, AZ"
1165980230,sid-54FFA18D-073D-46A2-B8D8-7E94294F2972,"BC, BD"
1166087160,sid-55755AA9-F7C1-4AD1-8DD4-48B1F375CAC8,"E, H"
1166713953,sid-6727C0A8-956D-4029-AE9B-65C19897272F,"Check free positions, sid-6727C0A8-956D-4029-AE9B-65C19897272F"
1166713953,sid-DC736BB4-4727-41B8-9FA4-D119AE4DC08C,"Preparing for foreign studies, Result"
1166713953,sid-C81E5688-D300-4BFE-BFCE-701D901AF34F,"Receive decision, ParallelGateway"
1166713953,sid-97A8D2CE-EE41-4C8B-B2DA-F193CE6E3D3D,"Exam, EndNoneEvent"
1167215957,sid-E3B123CF-35AC-4367-BD81-2F20DA05ECD3,"W, G"
1167215957,sid-B43AB632-234F-468B-AD25-B2C81FFACC20,"U, AA"
1167521718,"New
Member?","New Member?, stamp Letter"
1167521718,all procesed?,"Receive letter, InclusiveGateway"
1167656963,sid-12208651-01BF-451E-BA56-5DA6FED232C9,"D, B"
1168017893,sid-831FECCF-8353-49B2-9A5A-03D1B176268D,"register rejection, reranking of successors"
1168017893,sid-613B8BE2-15D5-45C4-81B0-F66A78C42DF7,"check by Study Dpt., send list of deficiencies"
1168017893,sid-44C33E43-7423-411C-BDF8-DF788926813E,"send list of deficiencies, send admission completed notice"
1168017893,sid-BE456F22-72B7-4FA0-8B63-C6BFD6BFE811,"14 days, EndNoneEvent"
1168188392,sid-A0A511EA-ACEB-48B8-8593-377D15885115,"Ask for personal data, Search for patient's file"
1168205075,sid-6C455062-131E-45C8-8363-B9BC7053E6A2,"contact prof. for course info/schedule, send contact information"
1168252224,sid-BB37329B-E3A2-4BB7-B1DB-88C073F76D5B,"Open new case, Retrieve case history"
1168344228,sid-5DFB00E6-C557-4557-B959-90EA261EFEF1,"contact customer for address, send offer"
1168440930,sid-80050596-AA93-4A7B-9B8F-EA457A190531,"X, Z"
1168440930,sid-2F397C48-7B36-4F5A-BC27-9CFBBA78DF5B,"M, N"
1168440930,sid-84124DB9-8FD9-4AD9-AC0A-1F174E3B690A,"AB, F"
1169142192,sid-35B64F13-2A53-4E54-8381-3880C0764D35,"Create vendor Number, Check the vendor number in SAP system"
1169142192,sid-EF3727FA-2CD3-43A9-A7BF-491AAB2E4D4D,"Re-sort the invoice per vendors, Re-sort invoice per amount"
1169142192,sid-48583203-58D1-4CC2-B66D-661F757F63DA,"Entry a new vendor master records in 24 hours, Entry a new vendor master records in 1-5 days"
1169232046,sid-9A44672E-4DA9-4C3E-8820-307FDCB2A2C0,"Receive Note, Exclusive_Databased_Gateway"
1169232046,sid-7EBAC618-2C87-40A5-BA66-70789003C229,"send acceptance note to the user, send rejection note to the user"
1169232046,sid-7B0649DF-56E5-456A-B925-8706A67F5211,"Request more Information, Notice send for approval"
1169316981,sid-7AAB1760-C5D1-4BD5-9721-81C625593D17,"A, B"
1169629145,sid-6653F34B-4151-480A-BBAB-33BC5466DDE2,"sid-6653F34B-4151-480A-BBAB-33BC5466DDE2, "
1169629145,sid-AAAEDD72-3453-4BEA-866A-28D492DDAD0C,"M, L"
1169629145,sid-8D7C7AC7-9D23-4CE0-9494-F1BFC093841E,"H, I"
1169629145,sid-1D713423-9BE3-40FD-AD32-9744FD7CE6A2,"BB, Exclusive_Databased_Gateway"
1169629145,sid-130B68B0-9362-42B9-A781-5DD300D0C2DF,"AZ, Exclusive_Databased_Gateway"
1169632775,sid-988383D8-B93A-444F-8C78-DEFC13029D02,"Prepare all the document, Prepare all the documents"
1169939803,sid-9BC125E4-C6AD-4602-9602-A7C4150114BA,"N, I"
1169939803,sid-D6796324-BCA4-47C4-ABE6-9AD7026F4B4C,"H, EndMessageEvent"
1170001214,sid-D791E3B8-AB2F-4FFF-A6FB-BDED2174DC94,"O, "
1170011521,BY,"BY, BZ"
1170503869,sid-4ED45076-B7B0-416F-B02B-BA6BEF835B68,"Selectively propagating one-off full queries to the EPCIS that hold relevant information, Storing full standing queries"
1170503869,sid-B366552E-8513-487F-AB33-8BA2251694A3,"Issuing a full query to the DS, Subscribing a full standing query"
1170858349,sid-2F1524E8-C229-4B13-AD72-94D8AE6DF5D8,"Accept offer, Reject offer"
1170858349,sid-B851F963-EA30-4FAF-8431-F80AB98EBFC0,"Formulate offer, Request denied"
1170858349,sid-FD9D52D3-9F87-4988-BF21-33621CB5B504,"Request denied, Successor Types: Exclusive_Databased_Gateway, Task"
1170858349,sid-D4C432AF-AEF1-4695-B270-D3705551BB2B,"Check Security, Activate Credit Rating Partner"
1170858349,sid-43F55A37-50A1-44A9-8227-FF428D0A3541,"Formulate offer, Request denied"
1170858349,sid-03D91D4A-F148-451B-A605-085EC8CB3639,"Approve, Denied"
1170887240,sid-596EBF8B-1E5C-43C7-A922-EBC709BCC548,"Notify client of non-renewal, Continue with renewal"
1170887240,sid-88F26146-20EC-4CC3-8499-D544DF4F8FCF,"Notify client of non-renewal, Continue with renewal"
1170887240,sid-A1CECBB5-7261-4C19-BFA6-5FE33A296F5E,"Notify client of non-renewal, Continue with renewal"
1170887240,sid-55434544-28C3-4F8E-8904-8BE01E11C671,"Notify client of non-renewal, Continue with renewal"
1170887240,sid-259C6C31-6132-4A74-844A-AFDD9102ACE7,"Return loan item, Accrue penalty points"
1170924526,sid-235A36F0-4034-4C7F-A463-E5D49FC5AF43,"Above Minimum Report, Equal to or below minimum Report"
1170924526,sid-FA301689-6E41-4F15-AD9B-06D6683AFB5B,"PO reworked, PO Printed and released in system."
1171199911,sid-CDFA572E-2F4E-4EE1-A577-AB0A43509AF1,"hospitalization, Exclusive_Databased_Gateway"
1171199911,sid-130ECDBD-16E9-42F8-BEFA-450B3525AC18,"patient gets a prescription, patient is healthy"
1171216381,sid-AB5F1DC7-2199-409E-9648-3B87B5E3E761,"Tuition fees, Tuition fees with late penalty fees"
1171283933,sid-511E9CBF-8661-4D1A-B4A8-C1A9B7106160,"manual handling, "
1171283933,sid-CF3C0B8B-D29A-4110-93C9-C2B50BC94554,"book attraction, hotel bus book"
1171283933,sid-ED2FFD51-07F4-4677-95C2-D3292BAE6B36,"Service available, Service not available"
1171283933,sid-0A0E40E1-6196-4F7E-A367-E69211103150,"book attraction, sid-0A0E40E1-6196-4F7E-A367-E69211103150"
1171513466,sid-10A1D786-7BA9-42EE-81EE-CDD4FF99068B,"Aprove Purchase Order, Reject Purchase Order Rejected"
1171513466,sid-E89841F4-6E5A-46FD-AE37-6606336637FB,"Create Purchase Order, Check Inventory"
1172098360,sid-ADAD8B8A-C033-4B9B-918E-5CC96C4C27E3,"Renew item, Receive indication of unsuccessful renewal"
1172098360,sid-EB77A520-1EE6-4B9F-A39C-DDCAA8A15669,"Resolution of borrowing privileges suspensions, Resolution of academic and financial penalties"
1173387553,sid-A60215F6-4FDF-466E-B6E1-21062484F6B8,"Create Purchase Order, EndNoneEvent"
1173387553,sid-2420D275-4471-42D1-AB50-1F40C2A09BE3,"Edit Purchase Order, Review Purchase Order"
1174286601,sid-45D38FF8-719F-4790-9A20-1943C0BC594A,"Q, Exclusive_Databased_Gateway"
1174286601,sid-52F8779E-421A-4562-A81A-59B2602638CD,"M, N"
1174286601,sid-1160B7DB-A793-4002-B1AF-8344994B6E97,"sid-1160B7DB-A793-4002-B1AF-8344994B6E97, D"
1174369546,sid-5C1E33DD-DD1B-4A4C-A75C-64F9E0B0FD89,"AE, K"
1174437839,sid-61383885-6A25-461D-9F53-8DDCAEE0ED5D,"Add New Issue, Analyze Proposal"
1174437839,"Are any new
Data Available?","Process Issue, Exclusive_Databased_Gateway"
1174437839,"Vefication
Successful?","Request Correction, Submit Proposal"
1174437839,"Is deadline
today?","Is deadline today?, Order Issues"
1174927742,sid-B13A91A0-5E02-4236-9B3F-4ECFFB957B90,"mark request as closed, notify outcome (e-mail)"
1174927742,sid-B42B89E8-B066-4981-B25F-F21039BE73A5,"Forward request (automated), Communicate resolution"
1175307781,sid-A8145201-4711-4EDC-AD56-5FD32D6474B2,"collect all the receipts, end"
1175307781,sid-5DEC55D7-4FFA-452B-BEBA-5180B1C4A34C,"sends all receipts, send part of the receipts"
1175618809,sid-C6AB1699-B02D-4BCC-B9FC-41D98C7D4C41,"E, F"
1175618809,sid-7B43C242-A04A-47D7-867F-A727500EE32A,"C, D"
1175979386,sid-3ED65C00-102F-4982-A789-321FD4190101,"notify techgate (preferences, comopromise), confirmation"
1176833466,sid-30E5BDB3-BCE1-4644-B1D2-3FA218ACCF34,"Check customer requirements, Check if customer already exists"
1176833466,sid-F0D48B3C-09F5-4856-8B36-52D1344E2EDE,"Create customer in database, Deny customer"
1176833466,sid-8658D00A-F449-45CF-947C-0153A879AB51,"Deny order, Check availability"
1176833466,sid-3DA4807D-7B19-4A16-BBF4-A81F417FC0B3,"Produce goods, Exclusive_Databased_Gateway"
1176833466,sid-24050DB6-69E1-4B3C-902C-252F22D42CC8,"Send reminder, Dunning process"
1176833466,sid-C1626871-F328-4924-9596-C53B7B98A3B7,"Check no. of reminders, Confirm payment"
117696398,sid-5E1193FD-A4D4-4F1D-B7DC-211AAD8F0C52,"Highlights the error in entry form, Check ""invoice entered correctly"" box in entry form"
1177117748,sid-30B591C5-2D54-4E6B-9C3F-0E8524C73017,"take a seat, leave restaurant"
1177117748,sid-23CEF6FF-301A-4EE6-9AA1-3C99AC8EB72C,"order tiramisu, Exclusive_Databased_Gateway"
117760484,sid-91A082F8-1DFE-4CB3-9FAD-6AFD797E5482,"check availability, cancel order"
117760484,sid-EAF67B17-5946-42E2-A8AC-D30CE7B6708D,"produce spare parts, check availability"
117760484,sid-E79F5C77-7EE0-4855-BA37-5AF4E7F75EE9,"send another reminder, write off outstanding amount"
1177857948,sid-4CD162D1-C464-498B-AC72-6FE222853BF3,"D, I"
1178644356,sid-A5FDDE1E-B8DB-4ED0-9B38-54AF7EB05B9B,"AG, AF"
1178644356,sid-57273FF5-E29B-484C-8F7F-A85D4262026F,"R, "
1178644356,sid-348FA089-7331-4451-AC00-4A2114A4C6FD,"AO, AN"
1179587055,sid-588EB1EA-659A-48B0-973D-65AD548A1CFA,"Inquire about policy details, Exclusive_Databased_Gateway"
1179587055,sid-F0221581-46DD-4ED5-8753-33CED2EF4AC9,"Discuss policy details, Meet with Broker"
1179587055,"Is customer
eligible?","Discard Application, Check status of vehicle"
1179587055,"Vehicle
Status","Check condition of used car, Check status of vehicle"
1179587055,sid-6D065E6D-D89E-4204-82A7-BAB12AB9DC90,"Waive inspection, Inform customer of required inspection"
1179587055,sid-ABCFF938-1AAF-4D89-8649-1516B6F99FA1,"Reject insurance application, Attach records to application form"
1180168927,sid-EF598154-1AC9-4AF8-A479-201C2B3D49A0,"F, K"
1180800051,sid-DD2B925D-EDAC-4DA2-AE0C-EEB99C29DD09,"Accept the Claim, Reject the Claim"
1181051454,sid-86D8CF16-69B4-4B75-863B-6BDC50B7021B,"EndNoneEvent, Exclusive_Databased_Gateway"
1181563056,sid-A10992A1-9C20-450B-87F0-C6353163DD2F,"B, C"
1181741165,sid-3F9E5BE2-89FE-4550-93F0-9EC113BA1511,"problem resolved, enter request via web interface"
1181741165,sid-C880B1F9-546F-4ADD-B572-9309BB148DFA,"mark request as closed, comment resolution"
1181741165,sid-FB6DB517-1CFA-423F-8F3E-5E6EC7161E65,"write solution and mark as resolved, assign to level2 administrator"
1181741165,sid-8E5E9CE3-AB8B-45B5-A0A6-12B2712591DA,"evaluate request, estimate resolution time"
1181823490,sid-8F0F0D88-0500-402C-808A-A669A01CCDD8,"Image Indexing, Scan Letters"
1181823490,sid-D436D6BF-715C-4177-981C-3B29B3C97797,"Cash sent to Accts, End process"
1181823490,sid-88E6C7A2-3532-4E09-BE20-01FEFD4E80AE,"Return cash to client, Cash placed in safe"
1181823490,sid-3E3162E3-7F79-4BBA-B9A6-3C04BF7C60EA,"Request funds, Predecessor Gateway"
1181823490,sid-3D758258-E79E-4CEE-AD06-C9BB4378877E,"Check for new client form, Review PO"
1181823490,sid-F3C331D9-EB65-42E1-AAE1-F523E7110AAA,"Send form to client, Check for new client form"
1181823490,sid-DFD6F785-F81F-4B91-AA74-B1779D448649,"Reject PO, Rec'd completed form"
1181823490,sid-B5690AEB-B1E9-44ED-81F1-E46DD60A2F4F,"End Process, Return cash to client"
1181823490,sid-EB57454B-0E8D-476D-9A04-038BA9AAF5D0,"Check for funds, Return to Maker for corrections"
1181823490,sid-3263BA3A-1C31-4ECB-B099-C06F3E0DB2A0,"Return to Maker for corrections, Checker signs off on client share Purchase"
1181901031,sid-DE55D660-E72E-42DD-918D-786D3ACB74B1,"Approve Purchase Order, Reject Purchase Order"
1182064388,sid-294F1EFD-2694-47D0-BE4E-16781EA6D94A,"Book bus, Check availability bus"
1182064388,sid-9858BEF5-78C0-4B58-A405-120BA6D53FA3,"Book hotel, Check availability hotel"
1182064388,sid-7D4E8B8F-F7E8-4C1D-AD73-6F31776B3245,"Booking OK, Booking NOK"
11823167,sid-4CBE800C-A2F7-4656-8C25-B516AC12FE9F,"S, U"
11823167,sid-8B4299D2-0CB0-4733-8548-5ABCC3A5E3E3,"N,"
1182515569,sid-72B75EA6-EDB6-4827-912A-EF9621E40D34,"Calculate EAD, BF Check"
1182515569,sid-2D12E51F-46DF-49C1-BC0B-8A00A0CD87AE,"Define Parametrization, BF Check"
1182664994,sid-A4FBE863-0065-4FAE-AC11-F817AEB50740,"Shower, Breakfast"
1182808714,sid-F3125995-3BD8-4F14-A182-F8F1173C583A,"Tick 'Yes', Tick 'No'"
1182808714,sid-9D1B9B6E-53AE-45EA-829D-3763495669FA,"Mark as urgent with red stamp, Exclusive_Databased_Gateway"
1182808714,sid-6DA1EF9F-4C95-424E-91B8-EC6F666F6452,"Look up Excel file, Exclusive_Databased_Gateway"
1182808714,sid-9BA99EB8-896E-4D00-82CB-614F557E825E,"Invoice compliant, Invoice Non-compliant"
1182808714,sid-03740B92-5B5D-4A2F-9CB7-1D016DA6CF50,"Invoice disregarded, Follow up"
1183167064,sid-4B3C91D6-5F76-4AC8-BC6D-3F0E7869750F,"P, B"
1183167064,sid-6E54680A-AAF8-466B-81D6-278A5E94EEFE,"P, B"
1183275938,more information needed?,"contact customer, claim forward"
1183275938,>$2000,"accept or reject claim, review claim"
1183275938,sid-44D40233-9AB9-4E9B-9764-AD8A51FACE8D,"inform customer, make payment to customer"
1183370365,sid-7D4AC957-24BC-45FA-BCAE-90523ECEB772,"E, Exclusive_Databased_Gateway"
1183370365,sid-95AA82FB-38C8-4EE7-8C5C-6539725D489D,"L, U"
1183831713,sid-2B0345EF-E2A2-486B-98A8-CE21AB42EB00,"T, O"
1183870542,sid-2E1A6935-523C-4017-BA92-EE292F2C91A2,"approve automatically, evaluate expense report"
1183870542,sid-69B4EF5D-2FAB-46F8-98AE-3C4C61A11E1F,"review report ok, review report not ok"
11843131,sid-3AA8701A-71DB-4ED2-A7C8-4FE05B340C3B,"E, D"
1184522526,"delivery 
checkout confirmed?","check the confirmation, check the refusal"
1184522526,request legit?,"answer received, checkout not successful"
1184978208,sid-525844B7-F02E-4E5C-83F4-BCDA359DAB8B,"Check Policy, Invalid Policy"
1185064277,sid-239F8180-8ECE-431F-AEBE-BD708469C3F3,"BG, BH"
1185486645,sid-C7F905CC-33ED-42CE-BDE8-E61775A149FA,"Develope business case, Exclusive_Databased_Gateway"
1185652261,sid-0FB40435-CBD4-434B-AAB0-40FB2A7552C7,"Task A, Task B"
1186029787,sid-91012334-0370-468E-A062-669A4911EEF1,"Invoice entered correctly, Highlight error and make record of mistake"
1186333222,sid-39E4824C-E3C3-481C-B702-242DAE13A8DC,"I, B"
1186333222,sid-AE7F6B03-7B5F-4F7C-87A3-CBA5DB5DA12D,"G, "
1186374204,sid-99B0F55D-51A2-4CA9-B652-EB314BE05282,"C, D"
1186374204,sid-86973462-EDCC-44A7-826C-6CC7133EB89B,"G, E"
1186374204,sid-36B6C6D8-F8DA-4C10-A25E-77B91E965EBE,"J, K"
1186374204,sid-EED7FCF0-1621-4561-AA2C-974D2B9D789F,"U, AA"
1186374204,sid-A2C30847-41BC-4970-806E-92EB14EAD224,"AA, W"
1186374204,sid-59D5BF37-FE45-4DC4-A3EB-8E1EB91A5DBD,"BB, Q"
1186483291,sid-82F343FE-2E00-4203-9ED4-DC7CDCD89ED7,"I, L"
1186483291,sid-2DC648DB-84C6-48B1-8335-ABBA6F043860,"H, G"
1187781216,sid-F3D11F9A-9E0C-4B60-8C93-C51B0299DD75,"accept admission, reject admission"
1187781216,sid-A5D5D096-7962-44A6-84D8-CF5AA3111F30,"create list of missing documents, Open students' application file and document the correctness"
1187781216,sid-5E0E3AE6-1CC7-4E50-935E-08BBE5808115,"formal and legal review of application documents, send requested documents"
1187781216,sid-F04BDD0A-9C0A-4229-80B4-76ACD63FFC8F,"reranking of successors, documentation of rejection"
1187781216,sid-651DE49D-BD3F-4AFF-B68D-18B52A3F7484,"send admission, send rejection"
1187781216,sid-1041904C-DAC0-4A32-9029-97BA13559D16,"request for further documents, send rejection"
1187781216,sid-C89FB32E-FF87-4288-B94F-21663411309D,"send list of missing documents, send application documents"
1188157819,sid-FB4706C2-E0D7-4150-A455-537A954100D8,"Check if all information is available, Alternative Path"
1188157819,sid-5DDBFB43-D130-478D-A075-A2F5C6F82612,"Filter new invoices based on urgent invoice, Exclusive_Databased_Gateway"
1188157819,sid-C858A100-8050-445C-92ED-ACF877B970F0,"Fill a vender mater record request form, Look up for raised vender of invoice in SAP system"
1188157819,sid-FC09A31C-9EEB-4D72-8F7E-4078EFDEAE4B,"Put batch(s) in High priority outbox, Put batch(s) in department's outbox"
1188157819,sid-76F36427-48E1-4B70-94C3-D0CEB728C651,"create new vendor master record within 24 hours, Create new vender master record"
118830670,sid-43E86838-9CE0-4B52-83B6-97A157EA351D,"Determine SLA, Separate Urgent Invoices"
1188579335,sid-1C1A7C2D-43F5-464F-998E-900F376900FF,"Request Financial Advice, Assess Personal Circumstances"
1188579335,sid-6ACF1438-2848-4625-AB08-AB39538B7AE5,"Fill Home Loan Application, Authorise the broker"
1188579335,sid-95997DD1-DF2A-41AF-8A9A-F8E5D90366A8,"Review, Proposed Plan"
1188579335,sid-8B2E2F73-9DB0-426B-A0C0-6CCCA6F99BD5,"Create Financial Plan, Assess Applicants Finance"
1189699194,sid-8155DA7C-6934-4525-BF64-28F73B72BB25,"accept loan request, refuse loan request"
1189981543,sid-B17B2E56-F5FF-4060-B86A-72B0DFB8448E,"Send rejection, Send acceptance"
1190287113,sid-4BF7B8FC-E408-4816-8536-AA9C0D87BE06,"Temporary judgement, Judgement"
1190287113,sid-8D474672-D9D2-4442-AB4C-6940B366C234,"Send form, Determine fine"
1190659553,sid-2F92B464-198F-47BB-AFCD-86F4EBFDDE9F,"H, I"
1190659553,sid-5AB4E471-7B81-49B9-9D20-74C56AA55456,"AA, AB"
1190659553,sid-C5B8E355-D83A-4415-B48A-8D9D29172562,"AX, EndNoneEvent"
1191188856,sid-1EE3867A-2245-4A97-807E-21BFE1F3C32B,"E, B"
1191408267,sid-B23C99C2-F691-41F5-B10F-5B7246767301,"Successor Names: , "
1191408267,sid-756B7DBA-6860-43FF-8957-74E5DCF4EA44,"J, K"
1191408267,sid-DD16CFAE-A471-48F1-A33F-22341A5F1A07,"L, N"
1191408267,sid-EA63E6F6-1A48-4320-A9CD-03EE7885EB53,"Intermediate Message Event Throwing, Parallel Gateway"
1191408267,sid-45645791-A6ED-43FA-B37F-085368F67AC2,"Intermediate Message Event Throwing, Parallel Gateway"
1191408267,sid-A1E92E96-0104-47A7-AFCF-ADEB85D96296,"C, IntermediateMessageEventThrowing"
1191408267,sid-BEF79591-58BB-455E-9C46-63BF17F16614,"E, D"
1191408267,sid-2002A0A8-2853-4096-9D3D-243E2A2F2377,"E, "
1192653070,sid-3ACB9BC4-58EF-4158-9649-0BA2FD14614E,"E, D"
1192653070,sid-B560897A-82EA-4AB0-A4FF-252887D60F96,"Exclusive_Databased_Gateway, ParallelGateway"
1192827116,sid-C4CA02C0-926A-4471-BA68-C8D141DAC8CB,"Retrieve product from warehouse, Check raw materials availability"
1193002955,sid-6195A1DA-CC24-4EAC-ADDF-229B6F4E9D01,"Recruitment - Appoint, determine need for psychometric test"
1193176259,sid-04744AA6-CED6-41CF-B195-F819D1A4F98D,"Ready, Check 2"
1193176259,sid-22CF624D-F22F-4666-8143-77D6DF276FCC,"Ready, EndNoneEvent"
1193270233,sid-A015E4AA-CD81-4EED-8A31-553BF830EC2C,"H, J"
1193353161,sid-4A9D9E17-A610-4160-B5BF-44999A00C48D,"repair computer, customer goes home with computer"
1193472892,sid-9BE7A3D3-D115-4251-9E35-BEAE50D06741,"Q, Exclusive_Databased_Gateway"
1194292220,loss?,"loss?, T2"
1194292220,sid-C9BCE6C7-F865-4CD5-B7F2-AC79F4411264,"ParallelGateway, Exclusive_Databased_Gateway"
1194463540,sid-B94F2D8C-1163-4F79-970D-549E1A03FF40,"G, F"
1194778356,sid-EDD99F62-3E68-408F-A7EF-5DD3350E0B5A,"Send Purchase Order to Warehouse, Reserve Funds"
1195286382,sid-488CD88C-A5CF-4411-879E-672EB6AD65EC,"Request account creation, Confirm auction creation"
1195937088,Fees,"Register post seminar results, create purchase request"
1195937088,"purchase request approve?
","notify rejection, Appraisal Notification"
1197088748,sid-484F74E1-15DB-4E97-B2CE-C68A78447580,"H, G"
1197187092,Pricing and Terms Satisfactory?,"Inquire about availability of products, Submit Purchase Order"
1197375677,Medical Exam Required?,"Medical Exam Required?, Conduct Medical Assessment"
1197375677,Accept?,"Make Formal Written Offer, Negotiate Terms and Conditions?"
1197375677,"Available
Next Preferred
Applicant?","Accept?, Select Next Preferred Applicant"
1197375677,Negotiate Terms and Conditions?,"Negotiate Terms and Conditions?, Available Next Preferred Applicant?"
1197375677,Agreement Reached?,"Agreement Reached?, Negotiation Failed"
1197375677,Available Next Preferred Applicant?,"Available Next Preferred Applicant?, Negotiate Terms and Conditions?"
1197375677,Pass Exam?,"Make Formal Verbal Offer, Available Next Preferred Applicant?"
1197647716,sid-35ABD8E8-E500-4E1F-B17B-CDCE6116DCAC,"D, C"
1198831713,sid-4A51015A-D64B-474A-9264-83DC0A3FAE94,"Tick NO for ""invoice complete"" on invoice entry form, Tick YES for ""invoice complete"" on invoice entry form"
1198831713,sid-11D3CE30-8E34-46A6-8A4D-5885BBA4CA4C,"look up SLA in the excel file, Tick YES for ""invoice complete"" on invoice entry form"
1198831713,sid-F5C219B6-BD8D-4FBF-BAE6-236CAA53F11A,"Put red stamp on urgent invoice, Check if the invoice urgent"
1199118129,sid-18D109B4-A079-4ADA-AC43-7C60590E24AF,"Send out offer for emergency help, Analyze insurance agreement"
1199118129,sid-C3F04490-085C-4655-B3ED-A0AEEB4130E8,"Ask for rejection notification, Offer immediate help"
1199906434,sid-313F3AF2-46FA-4C16-A0B0-9ABB941D1CE7,"Issue was resolved, Check if customer is able to provide fixed data"
1199906434,sid-60EA2BF3-1BAC-412F-8951-2506ACE8F509,"Issue was resolved, Check data fixes from public sources"
1199906434,sid-80476A76-9116-48DF-952F-D14B9988FE29,"Issue was resolved, Issue was un-resolvable"
1200342432,sid-5E7804EB-BB56-45CB-83CB-FAE370E6ABE0,"B, D"
1200342432,sid-BA86FCB8-0D47-45C9-8035-529DD9A0848E,"J, IntermediateMessageEventCatching"
1201198762,sid-C8A2FCF7-D586-4CF1-A2BC-C47CE7E8EE70,"Assign penalty points, Check model process"
1201198762,sid-A36F5916-C443-4A8D-8F12-26DDDA04C79D,"Perform work according to role, Defense project"
1201341841,sid-F6C85616-D358-48D5-8B4D-7CEF00CC56D9,"O, R"
1201341841,sid-6696151D-C493-45A8-87CD-4D82FA5DA668,"Q, R"
1201530790,sid-04A34DC0-CE15-4666-9457-976F91F53A76,"A, EndNoneEvent"
12022237,sid-065AC6BB-0F3C-4E97-B1CF-ADADD2DBA4A1,"Purchase Funds are Reserved, Rework Purchase Order"
12022237,sid-8625AAF6-AFE4-479C-9233-2D8AA7476BD7,"Purchase Order is Constructed, Inventory Level Checked"
1203080808,sid-B5B0FAEB-C1DB-471F-BC1D-2053A1D37F30,"Create Purchase Order, Inventory Level Above Minimum"
1203080808,sid-AF61E7E9-174D-46C8-ADD0-AD5ADDCC7D6A,"Rework Purchase Order, Reserve Purchase Funds"
1203411296,sid-D740C513-A1E4-4EB2-81EC-1EA840809EAB,"check hotel booking, unavailability message"
1203411296,sid-7A0856FB-B1F6-42EC-8C95-40988C9697EE,"check bus booking, unavailability message"
1203916741,sid-294809A2-FBF3-4568-A8E9-B6ABCFD99D54,"ParallelGateway, ParallelGateway"
1203916741,sid-B88575C6-F613-450C-A0A8-E692E767C592,"Receiver confirmation, Receive fail"
120399365,BX,"BX, BY"
120399365,CE,"CF, CD"
120399365,CH,"CI, CG"
1204789666,BR,"E, BW"
1204789666,BT,"F, BX"
1205062650,sid-4E2393D3-A329-4C4F-8339-CDE36858FAF8,"N, AE"
1205062650,sid-16F854B4-5530-4970-BF44-5BB5CB923580,"O, L"
1205062650,sid-E22C768A-6F82-475B-BB35-E6CA4F714115,"B, I"
1205311588,sid-0B71F133-0EC6-4E05-9C4C-8BA109E59348,"add new lowest price with Supermarket endpoint, get price of the product for each Supermarket service"
1205839717,"RFQ Meets 
Guidelines?","RFQ Meets Guidelines?, Verify RFQ"
1206074201,sid-BF77F5AD-1D2A-4D2D-A4A8-034DF9605AFE,"Create purchase order, Check Inventory"
1206074201,sid-8AD95C3F-BFC5-4727-82CB-FA64882EA8C2,"Approve purchase order, Reject purchase order"
1206205153,Calendar View,"Pick day to order, My Account"
1206511276,sid-A936008B-A1A4-4E8F-8F3E-F02D12FEC24E,"Accept credit card, Reject"
1206511276,sid-54F49D1E-9A27-45CB-AED4-89978A27A695,"Reserve products, Rollback transaction"
1206572641,sid-E388EF08-9201-4FA2-8699-52F64942D127,"Wait for new SW, Revise BRD"
1206572641,sid-D18729E5-0EE6-4464-A3AD-A0F8708A125E,"Create Deployment Package, Send code back to recode failures"
1206572641,sid-96240497-962E-4B5B-9206-D9A50B0CEFE3,"Re-code Failure Points, Ready the Build Environment"
1206572641,sid-8EE426FE-7FAD-40D7-A3E4-3BCB280A9CF7,"Request IT Testing team, Revise Pkg"
1206572641,sid-1F0B4FF1-7328-4C01-A40B-DB589E0E0408,"Send Approval notice, Send Failure notice"
1206572641,sid-858AFC5B-CF45-449D-AAC9-B4232487C25A,"Close request with detail explanation of failure, Move Package to App Stagging"
1206572641,sid-AE67088A-8844-4612-9F66-C64A59124CB7,"Archive Package, Move Package to OVCM Prod"
1206572641,sid-B9BB4020-0956-48D9-92F2-70649E809D0A,"Send Functional Requirements to Dev Team, Request Clarity"
1206709051,sid-D1EDB29E-D18F-48B2-8B69-BBC7FF64620F,"T, N"
1206709051,sid-BA7B4074-1544-4858-80EE-DFBC3D1EADD8,"N, AH"
1207663624,sid-081D6EFF-1AAF-46B2-B204-972A887C1AC0,"K, L"
1207663624,sid-53ACA47F-CDFA-4B54-A740-03574F725704,"O, L"
1207663624,sid-50244A02-34FA-41BD-9E8E-375BC28CE0D9,"H, S"
1207663624,sid-97FAC2E6-0005-4344-BC87-C09B5FEFD1AB,"X, W"
1207759168,sid-0644E601-F9D9-458E-8D65-C502A245A0CF,"O, P"
1207759168,sid-B06A9780-C919-4FF8-8087-075907D46B43,"U, V"
1207759168,sid-04709394-D56C-4549-B7C4-318C1433CF6D,"AO, AS"
1208272458,sid-4BE9CF18-206C-4645-9681-7AE91CF9D47A,"Update patient personal data in IS, Check personal data discrepancies with customer"
1208272458,sid-50B05894-ACCF-4251-A195-45DB4E5CD277,"Check personal data discrepancies with customer, Discuss with doctor"
1209792448,"pricing
and terms
satisfactory?","Inquire about product availability, submit purchase order"
1211548973,sid-8D987113-8D3A-43FE-A24D-FAB85029FABE,"Got fixed request, Got not fixed request"
1211548973,sid-C6751435-C818-4755-9CF7-8FFE2156526D,"Client calls help desk, Client emails request"
1211548973,sid-2DFAC892-8905-4308-979C-1A9220EE30BD,"Level-1 Staff check, Level-2 Staff check"
1211904755,sid-BCB62379-8D2F-4F1B-A607-23D24F69726C,"S, Exclusive_Databased_Gateway"
1211904755,sid-B75B1AC0-5EA5-40DE-885C-4BDC1F849A2B,"H, Q"
1212097762,sid-2B07862F-1BB6-4B8E-B08B-735AA423846E,"A, B"
1212097762,sid-41E6D9D4-A9DC-411B-A304-5B0798B6FE92,"C, D"
1212097762,sid-C7B614DA-ACB9-478D-BBF7-684B67A098DB,"E,"
1212374173,sid-D7687533-FA8B-46D8-AA9C-70418C447586,"Wait until artwork completed, Forward artwork on to Sales Team"
1212374173,sid-C525C635-8A10-4AF8-A7D6-9B7BF9E17266,"Record artwork as available, Record artwork as un-available"
1212374173,sid-5EFE8F20-E1CB-4474-BFE9-90B3CF586DE8,"Receive Job packet, Transfer entire Job Packet to Creative Director"
1212374173,sid-798B89D7-54EB-4858-BFBD-757CB3E6B295,"Wait until art is submitted by client, Wait for project packet"
1212374173,sid-8610791E-D9A3-4CB0-8BD7-A8E2283E7B11,"Check quality of printed fabric, Place digital prints roll in designated production area"
1212374173,sid-108EAF20-271A-4C90-A7F8-E8F2C010ABB3,"Fit Olsen (Flag) Project Folder with bungie cord, Prepare Bandstand Project Folder for dispatch"
1212374173,sid-0355DADB-1385-4B78-98A9-463F37C6C176,"Assess if Rental Exhibit requires pre-build, Assess if Purchased Exhibit requires pre-build"
1212374173,sid-9458CFDE-5482-46C9-A30C-235426D8BCB4,"Client owned, Skyline project owned exhibit"
1212374173,sid-31CF2DF5-E4BF-4147-AD37-6AF5AEE73ADC,"Determine type of exhibit required, Check if 'I&D only' Hardware is owned by client or Skyline"
1212374173,sid-6100C554-E471-4B6B-B88C-E70BF94684E5,"Return vendor form to Project Coordinator to order out of stock items, Pick stock and attach vendor form to packed items"
1212374173,sid-282325C2-81D5-47F4-929F-696362582497,"Perform pre-build of hardware as project is custom job, Pick stock and configure display"
1212374173,sid-FF0FFD03-9217-4E9C-8F30-6A40FA86E899,"Perform pre-build of hardware as project is custom job, Pick stock and configure display"
1212374173,sid-6710583C-F618-4E32-832D-D1F305BA9AEB,"Prepare for standard order, Prepare for Olsen & Brandstand orders"
1212374173,sid-AF47D1DC-3FA7-42DE-BA05-1A8F1387C1DA,"Create custom booth graphics, Create non-custom graphics"
1212619916,sid-2EA6ADF7-ABC8-4F89-B58D-C83DE1ABD755,"F, H"
1212779115,mode of delivery,"Special, Normal"
1213119539,sid-07C246B5-BA8D-4249-8E50-D017E1B488C3,"A, "
1213119539,sid-F92D8A0B-6B49-4F2B-9A8E-440C2849C24A,"B, "
1213119539,sid-29A1634E-40EA-4CD7-8ADC-07E47038AD3A,"D, "
1213119539,sid-588B8F4B-6E7E-46EE-A361-D9C02166B7D3,"E, "
1213119539,sid-07634DEB-53AC-448D-B059-AA4944BAA86E,"F, "
1213119539,sid-D27F5FD8-2B82-4565-8858-5E211D1D7A09,"C,"
1213119539,sid-7051CDF6-6232-4B84-AC12-FE78A8200349,"P, Exclusive_Databased_Gateway"
1213119539,sid-A76F0660-E89B-4899-B49A-E84F16DD7ACF,"sid-A76F0660-E89B-4899-B49A-E84F16DD7ACF, Q"
1213119539,sid-2A82E30A-7BB5-4F1D-AFC3-037E3088E51B,"R, "
1213119539,sid-569A0CF9-995D-49B1-9204-966F7468AC59,"sid-569A0CF9-995D-49B1-9204-966F7468AC59, "
1213119539,sid-274FCBD9-DF09-4A84-83A9-E7A57CBCFB53,"S, "
1213131081,sid-BD2A083C-8C1C-4B2A-AF0F-D1854E2DF062,"Scan The documents, Check for the Documents"
1213131081,sid-B8E2473D-D5C5-4A2A-B72E-2CD59B07C372,"Is this the Second Time Rebounce,"
1213131081,Is this the Second Time Rebounce,"Two days from the first Bounce, Inform the CSD team"
1213486275,sid-5B42167B-2C4D-4041-A80D-BF955304C9C1,"pay the remaining balance, arrears processed"
1213635518,sid-961609A6-67DE-4024-BE0E-2BB4B94F1925,"I, Exclusive_Databased_Gateway"
1213635518,sid-615EEAC9-D82E-4677-A405-63E2CA3557F3,"L, N"
1213635518,sid-55F74BA3-1920-494E-B4AD-AA36E045EFC4,"U, T"
1214290279,sid-CE36D2DE-09E9-4CCB-9348-5145B0F76414,"Mark request complete, Assign priority level"
1214542569,sid-2DAF9F26-9E33-4ADA-BFF4-3AFC6B938C86,"A, "
1215129533,sid-0A00FF3C-A203-4BD0-A6FC-9C9C747057E7,"Order spare parts, Exclusive_Databased_Gateway"
1215129533,sid-3B09AA1A-A1E2-46C3-A7E8-B40CBF888059,"Parts are in other warehouse not closer to customer, Parts are in warehouse close to customer"
1215208873,sid-C0375462-117E-45E5-9209-6D751510E2BA,"Review Purchase Order, Reserve Funds for Payment"
1215208873,glossary://d72741ccc355450db3ac665eb106bf54/Inventory Level is Above Min;;,"End Process, Create Purchase Order"
1215689750,sid-8CAAAB7D-44F8-4E53-A9BB-E88A16E6004B,"Request Approval, Assess Risk"
1216144971,sid-8A28B0E6-A113-492C-8A54-A1D916678763,"I, J"
1216144971,sid-22E0F5AD-3188-4162-A594-A9CC9D2590AF,"C, D"
1216144971,sid-37755F1B-4F6E-48DE-9456-CE493622E33E,"P, Q"
1217189555,sid-FADFF8BA-9B54-45BE-84F6-B6FC22ACB899,"H, P"
1217189555,sid-3E0CE3A9-CDA1-4A23-AC6B-8C1239A37DDF,"H, J"
1217189555,sid-14122DE4-A5CC-4C71-A7CC-A1D28C231C4E,"H, N"
1217189555,sid-FD81589B-2056-4BA1-BB55-8ACDB958392D,"O, H"
1217189555,sid-93B1E4D2-426A-4A48-8241-D06C70BEB1CE,"H, L"
1217189555,sid-0865408A-BDA7-40C8-9D0F-5768DA89D135,"Q, R"
1217189555,sid-986A40BE-413C-4933-954D-9E076294E061,"U, R"
1217189555,sid-8407C401-3641-4541-A181-F35F1D85EF6A,"AC, AB"
1217568835,sid-585DD7CB-8308-401E-8319-EFA146F2518A,"B, C"
1217568835,sid-BF82450F-D682-46FE-A17C-CE04C5CDEA61,"D, E"
1217568835,sid-DBB39EA0-B32B-4D74-8B51-221C08BC01F2,"H, J"
1217568835,sid-1C7E8C00-2773-4E51-BFF4-296D55CD97B9,"AK,"
1217568835,sid-24F138A2-4D13-4CD6-A27F-D9DAF48AB37C,"AM, AL"
1217568835,sid-EBC066FD-503F-40DA-BEF0-91DE555FBCA7,"Exclusive_Databased_Gateway, EndNoneEvent"
1217782573,sid-AA8B8CC4-6C99-4033-9EDC-819635F2DB2B,"M, O"
1217782573,sid-37FAD079-116F-457F-8AE7-AF7BB614907F,"R, S"
1218108243,sid-E1EB272D-2F9B-4E20-81A0-1A687D8550F2,"costs accepted, computer unrepaired"
1218303823,sid-D2BCBC1E-34C7-4C0A-83D4-E6618767CC2D,"Check process model, IntermediateEscalationEventThrowing"
1218303823,sid-EBD62E79-F4C8-4188-91F4-7FD3D8433F76,"Perform a work according to the role, Present the project"
1221094577,sid-CA294AFF-D3C9-4BC4-B5C1-3347DBCAADD2,"Order more stock, Restock shelf"
1221275680,sid-9A08381A-9E74-4AF2-8960-23BE86B84DF2,"Prescribe, Submit"
1221275680,sid-AFF09E6E-F42C-4276-9F4E-16E4D9653F43,"Approve, Reject"
1221275680,sid-12F25E51-FB10-419F-A13A-3C8E9EE1ED0A,"Use, Read"
1221361617,CF,"CF, CH"
1221361617,CL,"CM, CB"
1221361617,CN,"CC, CO"
1221361617,CP,"CA, CQ"
1221361617,CT,"CS, CU"
1221361617,CY,"CC, CB"
122158440,"final
status?","Send final proposals to faculty, Receive re-updated proposals"
1221604046,is PHD student?,"write a mission order, validate the mission order"
1221604046,the mission order is valid?,"linkTo refuse of director, Exclusive_Databased_Gateway"
1221604046,the mission order is approved?,"linkTo refuse, validate the mission order"
1221604046,sid-D3A38CC1-B9B8-4E03-BD0F-5875FCAF831B,"validate the mission order, EndNoneEvent"
1222050917,sid-CF1BA8B7-DF8E-4477-A5EE-D8F066AC7CE6,"J, K"
1222050917,sid-ADAE92F3-7B4C-47B6-80BE-FB8129A5ABDA,"D, E"
1222297028,sid-A1CF6AF3-6C67-45A3-807D-1E7302B0ED99,"B, C"
1222297028,sid-67BCA312-23BC-4E06-9796-9BFBE55ED459,"L, N"
1222382400,sid-42F206F4-F827-4272-9002-5E118E8E15A0,"create account, account ok"
1222945627,sid-F0C368CE-C5B1-4DF0-9FFE-DE820D9AF7CB,"Formulate request for profesorship, Check request"
1223077363,sid-0808FAA6-17B7-45FA-8CF8-68EA13134674,"Deliver plant to construction site, Select from IT system most cost-effective supplier for request"
1223077363,sid-4FAF397A-D786-4462-9157-DFEF2CB0AD17,"Select from IT system most cost-effective supplier for request, Make engagement recommendation"
1223077363,sid-0AC1D56E-C60E-4B9A-9E53-E5D9EA80089C,"Send confirmation to supplier, Decide if another supplier must be selected"
1223077363,sid-053BA647-BBBF-4791-941A-7A0979FC5A3D,"Select from IT system most cost-effective supplier for request, Decide if another supplier must be selected"
1223130572,sid-DA411C5F-1393-4818-A963-7B0785A725A2,"O, N"
1223274120,sid-DD6FA66D-D852-4A81-B522-B0B253820BC8,"Note vendor number on entry form, No vendor master record"
1223274120,sid-8E8098FA-AFA2-45F4-A22F-233A24262182,"Place invoice in high priority outbox, Set invoice status to parked"
1223274120,sid-5FA23EE0-3754-4959-8B7F-09440968CF24,"Take batch of invoices to department outbox, Exclusive_Databased_Gateway"
1223403133,sid-46E4B619-A000-4E27-AE86-77F025C6D033,"AI, Exclusive_Databased_Gateway"
1223403133,AJ,"AJ, AK"
1224508521,sid-67DA9465-2CD5-4A0A-AB5C-F793DB37D8C3,"Implementation phase / iteration, Checks the results"
1224508521,sid-A9C7037F-B993-48AE-B8E3-A48BD7E76F4B,"Makes adjustments, Accept assignment"
1224508521,sid-8D41804E-DBF8-4FC2-9E50-2275A3BBD377,"Accept assignment, Checks the assignment"
1224748381,sid-8D21FC73-CE91-4178-ABD4-585141E23D4B,"book bus, check availability bus"
1224748381,sid-09DA5E06-1AEF-4975-B9E6-E3E953547C24,"book hotel, check availability hotel"
1225055299,sid-BB043503-9203-438A-A36D-440CF8DAFA74,"DA Propose Dates, DA Accepts"
1225055299,sid-5B8CF7D4-C3AB-40DE-B728-DBBB3F476331,"Propose Date, LO Accepts"
1225412372,sid-CF7F20EB-F869-4049-BE99-36864F1D0B22,"C, F"
1225412372,sid-E935FED4-B9AD-441E-A4DD-F7D2DFEB0028,"D, "
1225498878,sid-AFC5A838-377D-40FC-904B-53E373DFA3B9,"I, H"
1225498878,sid-83746958-5310-4BA3-A628-DD683E61AF2F,"I, D"
1226133062,sid-F19BBE64-45F3-42D7-B006-6BDACCE4747A,"Boarding pass, OPC distribution"
1226133062,sid-A6BFC5BA-47FC-4541-B9C3-795F5B59AE68,"Complete outgoing passenger card, Ensure soldier is accounted for"
1227370023,sid-2167D351-89F3-44E0-AD9C-021A4EFD73F0,"customer takes computer home unrepaired, "
1227370023,sid-FC50C9AD-B82E-4C46-8695-8CB1BC2D1959,"another repair activity, test system functionality"
122737759,sid-3732405E-BB3F-4CE9-9365-8A293C83E21C,"Offer a test ride, Don't offer a test ride"
122737759,sid-215258C9-B035-440D-9D53-C7741F6D8BE7,"checks available bikes by the envisioned conf., final configuration price offer"
122737759,sid-6C5E3607-6E09-469C-8D44-535A3EBDAFF1,"Offer a test ride, Don't offer a test ride"
122737759,sid-7BB8F477-C547-4227-8747-800A80356B03,"Close the deal, Don't close the deal"
122737759,sid-9592D60F-5E51-4601-99AD-E06BBA390586,"final configuration price offer, Exclusive_Databased_Gateway"
122737759,sid-923C7974-C887-4CFF-8423-99DC29DBFA0F,"Get Bike, "
122737759,sid-BA638256-AF2C-4619-B601-C1FE9550DC20,"Recieve monthly payment, Get Bike"
122737759,sid-3AE9E146-1C42-42BD-B1CC-A0F5CC900A40,"starting cancellation, cannot cancel- updating customer"
122737759,sid-403412DD-4CA4-421B-8911-18B122880250,"EndNoneEvent, ParallelGateway"
122737759,sid-DBE6E566-C058-4320-99AF-2C48E3C273A4,"Receive initial payment, Receive full payment"
122737759,sid-A9F7B61F-311A-4692-93ED-93DEF0F4FF35,"Knows what they want to order, Not sure what they want to order"
122737759,sid-C617C5AC-0088-405D-B240-ADC2C4DE9D8C,"Don't want to Order from Pit, Not sure what they want to order"
122737759,sid-CF5D6B9F-EFBD-4C35-A47B-F778F3B8D538,"Accept price, Bargain about price"
122737759,sid-8F7EA5F5-ECF1-4938-BC1F-FB0816797DD7,"pay initial payment, Pay monthly payment"
122737759,sid-C7D76CBF-4CE8-4AD1-A342-0DF2148B8C3F,"Leave order as is, Update the Order"
122737759,sid-98CA675E-894E-435C-A126-52B4D8C642BC,"Get payment back, EndNoneEvent"
1227426477,"Position Profile 
Accepted?","Pass Client-end Manager Position Profile, Meet with Client to Review Position Profile"
1227426477,"Does Role
 Exist?","Does Role Exist?, Is There Demand For Role?"
1227426477,"Is There Demand
 For Role?","Is There Demand For Role?, Does Role Exist?"
1227426477,"Create Business
 Case?","Send Client Create/Change of Position Form, EndNoneEvent"
1227426477,"Client Approves
 Business Case?","Client Approves Business Case?, Receive Business Case Approval"
1227426477,"Is position to
 be subcontracted?","Is position to be subcontracted?, Permission Granted?"
1227426477,"Terms and 
Conditions
 Approved?","Terms and Conditions Approved?, Receive Terms and Conditions Approval"
1227426477,"Referee Report
 is Incomplete?","Send Incomplete Referee Reports through for Completion, Check Referee Reports"
1227426477,"Third Party Agencies
 Used for 
Advertisement?","Request Completion of Referee Checks for Shortlisted Candidates, Predecessor Gateway Name"
1227426477,"Does Position 
Require Psycho
metric Test? ","Organise Psychometric Test, Exclusive_Databased_Gateway"
1227426477,"Is Second Round 
Interview Needed?","Is Second Round Interview Needed?, Hold Second Round Interviews"
1227426477,"Does Client 
Need to Relocate?","Does Client Need to Relocate?, Determine Relocation Terms and Conditions"
1227426477,"Is provision of
 Car Applicable?","Is provision of Car Applicable?, Determine Terms and Conditions of Motor Vehicle Use"
1227426477,"Does Probation
 Apply?","Does Probation Apply?, Determine if Probation Period Applies"
1227426477,"Discuss Terms and Conditions
 Determined so Far with
 Candidate?","Discuss Terms and Conditions with Candidate, Review Terms and Conditions"
1227426477,"Familiarisation Visit
 Applicable?","Organise Familiarisation Visit, Determine Terms and Conditions"
1227426477,"Appointment Differs
 from Australian 
Government Policy?","Complete Business Case, Appointment Differs from Australian Government Policy"
1227426477,"Position Requires 
Medical Check?","Position Requires Medical Check?, Evaluation Completed"
1227426477,"Client Accepts
 Offer?","Client Accepts Offer?, Make Formal Verbal Offer"
1227426477,"Candidate Wants to
  Renegotiate Terms?","Renegotiate Terms with Candidate, Send Formal Written Offer"
1227426477,"Renegotiations
 Successful?","Renegotiate Terms with Candidate, Contact Shortlisted Candidates"
1227426477,"Medical Assessment 
Required?","Medical Assessment Required?, Candidate Still Looking?"
1227426477,Candidate Still Looking?,"Medical Assessment Required?, Readvertise Position"
1227426477,"Permission
 Granted?","Permission Granted?, Seek Permission to Publish from Client"
1227426477,"Medical Results 
are Satisfactory?","Medical Results are Satisfactory?, Preferred Candidate's Medical Assessments"
1227426477,"Short Listed 
Candidates Still looking?","Short Listed Candidates Still looking?, EndNoneEvent"
1227443863,decline?,"complete?, update details"
1227951357,sid-EE7A7CDB-14B2-45EA-A3B4-623A1E84111E,"I, K"
1228013387,sid-80F3102A-F709-414A-BAB3-04CD41800A84,"N, L"
1229042696,Positive with extra security?,"Positive with extra security?, Outcome request bank B"
1229042696,sid-CEA12092-DBB8-46AE-933F-A66EB6D95127,"Process request amount < 25000, Process request amount > 25000"
1229159683,sid-479F2DBF-67D3-4F3A-B418-688ADDDA72D5,"E, D"
1229159683,sid-DEE5C4FC-849C-4BA0-8EE8-F6FECFA00B79,"O, P"
1229190702,Publishing or querying?,"Authenticating the identity, Mapping the numeric identifier to a ""closer"" node"
1229190702,What is incoming?,"What is incoming?, What is incoming?"
1229190702,Whiich task?,"Detecting an event of a particular EPC, Receiving the query from a client"
1229200560,sid-F220B110-740B-47FF-9429-0BF700B00601,"sid-F220B110-740B-47FF-9429-0BF700B00601, "
1229475421,sid-EAA61012-7704-4938-8A83-640FE7A5CA64,"prepare bill, solve problem"
1229475421,sid-675D29C8-E18A-4FB9-80DA-E332D016E4AF,"prepare installation, contact customer"
1230131324,sid-3C4E0F22-DBD4-4F7E-BA5B-5924B185CEB9,"S, CollapsedSubprocess"
1230876351,sid-E6621FCF-2A93-497C-B22B-585ACBD8A1D9,"Sort by vendor, Sort by invoice amount"
1230876351,sid-088FAE44-4EC5-4AAA-A7CA-8609EF40B0AC,"Process normally, Process with care"
1233246402,sid-3ABFE572-C6E1-4EF2-8024-72725321B34F,"TRASH, ASSEMBLE SHIPMENT"
1233246402,sid-B4DF421C-18C5-43C8-BBB3-AC068677512D,"ORDER TO VW 2 TIMES A DAY, CHECK-UP SPARE PARTS"
1233246402,sid-0C4F7270-C4F0-4B6C-A300-649BC9A15367,"SEND BACK TO VW, ASSEMBLE SHIPMENT"
1233259631,sid-A5AE899D-16A5-4EE7-AF65-A8963DA080D4,"P, O"
123401366,N1,"Confirm location (T2), Trigger ""diabetes pathway for pregnancy"" (SP1)"
123401366,N2,"Trigger ""care pathway for people in hospital"", Basic education and dietary advice"
123401366,sid-C075AB6A-7336-4481-B6E0-6D3D33C7A3F2,"Display/explain assessment results (T12), See cardiologist (T13)"
1234254324,solvent?,"Cancel the order, accepting order"
1234254324,incoming payment,"check the reminder, finish the order"
1234254324,"number of
","send reminder, go to court"
1234254324,"existing?
","Check customer status, Check customer"
1234254324,Wholesaler,"Save customer data, Cancel the order"
1234254324,available?,"available?, production"
1234469408,sid-30482067-58CD-485D-AE31-A1726F95A348,"Pay by cheque, pay by cash"
1234506742,adress available,"Contact customer for address, Present offer"
1234824243,sid-A6937CF3-5716-418B-8584-D67EA8458583,"Ask expert, Send results to referee"
1235889590,sid-B80EF4FA-0C83-4AB7-BFCD-11E398D35D60,"penalize, Extend process to level 2, 3"
1235889590,sid-EC174811-F5F2-4C2D-8B9A-46C5856C1CBC,"Perform work according to role, Present the project"
1236356077,sid-CD8680B1-5AA4-4E3F-86B9-07778F390B5B,"A, "
123677438,sid-956F4036-F3F0-45B7-86DD-C269F762F257,"AM, "
123677438,sid-5EB8F41E-33FD-49E0-B755-D4BE7CD02C49,"CD, BX"
123677438,sid-0033BC37-4AE1-4643-9D8D-21F81C988E1E,"CB, CA"
123677438,sid-40C92324-0CE8-48D4-87DB-13D8A5F69610,"L, M"
123677438,sid-3974E9C4-D0C1-4BD5-A40A-610575CCAA6A,"Exclusive_Databased_Gateway, InclusiveGateway"
123677438,sid-1D69466A-DA85-4404-AA3C-87BA8D75B44F,"N, O"
123677438,sid-C01392C1-3FC9-469A-90B4-55A0658B8EE0,"K, AD"
1236805002,Invoice is complete,"Repackage invoice to send back, Fetch SLA"
1236805002,Urgent invoice,"Put red stamp on invoice, Send to admin compliance officer"
1236805002,"Yes


No","Data entry officer will start processing, Non compliance handling"
1236805002,Existing vendor,"Request for vendor Master Record, Add SAP vendor number to invoice"
1236805002,sid-44F45CAB-7C54-48B4-A1D1-F272AD50BE8C,"Records mistake on data officer's file, Check 'invoice entered correctly'"
1237268472,Everything ok?,"Call ""Call Center"", EndNoneEvent"
1237268472,"who assembles the shipment? 
(responsiveness criteria)","Assemble shipment, Assemble shipment"
1237501896,problems of evidences,"problems of evidences, demand more information"
1237501896,has retourned expense,"has retourned expense, calculate compensation"
1238611366,sid-AA1AF64E-4861-492A-AB12-03D870903190,"K, L"
1238839614,Not empty?,"Check data whether correct or not, Process Completed"
1238839614,Data ok?,"Telephonecall, Add mailnumber"
1238839614,Member?,"Stamps ""new member"", Decision"
1239035611,sid-46698145-F1A7-4944-A6DF-9B853C95108A,"E, F"
1239521244,sid-E7158939-F6A4-4211-9F77-E8A4E7C59617,"F, "
1239633710,Do we have the goods?,"Do we have the materials?, Stock evidence"
1239633710,Do we have the materials?,"Do we have the materials?, Do we have the goods?"
1239633710,Do they have the materials?,"Do they have the materials?, Order of materials"
1239633710,Is that our company?,"Is that our company?, Supplier choice"
1239633710,When?,"proceeds, Receivables"
1240340222,sid-9BE082DD-84DA-4030-98A2-719ABFD7239C,"Reject Purchase Order, Approve Purchase Order"
1240340222,sid-4D5B2722-DBCF-489D-B52D-0BA0D5745A4C,"Create Purchase Order, EndNoneEvent"
1240669035,Transfer successful?,"Put message in the queue, Email delivered"
1240669035,sid-87A15C1D-F4E1-42A8-9015-3552B8E9472E,"Put message in user text file, Open user text file"
1241042198,"Can IS solve the
 problem?","Handle the problem, Notify CS"
1241264123,sid-018CF0B0-AFC2-40E3-8AD8-05372EEBFD9E,"Mark bag as back from QA in IS, Check for accordant note in IS"
1241431287,sid-FB3F0F22-CE74-40BB-ADB4-CEF8C2D8CF07,"M, P"
1241431287,sid-76234106-627E-47EF-BBE2-4153B58AB764,"H, I"
1242407983,sid-4FFF710D-FFCB-4F61-81CC-7A72E248A54B,"C, B"
1242485258,sid-0F969FB6-44A5-4983-BFA4-92CEFE51AC1E,"Complete Registration, Complete Registration"
1242485258,sid-763C5BFF-E774-48DB-BEC3-00C5DEF01CE3,"Complete Initial Registration, Registration for Detailed Viewing"
1242687185,sid-44F8519C-D2A9-4485-B635-3BCCCCEA76EB,"Receive bike at store, Receive call concerning broken product"
1242687185,sid-03D700C6-55F4-4908-A5BE-A6C9F9FD972A,"Fix bicycle, Contact customer that repairs are complete"
1242687185,sid-A657714E-D98C-4DD0-867B-161229D3DF26,"Get Customer Signature, Take customer information"
1242687185,sid-04BF6856-00AC-4175-BA7E-BE5C32A0BA02,"Based on the provided information, the two gateway names are: sid-04BF6856-00AC-4175-BA7E-BE5C32A0BA02, sid-04BF6856-00AC-4175-BA7E-BE5C32A0BA02"
1242740755,sid-6F317899-62B1-4BC6-B36A-12B1B20EB957,"Script declined, continue with process"
1242740755,sid-FC81AB5C-5FDB-48CA-BA8D-16BF7C2FFCD0,"Hard stop resolved, continue with process"
124295644,sid-188E7BFD-A588-45DB-8EE8-EDFB9090D994,"AV, AW"
124295644,sid-18C67062-7BCF-4C41-BDC2-4D6216716DE8,"Exclusive_Databased_Gateway, IntermediateMessageEventCatching"
124295644,sid-7C5B7053-09D8-47E7-9F16-288E19B47009,"BH, BI"
124295644,sid-98FD3109-416C-4A68-86C0-6A0DD53DAF6A,"CR, CQ"
124295644,sid-CD376DCC-7EAF-4590-B9B3-6C049C54CB5C,"DF, Exclusive_Databased_Gateway"
124295644,sid-4BD5B6D8-758C-4FEB-8A29-4A06F315EDA7,"DG, Exclusive_Databased_Gateway"
124295644,sid-F215F732-4DF3-4FDB-AAC4-E3112516669F,"DE, "
124295644,sid-CB393164-7CF3-49CE-92DE-671A2D38C401,"BU, BS"
124295644,sid-275564E5-5607-4A58-BCA3-D350BFC7FB22,"BT, BW"
124295644,sid-2DC00A77-C5D7-4E81-9ED2-A965821FB89D,"BX, Exclusive_Databased_Gateway"
124295644,sid-59649BBF-5879-4695-9FAB-0490E1F67993,"CG, CH"
124295644,sid-4734A35A-1E3D-4FE9-A5BE-88CF5D40E4FA,"CJ, CK"
1243395831,sid-E8A11F60-EA86-4CAF-A973-26416BEDEFCD,"K, AD"
1243395831,sid-118880F3-D5BA-4FFD-8916-83F69735A0F8,"M, Exclusive_Databased_Gateway"
1243395831,sid-F5483411-10C9-4F87-A203-4A11DDE07B6F,"N, O"
1243395831,sid-62B2F88A-A8DB-4F10-B006-A277E81071E0,"P, "
1243395831,sid-D2210AAF-861D-42EB-A53C-DF60C0E633C1,"T, U"
1243395831,sid-E1E47201-21A9-4E65-BB1F-8CC8FB1116A7,"X, Exclusive_Databased_Gateway"
1243395831,sid-0BF851C6-DBEE-4902-B51A-ECF2DCFAC3D2,"Y, Exclusive_Databased_Gateway"
1243395831,sid-6C97FB31-DE81-4C65-B7B3-CCF27B506994,"Z, "
1243443996,sid-6F48CDE0-B1E7-431D-BB04-5CF115CCBE99,"AA, Z"
1243443996,sid-AE5B806A-5302-4819-902E-1DFEBD7D7CF5,"H, I"
1243443996,sid-B8D0B2D8-5CED-41B6-901A-5D15704924D7,"V, Exclusive_Databased_Gateway"
1244230468,sid-9CDA7BD9-646B-4A4B-9DB1-20283D497C77,"N, P"
1244350189,sid-35C96A3A-778E-47DB-8431-E95D91BA625A,"F, I"
1245980565,sid-DA136B31-5324-4BCB-82F7-AE3EAEA28B9A,"Accept date, Propose new date"
1245980565,sid-77ED142E-06E4-4DED-96A9-9CD87CC8B99F,"Accept date, propose new date"
1245992519,sid-DA7B1074-C258-4AAB-A15E-A253417A893B,"sid-DA7B1074-C258-4AAB-A15E-A253417A893B, R"
1246678232,sid-571EFBDF-1F3C-4EEE-9A86-BD55FB631ADE,"send money to account, edit payee information"
1246678232,sid-42BA7460-569D-43AD-B7FD-0713BE3F9401,"confirm payee information, notification about result"
1246774905,sid-41836FE0-5F43-469B-BF1C-E53B63724036,"Set up access, No access given"
1246957024,sid-42FEF79E-9D3F-4C32-8990-6FD264271714,"1-5 days, 24 hours"
1247085615,sid-FB20BCB2-6EC3-472E-805C-C0BBF491FC19,"Sort Batch by Vendor, Sort By Price"
1247085615,sid-91055563-FC3D-4448-921B-7F91BA350821,"Add SAP Vendor# to Invoice Entry Form, Create Vendor Master Record Request"
1247085615,sid-5086A5F3-FE65-406C-A6E4-6A3FD531C40B,"Lookup SAP Vendor Number, Exclusive_Databased_Gateway"
1247346145,sid-339BDFF1-7F30-43B8-BE61-F0B9EB9F001E,"C, E"
1247346145,sid-299ADC2F-850A-4BAA-8D86-076700F4847D,"I, J"
1247346145,sid-A9D266F5-9B8A-4069-9B3B-92CE672E7593,"N, AC"
1247366586,sid-08E416B3-815C-413E-9C91-66A1C2EDB63A,"sid-08E416B3-815C-413E-9C91-66A1C2EDB63A, Exclusive_Databased_Gateway"
1247366586,sid-CC1856C6-AE59-475D-A4DD-B0491FFF393C,"Exclusive_Databased_Gateway, ParallelGateway"
1247366586,sid-F499A388-0284-4F00-A4B9-77A02CA00A07,"sid-F499A388-0284-4F00-A4B9-77A02CA00A07, BF"
1247366586,sid-483BD637-9930-4B00-BF74-3C0A1B8E3262,"AT, BH"
1247366586,sid-A0F52A6B-028F-445B-8E54-42A08F0A92B9,"K, "
1248513822,sid-3A9E787B-9B24-4E16-A579-99177EB3B47D,"E, D"
1248513822,sid-80DE066F-FCA6-4E4B-BBC5-D033233F89E4,"P, U"
1249036188,sid-D6100917-3D28-4854-9AA0-4C29A57589D5,"F, G"
1249036188,sid-8D6E6217-919D-4D66-A5CF-7245E56A24FC,"AK, AJ"
1249036188,sid-7E749828-A3A5-44F9-94A8-740D4098992D,"F, T"
1249036188,sid-3FF13CC4-4F09-419A-B79A-9B12279BB337,"C, B"
1249036188,sid-D8EE64F1-096E-4327-9180-740D5602F76A,"AL, EndNoneEvent"
1249036188,sid-4EAC1990-788D-4659-98F0-B39229A65BD9,"AE, AF"
1249036188,sid-4C557F0A-9BE3-4FE0-89E3-FCBF50A086A2,"AG, R"
1249419825,sid-5383873B-E37F-4F9D-8A77-13C763C738C5,"U, T"
1249419825,sid-A27AAD8F-343D-4788-AE01-2954D6E1C6C9,"N, V"
1249536207,sid-B54E3F3D-D657-4E2B-A746-75E92754D0F7,"B, F"
1249588092,sid-E887731A-37FC-4A0B-BCC2-E98E2E05688A,"N, Q"
1249588092,sid-8F24385B-2896-4EFE-9B64-38F310C4B143,"R, Exclusive_Databased_Gateway"
124993043,sid-ADD16E76-E942-4C5E-BD13-8A18849DC333,"F, A"
124993043,sid-B71CAB60-EBC7-4DEB-A2E4-1F0D5ABADE04,"B, V"
1249980281,Is i<=50?,"Print ""T"" on a new Line, EndNoneEvent"
1249980281,Is i>=0?,"Set i=50, Set i = i-1"
125004378,sid-5B9E53A7-9C63-4959-A052-58F5E74CDEC9,"Check receipt of Voluntary Redundancy, Discuss certain aspects of position"
125004378,sid-A338BB06-A423-4A06-877D-ED3A03118F98,"Notify the outcome, Determine outcome"
1250317082,sid-951E753A-71E2-4CB3-AB3D-9664930946D2,"use my money, Fund procedure"
1251081332,sid-8C527A97-1DDC-4111-89B0-0CDB71EDDE93,"Sort invoices by vendor, Sort invoices by amount"
1251081332,sid-982E3A49-850A-4C7E-9A4E-296FD59DA02A,"Add SAP Vendor number to invoice, EndErrorEvent"
125181019,sid-BA6063F7-1305-450A-99F5-EECE613B4AAB,"Verify client identity, EndTerminateEvent"
125181019,sid-41111FA9-C332-4DAF-BCCD-0C34E15A2229,"Close ticket, Resolve incident with Knowledge DB"
125181019,sid-C3867C6F-C4D8-48CD-9A04-0C800C9F90D3,"Update Knowledge DB, Resolve incident"
1252967411,Authorize the Repair?,"Take Computer Back, Assigns Technician"
1252967411,"Able to
 Complete Task?","Test Computer for Future, Inform Customer"
1252967411,"Able to
Complete Task?","Test Computer for Future, Ask Bill for Help"
1253574752,sid-28AA86D4-80A6-437B-AE3D-F4B6A0FF00A7,"Penalize, Extend the process to level 2"
1253574752,sid-F43D8C27-EF45-4B2F-8D0D-A7949EA460BF,"Performing work according to role, Defense project"
1253935216,"Propose own topic?
","Propose own topic?, own topic accepted?"
1253935216,own topic accepted?,"own topic accepted?, Propose own topic?"
1253935216,submited own topic?,"submited own topic?, choose topic from list on Abacus"
1253935216,accepted proposal?,"accepted proposal?, Add to own topics with student details"
125460031,Are refills allowed,"Are refills allowed, Data entry"
125460031,Was the Doctor available,"Was the Doctor available, Did doctor approved"
125460031,Did doctor approved,"Did doctor approved, Was the Doctor available"
125460031,Has the pick up time arrived,"Has the pick up time arrived, Script goes to Dr. call-back box"
125460031,Problem with the medication,"Reviewed by pharmacist, Insurance check"
125460031,Is there a problem with the Insurance,"Production, Can tech solve the issue"
125460031,Can pharmacist solve the problem,"Insurance check, Pharmacist calls the doctor and/or a patient"
125460031,Is it safe,"Is it safe, Script is cancelled and patient is notified when he comes to pick up"
125460031,Can tech solve the issue,"Can tech solve the issue, Is there a problem with the Insurance"
125460031,Was the issue solved,"Was the issue solved, Tech had to call a customer or insurer"
125460031,Is there sufficient inventory,"Is there sufficient inventory, Production"
125460031,Did he find it,"Did he find it, Customer will be notified about unfulfilled when he comes to pick up"
125460031,Customer on time,"Customer picks up and pays for the drug, Customer will be called and notified"
1254673399,"Classify Claim
","Check History, Check History"
125478520,sid-EA6D1349-4B48-4BD2-99EC-B39A840DEB5C,"AD,"
1255208774,oryx_905C381A-261F-40B9-8CB4-9F73B9E30F9E,"Capturing & Clearing, Posting"
1255208774,oryx_F2AACD67-E413-4F96-A842-39EFA09A1AFD,"Capturing & Clearing, Approve invoice financially"
1255258473,"Role/Profile
Inconsistent?","Request Profile Changes, Review Position Profile"
1255721759,sid-2323C79F-162B-4730-8191-B33C889D92AB,"K, O"
1255823490,sid-6E538757-F18A-4E3C-923B-25E5221EFB21,"Telephone Call, Add incoming Mail number, date"
1255823490,sid-C6E56B4D-F33E-4B67-9F05-E2B41DFE3F32,"write letter why applicant not become member, Stamps ""new member"" on letter and writes day to it"
1255948727,sid-9DE860B8-39AC-4AB8-AAAA-D3365B760A49,"E, F"
125605787,sid-7F704C63-0805-48E7-9585-ECA147D3FA9C,"Inventory Above, Inventory Below"
125605787,sid-E8B1F305-26EB-403A-8314-F735575A2C26,"Reject, Approve"
1256285190,sid-AD2704F7-4DC4-4483-90F0-189DC8722AB5,"E, G"
125637825,sid-65B7D5EB-06F2-4C2A-A575-1B5335B07AF0,"Highlight error, Compare report to actual invoice"
1256390279,sid-C4A4C78E-8E48-4B2B-9B0B-D207F44C5FC6,"B, W"
1256390279,sid-DC0E0FA4-172A-4564-95F0-D2537A3C49B0,"B, W"
125679449,sid-EAB296B0-1EC9-47FC-8400-B23BFF70CAAF,"Reject Purchase Order, Review Purchase Order"
125679449,sid-595D6304-44A2-4F40-9C44-171BD505B578,"Create Purchase Order, End Process"
125679449,sid-8D9E7BD5-4CEC-4CBD-9DED-335322FCC596,"Receive Payment, Send Reminder"
1256963577,sid-DD681F10-06A2-411A-BB5C-EED41BF5C979,"B, "
1256980212,sid-934BBD98-BCDD-4B01-92E3-4B4E33132C0B,"D, C"
1257142300,"Tools
 found?","Document tools' features, Search for web analytics tools"
1257142300,"Tool is
 working?","Insert JC code in all NPL web pages that need to be tracked, Check if NPL is connected with the tool"
1257142300,"Test users
invited and 
tool is set up?","Document tools' features, Perform test using"
1257142300,"Data
exported?","Collect data from user testing, Prepare data for analysis"
1257142300,"Data ready 
for analysis?","Prepare data for analysis, Find navigation patterns"
1257142300,"Patterns
found?","Find navigation patterns, Patterns"
1257791619,sid-5B0505B4-4917-4AA3-93F5-AC10ABCF43AE,"E, D"
1257791619,sid-75E24BE6-12E1-48E2-8F34-AD8B408A0C5E,"sid-75E24BE6-12E1-48E2-8F34-AD8B408A0C5E, F"
1257791619,sid-E0F2CCB8-E3A5-465C-BC9F-BBEDF8DDDA81,"I, J"
1257862946,sid-57389258-ECA3-4ACE-83E9-60859C04E615,"C, B"
1258031962,sid-F8698917-8433-4753-8669-B16127AFDED6,"Exclusive_Databased_Gateway, IntermediateMessageEventCatching"
1258214943,sid-910FF0A5-662A-4600-9419-A17AA2195E94,"end agent, answer request provision"
1258214943,sid-B55F5901-3483-4048-98C1-46863A9AE36B,"analyze incident, answer request by reporter"
1258214943,sid-0F58B512-53C1-4864-83FC-21A04AD0FD72,"answered request by reporter, answer request by reporter"
1258214943,sid-47FDBD05-0C9F-4958-82C8-10E889F3CB61,"answer, request by agent"
1258214943,sid-E8CF1817-2A54-4EC3-87E4-62D07A36ECA6,"answered request by agent, answer request by agent"
1258214943,sid-4730F322-6222-41BC-895E-F68A32D8B9A0,"analyze incident, end analyze"
1258214943,sid-29D06CED-5123-43C9-9599-5B7B76E90EF9,"end deidentify 2, deidentify incident step 2"
1258214943,sid-3452D7B2-9265-4CBC-8C8C-B41B71C2B27E,"deidentify incident step 1, end deidentify 1"
1258237260,"Check 
completness","Send a referee report to complete, Check completeness"
1258237260,sid-F19B134A-DBCA-420F-8BB0-ADC05473E384,"Send to archive, Exclusive_Databased_Gateway"
1259149851,sid-78830961-41FB-4277-A1A7-323815A5AC27,"AC, AB"
1259182097,sid-E141C1C3-5FA0-42C8-ACF1-5D4BEB46EEC2,"Re-negotiate terms and Conditions, Select another preferred candidate"
1259182097,sid-66666DC0-7989-42B6-8C9B-C760037D84EC,"Arrange for medical assessment, Liaise with manager"
1259182097,sid-1BC68BE9-0394-47F8-AE27-A92AB369DD51,"Send back for new Applicant, Medical Assessment Report received"
126017829,sid-03D00895-C818-4C7D-A194-0480B7D71C15,"Save Data, Exclusive_Databased_Gateway"
1260188696,Verified?,"Communicate with customer, Analyze RFQ"
126142320,"Retry limit
Excedeed?","Notify Customer Failed Booking, Exclusive_Databased_Gateway"
1261497271,sid-EF7F34C2-A8AD-4E02-910F-7957D623B3D2,"A, B"
1261586387,sid-9564F7CF-C46A-4A48-B9BE-D1B4D95BC7E3,"J, Exclusive_Databased_Gateway"
1262603038,sid-2316AF06-D537-41C3-8FB7-6BCF5A80DB89,"D, K"
1262603038,sid-240D9729-6413-45F1-B4EC-7A6E52FC6AD2,"F, G"
1262603038,sid-B8020C7A-114B-4882-AF39-EEC4FA44A526,"I, J"
1263109701,sid-F7F8249B-462D-4156-A702-1732D2AAE82A,"Perform a work according to the role, Present the project"
1263379673,sid-955A52F5-5402-43BF-9795-7DF25ECA0391,"add incoming mail number & date, check information"
1263379673,sid-3DE48DBE-468A-48EC-87F1-893DF58551DC,"Phone applicant for information, "
1263880376,sid-150CB66D-7979-49C9-A246-D4F29CEE0913,"book bus, end booking bus"
1264038469,sid-4C6EE59F-61AA-49E8-8F44-CEBBBF8DE775,"D, F"
1266540213,sid-672BEDDA-38FA-49F5-9CD8-0C68924819FF,"Makes a formal written offer, Offer to Next Candidate In-Line Or Re-advertise"
1266919711,sid-0057B110-6A51-42AF-B664-08A3365ED7EC,"There are no successor or predecessor names provided for the gateway you mentioned. Consequently, I can't generate the output as per your request. 

If you have more details or another question, feel free to share!"
1267396259,sid-714C1238-C4F4-4525-B510-86CC8BDD5564,"G, "
1267396259,sid-DA25F310-0ACE-4C2F-8175-699C648A9EB8,"EventbasedGateway, EventbasedGateway"
1267653231,sid-C47DA721-7547-4A33-80AD-6354008018E7,"customers coming to FeelWheel, IntermediateMessageEventCatching"
1267653231,sid-BE1EC40E-5717-44C2-9F12-D90CD3F61BC6,"reconfigure bike, test ride"
1267653231,sid-2D968CF0-65B2-4629-ADAE-D458DFA56C14,"sid-2D968CF0-65B2-4629-ADAE-D458DFA56C14, "
1267653231,sid-CD863674-B745-4E2D-896E-53FDA4407D32,"No predecessor, No successor"
1267653231,sid-CC170564-E462-4118-978D-FC7771854909,"checks which of the available bikes close to envisioned configuration, updates the online catalogue for parts produced by Fami"
1267653231,sid-AE4CD2D8-DC5E-4AA3-9C28-08D8819E6175,"checks which of the available bikes close to envisioned configuration, Exclusive_Databased_Gateway"
1267653231,sid-9C6EBB68-B6E1-4C45-90D8-3F20B915E952,"Bike price calculation, Bike price updated"
1267653231,sid-AD35D378-EE10-4591-8394-7DBBD21134C0,"sid-AD35D378-EE10-4591-8394-7DBBD21134C0, "
1267653231,sid-FC2ADBB4-7EBB-4949-AA6F-D5EAFE466447,"sid-FC2ADBB4-7EBB-4949-AA6F-D5EAFE466447, sid-FC2ADBB4-7EBB-4949-AA6F-D5EAFE466447"
1267718586,sid-83B56E84-02D5-4176-852A-10EE233F14BF,"Prepare billing, Solve installation problem"
1267718586,sid-F40765C4-6FC5-457F-9EEA-0C948FF6F89B,"Prepare installation, Inform Customer"
1267794488,sid-046BF31B-A940-47D1-80C7-BD8E8BD06E1D,"T, B"
1267794488,sid-CE37A64B-11F7-4A7F-9DFA-71AEE8A41C9B,"X, F"
1267794488,sid-06E8502E-54EC-4357-B597-62BB23E92ECA,"A, S"
1267986179,sid-E75C1B88-BC6E-494A-B748-5E7D86E2992F,"click ""I want to create Account"", click ""I have an Account"""
1268067542,sid-8C34277A-8D4C-4363-BD0E-4E7B0260AF38,"M, L"
1268067542,sid-BE867FC1-9680-4C17-A0E0-FC37A52325DB,"F, U"
1268067542,sid-C9639C48-BF14-4B17-8894-2A10D421050E,"I, V"
1268067542,sid-22D3272D-46BE-4D41-9085-B29A169A8622,"L, W"
1268067542,sid-12F8829C-5E1A-409E-8C60-28009514B6D9,"M, X"
126914081,sid-41DACA5D-B460-4F95-88EF-5775DA40CDF2,"H, I"
126914081,sid-20888F43-9230-4364-A340-ACAD5F25F5BC,"L, M"
1269416536,sid-1BB97FD1-D355-4BFB-8DC4-30D3F9D96A2F,"Inventory Above Minimum?, Inventory Below Minimum?"
1269416536,sid-B438F1A3-176C-4B0A-A378-90719CAFFCA7,"Purchase Approved, Purchase Order Review"
1269416536,sid-2312BD6E-2F14-4C8A-83EC-D588BD262E52,"Yes, No"
126964003,sid-B0F45A3F-1469-4F54-BEBD-D2AA8DA03B5B,"O, P"
126964003,sid-7F0CED94-0B95-444F-8754-45CFFD5B82B2,"Q, R"
126964003,sid-E4FB87FE-DB0B-4270-8B0D-F7B9FB019C0E,"Z, AA"
1270159869,sid-7EAA2E5A-3938-4040-8DEA-1D8BF9BDEB57,"Department processes application, Seek views through official notification"
1270159869,sid-AF92B1CA-BE9A-4A0B-B629-1F6BF40FB0B1,"Prepare activities schedules for notification of the tenure application for publication on Government Gazette, Notify customer"
1270504803,sid-C4756B2E-52AE-4746-87D8-C88ED84FF4BF,"H, F"
1270504803,sid-D6087E5B-6FC2-4D44-9223-EDA5301CA748,"B, C"
1271990627,sid-C2023903-55A9-4F4F-9145-30862F26D1B4,"AE, AH"
1271990627,sid-80E6CCE3-31FD-44A8-8AB1-1DE50CB43114,"B, EndEscalationEvent"
1271990627,sid-1F0CA9E9-6113-4F90-B2D5-32A6208E1E05,"sid-1F0CA9E9-6113-4F90-B2D5-32A6208E1E05, AD"
1271990627,sid-F799BCEA-5A94-4DAC-AED5-903CEEBA7445,"sid-F799BCEA-5A94-4DAC-AED5-903CEEBA7445, sid-AnotherGatewayName"
1271990627,sid-67CC53FC-06E3-4D1A-805E-8002392D4428,"sid-67CC53FC-06E3-4D1A-805E-8002392D4428, sid-67CC53FC-06E3-4D1A-805E-8002392D4428"
1271990627,sid-0CF24920-55B7-45E0-9466-96765CD105EA,"A, "
1272074127,sid-C70006D1-BCD5-4BDD-88B1-E49FE0EC666D,"Determine if change will be acceptable if more information provided, Approve Change"
1272074127,sid-E69E45A1-EC57-449D-9E2C-88F9A5ABB9E3,"Reject change, Request More Information"
1272074127,sid-CF30C986-1233-4DA0-ACDD-E38ADA88BF0F,"Circulate to CR to CAB, More detail required"
1272074127,sid-60B7E6D5-E305-48DA-8664-F8603F8FBC14,"Approve for circulation, Reject for circulation"
1272203526,sid-DF0098B6-7501-49DF-9316-E94E2DEA9B03,"Create Purchase Order, Check Inventory Level"
1272203526,sid-BDB3F912-6C37-4FDD-833D-CC80152D32ED,"Reserve Funds for Payment, Rework Purchase Order"
1272241628,sid-E6034E6F-E6D1-4C57-92FB-F50171A349FA,"A, D"
1272241628,sid-EE26A4A4-AA74-4581-934B-15BFC4D16403,"B, C"
1272500863,sid-53D21CC0-E3A2-4EE8-8B8F-2CF4FA2013FB,"J, P"
1272500863,sid-E423DCC1-D72A-440B-BC11-492DCE7B47A9,"D, E"
1273334897,sid-1B8F3EC1-8633-4948-9E1D-98ED1CCCBFBE,"H, O"
1273334897,sid-F5982339-C71D-44A6-9AB2-45D1A3D76E45,"G, F"
1273409172,sid-7374FE22-A660-45A7-9178-721E54ABA81D,"Check SLA, enter date on entry form"
1273409172,sid-BA2EA433-45EE-4C17-9EEF-566FDECECBEB,"Highlight on entry form, Check detail on entor form"
1273409172,sid-4659B634-B6A6-4EF4-98DF-360AD21AFEF3,"Register & ready for payment, Select paid invoice"
1273826405,sid-5DE9D138-09AC-4866-8882-685E5BACBE96,"Ask loan proposal, Ask loan proposal"
1273926106,BC,"BC, BG"
1273926106,BJ,"BJ, BK"
1273934343,sid-5AEE3101-0E69-4F67-BBB4-8CD36E7B8061,"P, Q"
1273934343,sid-719A4512-E018-48E1-A03B-C8FAE1BDEBD6,"T, R"
1274020117,sid-377A289A-0B3A-4446-ABA6-A684F110EE55,"sid-377A289A-0B3A-4446-ABA6-A684F110EE55, sid-377A289A-0B3A-4446-ABA6-A684F110EE55"
1274026112,sid-61B4FB90-62F4-4A15-A3F9-94807D4FABDA,"F, G"
127416850,"Request
accepted?","Request accepted?, Remaining time + 1 month"
127416850,"Complaint
accepted?","Rejection sent, Infringement cancelled"
127416850,"Payment
correct?","Case closed, Notification"
127416850,"Really
deceased?","Infringement cancelled, Check death"
1274525261,sid-48BC6AA9-9B42-4573-90FF-4937739A2C10,"Y, AG"
1274525261,sid-E0814F23-B615-42E5-98C0-4BF7CA787D6B,"AC, AD"
1274525261,sid-938F50BF-E25C-4636-B8E9-037D8AE6A95D,"AI, AJ"
1274525261,sid-B504AA2C-BDAC-4AC9-8A3D-512495F5697C,"T, U"
1274985351,sid-6C3D82B7-33AA-407B-96FC-CA04D6999F8B,"X, Y"
1275364394,Retry Limit Exceeded?,"Retry Limit Exceeded?, Booking"
1276232515,sid-118B5C62-9DF4-472F-AFD9-81DB8114BC12,"update order?, accept order?"
1276232515,update order?,"Change Order, Cancel Order"
1276232515,accept order?,"No further action, order accepted"
1276232515,process order,"Accept Order, Change Order"
1276232515,sid-A61034D8-997D-4159-A362-F2CDDDCD00E8,"Add Detail, Reject Order"
1276625717,sid-70566A0A-371B-4250-9D78-BE16274D5EFA,"G, "
1277016532,Payment Amount = Statement Due,"Apply payment for all the students in the Statement, Split payment amount / students of the family"
1277016532,amount asigned => Student Due,"Apply Payment, payment In with NO details"
1277035301,sid-2E6601AD-A3C3-4F42-BF8B-92D6C5754E8F,"E, F"
1277858198,sid-6B705423-5012-4528-A531-B2890859CADF,"AX, BA"
1277858198,sid-A4D433C5-62D2-4504-AB48-3C3F86C88CDA,"AY, AZ"
1277858198,sid-1F1C9735-0556-4626-BEA9-39ACE59066FA,"BB, BA"
1277858198,sid-112F71E3-BF3F-4903-828D-09CAA37BB7BE,"L, N"
1277858198,sid-405E0768-100B-4203-B7EE-B1CCF17929D4,"L, R"
1277858198,sid-970F56FE-BD41-487E-A727-122D9F7188CC,"X, Y"
1277858198,sid-DEE44752-D8DC-488B-889B-51BAF723D6B7,"AC, AE"
1278045328,"Offer
Mortgage?","Prepare Mortgage Offer, Prepare Rejection Letter"
1279007618,sid-1A736886-75B9-4BE8-8B64-D72A8002CFBF,"G, D"
1279007618,sid-F37CA9D6-5F9A-43C6-9C38-F9D60F139605,"AA, Z"
1279007618,sid-F8A4492D-39F8-4577-AE19-0E643993914A,"sid-F8A4492D-39F8-4577-AE19-0E643993914A, Exclusive_Databased_Gateway"
1279007618,sid-8D737F69-21AD-4F68-BE33-038E40CB69E7,"sid-8D737F69-21AD-4F68-BE33-038E40CB69E7, AB"
1279007618,sid-9D029828-9FAD-4BF0-B5BF-1AACD1817C5B,"AB, AG"
1279007618,sid-5667B244-95EE-4E98-948F-74E700221662,"AK, AG"
1279007618,sid-7B77AD4A-C586-4DCA-B8DA-758706381C73,"sid-7B77AD4A-C586-4DCA-B8DA-758706381C73, sid-7B77AD4A-C586-4DCA-B8DA-758706381C73"
1280191109,sid-AB756A41-54A1-4970-90EC-9949802819B3,"E, F"
1280191109,sid-B3D2D82B-9671-4D3F-9F47-5D827004209B,"H, I"
1280191109,sid-57C1EC1C-2BD7-4F2B-B671-057D26781E46,"L, M"
1280489630,sid-60D2136B-BE47-4565-822A-0EFEA9495AA1,"CO, CV"
1280489630,sid-9B60741D-687D-4683-9C2A-65C14C8B0E5E,"CX, CQ"
1280489630,sid-8A3AD644-9C33-4C78-9DB5-59B49120B10C,"BZ, BI"
1280489630,sid-6726C03C-AE1D-47A3-B285-DB126996E779,"BL, BM"
1280605463,CG,"CG, CH"
1280605463,sid-7E1F0E1B-4787-4F55-B1F8-C842038DC8AE,"CO, "
1280605463,AW,"CI, AT"
1280738292,"Details entered
into system","Entering details escalation, Entering details"
1280738292,"Any change
 request?","Provide details, EndMessageEvent"
1281515595,"changes 
approved?","Modify process description, changes approved?"
1281736855,sid-882FB36F-A54C-40B3-87D1-B8F7CB5439FD,"P, S"
1281736855,sid-8E73A2A4-4FFC-4E2D-BA36-064963AAEB50,"N, L"
1281736855,sid-03D47348-4AEF-4730-9938-589F7E3778CC,"O, "
1281736855,sid-CB9F41B6-9734-4470-B8E8-6A8CC9719872,"AG, Exclusive_Databased_Gateway"
1283100530,sid-056467C4-A60A-4E63-805C-F126662E5991,"K, L"
1283404815,sid-556DD6AF-6524-4327-98C2-6CA1C2EA3034,"penalty points, Teacher check it"
1283404815,sid-5BC7C4EB-03FA-475A-8075-110D88F24664,"Perform work according to the role, Present the project"
1285184963,all information available?,"Review the claim, communicate with the customer"
1285184963,amount > $2000?,"Evaluate the claim, Evaluate the claim"
1285184963,"Claim accepted?
","Claim accepted?, Claim rejected"
1285384942,sid-DE3F14D0-4CE6-46B3-A29C-860AA867AFED,"sid-DE3F14D0-4CE6-46B3-A29C-860AA867AFED, sid-DE3F14D0-4CE6-46B3-A29C-860AA867AFED"
1285384942,sid-12E8AA13-D30D-4C2E-ABF0-71E1F532FE28,"C, D"
1285589028,Mode of delivery,"Check if extra insurance is necessary, Request quotes from carriers"
1285687730,"Seminar Fees
 Required?","Seminar Fees Required?, Register Seminar Participation"
1285687730,sid-CDF5DBCD-C8CD-4813-92C3-0BFE2911FA35,"Approbale Notifications, Notify Rejection"
1285968896,sid-94DF5E0A-1F94-45D6-ABA5-8709E1B6C589,"C, D"
1285968896,sid-4630FDA4-4564-4B31-8062-BC7244E949AF,"N, O"
1285968896,sid-94EB0084-AE07-4CD3-8033-6D5E33556E46,"V, O"
1285968896,sid-40EE9FA7-6626-4589-BE85-F1D453DBA0BB,"W, X"
1285968896,sid-1C0AD376-C75C-4614-8998-4B7668DCE491,"Z, AA"
1285968896,sid-82BADC8E-5E22-416C-8C98-B485B59BF202,"AB, X"
1286145313,sid-F744EC13-0D1F-419D-8790-A6A98B8B160C,"AR, AQ"
1286145313,sid-BA731A1A-90AD-415E-9C7C-CD78D6AA2D70,"AP, AO"
1286145313,sid-2A9251CC-F116-4E81-A5F8-C6C664FDC59B,"Q, R"
1286145313,sid-8539AF41-BCF5-445C-A00F-FF3EAC6128CD,"C, Exclusive_Databased_Gateway"
1286145313,sid-9F46BB84-6762-469A-8C7F-2CE4D626A3C5,"C, D"
1286145313,sid-5A704D26-18DE-489F-91AB-CF82B0CB5C22,"J, I"
1286145313,sid-293FAB74-2604-4F03-977D-07BB97CF8EAE,"L, K"
1286145313,sid-A02A9E62-97B6-4CB3-865F-AA96402B8F1F,"N, M"
1286491554,"Is this the 4th
Reminder?","Send Reminder to Customer, Inform Customer"
1286491554,"Mortgage
Offered?","Prepare Mortgage Documents, Inform Customer of Rejection"
1287512399,"All information
 available?","Review the claim, Communicate with the customer"
1287512399,"Claim 
accepted","Claim accepted, Evaluate the claim"
1287566479,sid-1475FD77-D694-4B77-A392-20B5DA7B8036,"Borrow unsuccessful, Check eligibility of client to borrow laptop"
1287566479,sid-D44F9779-5B0B-4E95-8A17-63621A63E31F,"Borrow unsuccessful, Sign Laptop Loan Agreement"
1288254765,sid-114CDF85-B38A-4312-9364-44E890190A1D,"Inspectors sing off, Writes up non-routine work cards"
1288516525,sid-01F8E72D-B617-4EC4-8559-EF12D0F2353B,"Process within 24 Hrs, Process for 1 to 5 days"
