Model ID,ID,Gateway Names
827092552,sid-31BF61D1-8528-43E3-A8C4-1568F4A1F2FD,"Passenger is denied permission to continue, Passenger is allowed to continue"
827092552,sid-5B5D8259-7123-4805-96FB-033D8BA4FD20,"Scan boarding token, Manually check boarding token"
827092552,sid-2332683F-A7C3-4B2E-8A2A-C27FE4F8B211,"Disallow passenger from continuing, Allow passenger to continue to restricted area"
828254522,sid-7A7A9B91-7779-4D51-9D42-E71FB59BBB76,"Verify User, Process Search"
828254522,sid-A77A1943-81C0-4AAA-BA70-88E06FD03385,"Waiver Approved Message Sent, Waiver Rejected Message Sent"
828254522,sid-0836EEDF-FFC8-4C2F-A13A-CA93B94BF2CD,"Waiver Approved Message Sent, Waiver Rejected Message Sent"
828507610,sid-5180FEE7-7F16-4967-8617-C1D2444D06BE,"sid-5180FEE7-7F16-4967-8617-C1D2444D06BE, sid-5180FEE7-7F16-4967-8617-C1D2444D06BE"
828507610,sid-4D6B711E-6A8B-4AD1-83E4-E17E7C42D207,"Sent to SSP, Return to Client"
828507610,sid-A4141788-A8F9-4730-B38B-D69BAA6F46AF,"Reminder Sent, EndNoneEvent"
828507610,sid-18AE6B0E-22FC-4D26-BA9D-15FC84403F97,"Reminder Sent, EndNoneEvent"
828507610,sid-0EB38623-9F6E-476F-B17B-6144436A6A37,"Follow up with a Call, Discard"
830325864,sid-A4E1880F-D832-44C0-AAEC-BCE2B3CFB35F,"Create Purchase Order, Check Inventory Level"
830325864,sid-875DF223-A592-4309-A4A5-30AE97091ECA,"Rework Purchase Order, Reserve Funds for Payment"
830387515,sid-03373CF3-EC1E-41D2-B881-3D05CB276871,"C, B"
830387515,sid-B24D843B-A8C9-44FC-A626-93CC7F607817,"D, E"
830387515,sid-34767835-957C-4A5C-BB5E-377FA2DD5125,"K, J"
830387515,sid-77AE8C6D-CF50-42DB-838C-4922AB5B2796,"M, N"
830390816,sid-4B155111-FBF1-4F0B-9F10-18D8A661B218,"I, J"
830390816,sid-A6717565-DC50-41C9-90D8-071AEAEC9241,"E, D"
831533719,sid-A32F1BFB-EEB4-4409-AB35-4D8F20B38E2E,"Send out offer for emergency help, Analyze insurance agreement"
831533719,sid-9AB7234F-8CB7-4584-8E10-7BBEF468C506,"Ask for rejection notification, Offer immediate help"
831951870,sid-A4838A06-B796-44A5-97F2-FFAEC085830C,"Decide on search type, Exclusive_Databased_Gateway"
831951870,sid-6A4B011C-48A1-4D9E-AD14-30068D272CCF,"Checkout by using ""one click to buy"", Decide on continuing the shopping"
831951870,sid-F8068491-988C-400F-AC0F-73AEC5DA37BC,"Decide on continuing the shopping, Amazon Shopping Business Process"
831956670,sid-8004B9BB-D9DD-42B7-965C-CD1E5C96E4FD,"R, AC"
832214981,sid-B76687DF-E330-4340-9BE3-317396211C57,"Create Purchase Order, Check Inventory Levels"
832214981,sid-A90B4E55-7FDF-456C-9E49-CF316091D0F1,"Rework Purchase Order, Review Purchase Order"
832258791,sid-A435504E-CF80-4873-ABE1-BDBDC66A1BA0,"Remove remaining metal objects, Check for any remaining metal objects"
832258791,sid-45FE57DC-9178-4430-8C3B-C4A88F712EE9,"Passenger proceeds, "
832258791,sid-B00E74FF-559A-4CD1-9B3F-21C3D10BBFFB,"Resolved, EndNoneEvent"
832258791,sid-4089B38B-745F-4220-8A4E-EC8DC1927BF9,"Allow Passenger to proceed, Ascertain whether prohibited items exist"
833340357,sid-9D904DA7-1446-4E0B-9CA1-8F00E3B668FD,"N, L"
833926397,sid-CCB0CDFF-DBDB-489A-A6B4-8479B6B1A7DF,"approval,"
834191125,sid-18793032-2DB7-4905-926F-312DA3C1853F,"InclusiveGateway, InclusiveGateway"
834191125,sid-687E29E2-32D4-48B0-A076-D1B6A9421BFD,"R, Q"
834191125,sid-B91906BC-9DF5-4AA3-B147-8C753A4EA307,"P, O"
834764996,sid-E8ABE50C-3AB9-49B4-8131-5FFF31351949,"Login to Facebook, Sign up as new user"
835264982,approve,"approve, devide feature into tasks"
835264982,all tasks completed,"all tasks completed, collect completed tasks"
835264982,authorize,"authorize, evaluate"
835264982,evaluate,"collect completed tasks, programming"
835809373,"Invoice
returned 
back?","Invoice returned back, Invoice never returned back"
835935369,Select cover,"Design cover jacket, Upload cover art"
835935369,advertise book?,"Advertise book, Continue shopping?"
835935369,Continue shopping?,"Continue shopping?, Advertise book?"
835935369,add to cart?,"Add to cart, browse more?"
835935369,share book?,"share book?, look book?"
835935369,browse more?,"Add to cart, Browse books"
835935369,create or buy?,"Log in and create book, Browse books"
835935369,checkout now?,"Checkout, look book?"
835935369,continue browsing?,"Browse books, Place order"
835935369,remove book from cart?,"Remove book, Checkout"
835935369,look book?,"look book?, checkout now?"
835973906,sid-574BE886-14C2-41BF-BD6E-3D5CDE185CE7,"Complete, Incomplete"
836336472,sid-19F42DE0-D9C7-4AB9-BEAB-F65CF017C7AF,"Create Profile, Change Profile"
836336472,sid-52C88003-B11E-4EEC-AD9E-EA87E7778D84,"Remove Good, Choose Good"
83650522,sid-6A922041-D45B-43C3-9D3E-925F6B229D61,"B, D"
83650522,sid-3A6D6968-4973-44BF-82D5-DA44FA6D197D,"H, A"
836798070,sid-FE4B5DE4-1837-46C1-833E-4460926998E6,"Application discarded, InclusiveGateway"
836798070,sid-C63819E4-A0A9-4F05-BDCA-D53DE783B8E5,"courier applications to RM, hand delivered applications to RM"
837206808,sid-05D57C73-AFF4-4872-AAAC-9F6C99AA9593,"B, "
838359612,sid-573DFD1C-3049-444B-8C5B-CABFF278B9D2,"Intermediate Message Event 1, Intermediate Message Event 2"
838459922,sid-07C1F517-96A7-4197-BA86-98261E6EE088,"G, H"
838674141,sid-EAC800FD-0A99-46DB-BEE3-38A048621FE8,"check for Vendor in SAP, Sort invoices"
838674141,sid-32CF2AD5-9403-4CE2-85C0-B9CDB96E8C9B,"Enter invoice into the system, Request for new vendor record"
838674141,sid-760BA53D-9146-449E-872C-47254F998133,"Per Vendor, Per Client"
838674141,sid-FD9140C8-EA47-4A01-9262-A54FA2AD5419,"Enter invoice into the SAP system, Request for new vendor record"
838674141,sid-F22E2117-4E27-4830-B220-554AEE4ED680,"sid-F22E2117-4E27-4830-B220-554AEE4ED680, sid-F22E2117-4E27-4830-B220-554AEE4ED680"
838674141,sid-35A3FD76-5771-45F5-8907-04A5D13CFC50,"sid-35A3FD76-5771-45F5-8907-04A5D13CFC50, sid-35A3FD76-5771-45F5-8907-04A5D13CFC50"
838674141,sid-FB8C5E56-9D40-4EDA-8C6E-923E0EAA258C,"Based on the provided information, the output should be: Exclusive_Databased_Gateway, IntermediateMessageEventThrowing"
838674141,sid-9565C04A-7FD8-4F7A-8CB8-7BE71C0CEC0C,"Based on the provided gateway information, the output is: Gateway1, Gateway2"
838674141,sid-EEAF7EC4-858F-4051-8907-364705120A70,"sid-EEAF7EC4-858F-4051-8907-364705120A70, "
839405768,sid-3926452D-DEC5-4F45-8DB9-371FCD17BD8F,"G, K"
839485221,sid-5BEF83A1-DB13-4FEE-BD87-4694B9A03029,"Send Order, Procure Items"
840044706,"Pricing and terms 
satisfactory","Submit purchase order, Inquire about availability of products"
840603471,sid-0D9438F8-7391-466D-951A-B71E3BC9547D,"N, L"
840737510,sid-468F4FC3-09AD-41AF-BB29-139491D03CDD,"I, J"
840877594,sid-299B73DC-55F8-4CFB-A170-A3C016E2AE84,"F, D"
840877594,sid-300F554B-4C57-4810-B655-D8367CBDFD6B,"G,"
841191824,sid-1F451858-C912-4EC6-9129-752737049DCC,"Enter purchase request in Enterprise system, Check completeness"
841191824,sid-449EB051-1D4D-4B74-B26F-38662D1964DF,"Enter purchase request in Enterprice system, Check and Update vendor's details"
841191824,sid-DBFA7F32-1D9F-4BBD-A267-826E3228E6D7,"Process completed, Handle issue"
841191824,sid-149435AE-E098-47E1-8D7D-EF65C64BFC1E,"Handle issue, Check delivery"
841332034,Everything clear?,"Everything clear?, Decide if enough knowledge to develop"
841332034,Are requirements clear?,"Ask business analysts to clarify issue with customer, Decide if requirements are clear"
841332034,Progress made?,"Work on user story, Work complete?"
841332034,Work complete?,"Work complete?, Progress made?"
841332034,Reassigned to another work?,"Reassigned to another work?, Plan changed?"
841332034,Plan changed?,"Reassigned to another work?, Work on user story"
841332034,Passed peer review?,"Passed peer review?, Work on user story"
841332034,Are there user stories to work on?,"Finalize work on build item, Pick user story"
841332034,User story clear and complete?,"User story clear and complete?, Are all user stories for this requirements complete?"
841332034,Are all user stories for this requrements complete?,"User story clear and complete?, Are all user stories for this requirements complete?"
841332034,Answer known?,"Give answer to developer, Ask customer"
841332034,Are requirements unclear?,"Clarify the requirements to developer, Tell customer the requirements are not clear"
841332034,More communication with customer needed?,"Propose change to requirements, Communicate changes to requirements to customer"
841803310,sid-12BC8443-4E3D-4DBF-900F-461FF1601245,"Approve the CR, Reject the CR"
841803310,sid-F9131F91-9924-4C04-AD3F-A047AB63DDE0,"Approve the CR, Reject the CR"
842592593,sid-00436726-3F2A-4B15-A615-5B6CC093432D,"B, F"
844046481,Manual,"Handle manually, Check request"
844046481,Succesfull?,"Booking Cancelled, Book attraction"
844046481,Timed-out?,"Handle manually, Confirmation send"
844064966,Existing?,"Enter new customer data, Check data base"
844064966,sid-AA4D72DF-09CB-4DF6-9C61-C108FF6C09E9,"deny request, accept"
844064966,sid-62328D92-6EFD-4004-9E90-64C0B49014FE,"check credit standing, set up account without credit"
844064966,sid-1DD7E42D-3375-442F-9DB9-2E14FCEC89EC,"deny request, accept"
844093940,sid-DAD4C316-9288-445F-A958-C9B902AFBDE6,"C, M"
844315566,sid-D0DD2D17-9B7B-4600-940B-07A596085AB1,"shipping computer to repair, terugbezorgen computer"
844757978,Other ADS reply?,"establishing a trust relationship, EndNoneEvent"
844757978,"Data of a particular object for the first time?
","Updating the key events onto ADS, Storing and updating the detailed info of an object"
845454730,Is room available?,"Room available, Room not available"
846039425,sid-44156676-1789-4BD5-AC71-E547FE8739DF,"Reject order, accept order"
846039425,sid-37A48B57-EDDE-4ED5-A036-2FAA676EADBC,"Backorder, Reserve item"
84629637,Tiramisu is offered,"Order Tiramisu, No Dessert"
84629637,sid-2C268BF9-9300-40AB-815B-7181EA8B876C,"Vino, Salad"
846363583,sid-F691D76B-8A1B-4CD0-9FB2-F04CA9B94AB4,"Role Exists, Role Does Not Exist"
846363583,sid-4789CE34-1940-4E5B-879D-1534FC9AEA67,"Role Exists, Role Does Not Exist"
846697904,sid-2F2F0EC5-3B06-4F4F-98B1-6DCD9DB897EB,"Deliver, Send message to customer, that it can't be delivered"
848383567,sid-58EA7E07-E5B3-4542-B213-A3047E1C44EE,"U, V"
848383567,sid-DFABC1FF-D0A7-4F5C-AB1E-9316834B42ED,"Y, Z"
848383567,sid-B051C76C-A690-4063-A8C1-C0212CCA19D2,"B, "
848383567,sid-1F0265F9-8ABB-4DAA-BEED-3E2E7E43FC9C,"F, H"
848383567,sid-E09BA2BE-88A5-484E-A0E1-C66D179E9E8E,"G, J"
848383567,sid-DE8F24F7-AAA5-4630-8C00-31E54F570F58,"I, K"
848383567,sid-F133C36C-6A34-428A-9AA9-EDC7072ECC08,"AG, AI"
848383567,sid-C900673A-FF7E-48F1-8817-5C68FB1DDA73,"Exclusive_Databased_Gateway, IntermediateMultipleEventCatching"
84899303,sid-E8FAE008-63AF-4CCA-A770-DD9229D008A8,"Doctor approved the refill the prescription, SMS Dr. script approvement request"
849916145,sid-B6033D7C-2A6B-48A6-A1B0-E5479983598E,"Check if extra insurance is necessary, Decide if normal post or special shipment"
850292095,sid-8BE7973E-41C2-47C9-9875-9DCCC6866355,"F, G"
850303762,sid-7A5BDBEF-3DA8-4064-8FFF-D6626D1681E5,"F, E"
850356764,sid-F284F220-E08E-4ADE-809F-D7F96C367AE2,"Fill in App. form for EILC, Find out date and place of EILC"
85071961,sid-CFA64EEB-FFC4-42B8-8BF4-040974A680E7,"Create Invoice, Notify Owner"
85071961,sid-FC1E3777-09BD-48F7-AAFD-F79ABAEEFF5F,"Notify Owner, File Report"
851798715,sid-EF384860-A55A-4E80-BE69-011DDD96504B,"Group by limit, Group by municipality"
851798715,sid-22FA3B9F-02CC-4395-8F53-51430EC619B3,"Generate file, Group by limit"
8520135,sid-8BB83E5D-237B-4E00-AD5B-5988F8CF4DDF,"check age of customer, advice other account type"
8520135,sid-9B731095-78DF-487F-8D73-2E38B4949F5F,"advice other account type, Exclusive_Databased_Gateway"
8520135,sid-FA2F6A72-4724-4C1D-A07B-9667DDDC4980,"customer leaves bank, Exclusive_Databased_Gateway"
852384260,sid-F08FA644-EB28-40D5-8978-C6F20213D2AE,"Set waitingForOrderToArrive to true, Set waitingForPWFree to true"
852384260,sid-8FE3EA41-7E0E-4698-AAA6-1839B047C853,"Customer departs, Create customer agent"
852384260,sid-B5884C4A-E8B4-4F1E-9C18-70BB0A3F9171,"Schedule ConfirmCustomerOrder message, Confirm CustomerOrder"
852384260,sid-A3BC6FB8-A416-4EC6-A3D0-625F0B28E212,"Set menuBoardBusy to true, Set menuBoardBusy to false"
852384260,sid-9A60D5BD-4CAA-41AE-B9E7-650879D8CDE7,"Set menuBoardBusy to false, Set menuBoardBusy to true"
853626757,sid-B81D3F0C-3B22-4348-9944-F54A2C178EFF,"Book Insurance, do you want insurance?"
854052755,sid-744DC22B-7EF0-4602-B0E0-7B1D6695296C,"AJ, Exclusive_Databased_Gateway"
854869507,received expertise?,"Forward expertise, received expertise?"
854869507,review?,"Review, EndNoneEvent"
855000189,"The answer 
was positive","The answer was positive, The answer was negative"
855054694,sid-4D4E1444-0EC5-4003-9691-493C27330FB5,"P, I"
857092333,sid-0F444D4E-4618-4980-B32E-6EDDCD724D1D,"notify rejection, send relevant form"
857092333,sid-151A230A-A0BB-4427-938E-1E7986197829,"ask customer to complete form, check completeness"
8572082,sid-BA5C7332-CFD0-4DD3-8D56-41DE39624379,"Offer accepted, Analyze offer"
8572082,sid-DA845F06-51C8-4244-8249-C3AC9A7D9618,"Rework offer with new data, Parallel Gateway"
8572082,sid-03C22376-9F47-4F49-B3F8-272A5A47C79B,"Publish offer, Do not publish offer"
8572082,sid-5112E050-759E-4BB6-8D70-3703EEFBB7C9,"Identify financial limitations for new offering, Create new competing offer"
8572082,sid-A65E52E6-B11B-4CC4-B45D-F3634928C10F,"Insurance requirements response, Prepare contract"
8572082,sid-5BB773D3-1D2A-401E-8C05-F9FE0E134A84,"Add contract to database, start contract fulfilment"
8572082,sid-218E5B1E-322D-4A9C-9DCE-5B705F3CF6C9,"Insurance specification assessment, Insurance requirements inquiry"
8572082,sid-29B653EF-B39B-4B10-988B-60F469B99C07,"Further risk analysis, Accept insurance"
8572082,sid-58219440-95E6-43FD-AA9E-D6DDD40173D2,"Deny insurance and make statement, Accept insurance"
8572082,sid-0D74DB09-F6BC-441E-BE77-4664047972CC,"Employee participates in get-together, Employee refuses participation in get-together"
857243128,Realizable?,"Withdraw Correction, Logon to (Development) System"
857243128,Change Request realizable?,"Create New Transport Request, Withdraw Correction"
857243128,Test successfully?,"Confirm Successful Test, Reset Correction"
858264114,sid-6D38DC8D-D48E-4905-AE04-A619DFD659BE,"AK, AH"
858264114,sid-99A5ADE9-4C2A-47C3-B789-75E03FDFE07C,"C, "
858341849,sid-B073D85B-A678-455A-94D4-97EACD6F0BD0,"E, Exclusive_Databased_Gateway"
858393211,Decide Outcome,"Execute Payment, Reject Request"
86015231,sid-1D5E2692-F4BE-46F6-A65F-5F78B85057CF,"work on storyboard, informational meeting"
86015231,sid-F9F17F9B-B209-4F84-98B5-410ED9A5DCDF,"build site, approval"
862076931,sid-7734099D-32C0-46B1-B22E-DADE0828A59D,"Since you've requested only two gateway names based on the provided information, here’s the output: 

Exclusive_Databased_Gateway, sid-7734099D-32C0-46B1-B22E-DADE0828A59D"
862076931,sid-6434C97D-AEDB-4215-AFE2-734CD70317B9,"Based on the provided information, here are the two gateway names:  
sid-6434C97D-AEDB-4215-AFE2-734CD70317B9, "
862270781,Custom Order or In-Store Purchase?,"Custom Order, In-Store Purchase"
862826015,"Solution accepted
 to test?","Development and Unit testing, Solution accepted to test?"
862848830,sid-1EE6B305-24BB-4687-B5C4-9C59337299D5,"AB, A"
863000833,sid-B3729140-522F-489E-A800-EB9F96B6D479,"J, "
863000833,sid-D9904B4F-169E-41F6-AD6A-5D86811470F8,"I, N"
863018320,sid-1A787449-C435-4E55-9DFE-65564232C51C,"N, L"
863037283,sid-2B661C7D-E743-4BC5-8FD3-97C71B59A7CE,"B, C"
863226016,sid-8AC09CBA-DE4E-4EDC-A81D-2189E0FDB650,"Q, T"
863226016,sid-415AFF2D-67C5-495C-A000-6F7B3493ED1B,"B, C"
863226016,sid-E7177FB4-B189-4934-B2B9-4721DB85F856,"F, H"
863226016,sid-8DDA1B6A-9FBA-4B9D-8634-2B82D05183C3,"EndNoneEvent, EndNoneEvent"
863690919,sid-14F8DAEC-4742-4B98-9A1B-AE380A899634,"Select paid invoice, Identify invoices with payment issues"
864036107,sid-57221592-E0C2-4814-A047-6FDFAFFD9838,"Manually handling, Transaction"
864036107,sid-D1CAAF99-F04D-46FC-90BC-CA0D2584E3D4,"Exclusive_Databased_Gateway, ParallelGateway"
864036107,sid-B79470AA-A17D-4718-BF89-5D54B99B0E13,"Bus Booking, Exclusive_Databased_Gateway"
865501821,sid-0622683D-1237-4957-8D3C-BE475A38B008,"courier applications to RManager, Hand Deliver applications to RManager"
865502331,Decide Route on Cost & type of service request,"Receive the request for Approval, Complete the Request Execution Process"
865502331,sid-1FD5BD22-48D2-49A8-B985-F17B516413EF,"Mention the Reason, Complete the Request Execution Process"
865843161,sid-E3D5188B-0430-4D00-ABF2-61396346692F,"Issue resolved, Check if available in other close CVS store"
865843161,Yes,"Suggest to go to another store, Check if customer prefers to wait or use other company"
865843161,sid-EE9DADF1-25CA-4EE9-9DE6-010E9646C41C,"Script order is declined, Issue resolved"
867776335,sid-2DBD224C-B8AA-4367-9239-CC1A2E4D03B3,"Arrange Medical Assessment, Check Medical Assessment Requirements"
867776335,sid-EE951EDE-89D3-4AAC-AC99-BFCDAEC7519A,"Contact Next In-Line Candidate, Arrange Medical Assessment"
867984442,sid-C7F0E927-E636-4320-9815-2915AB4C7D22,"X, Q"
867984442,sid-A00D43D0-9319-49E2-931F-67F1134AAD49,"R, I"
868250185,sid-53B39EA5-67F3-4FE9-A23D-4F27593D5BBE,"Daily Demand, Set productQuantityInStock to productQuantityInStock - demand"
868493341,sid-79531B4B-A205-4481-A43B-85327779DEC5,"Highlight the invoice error, Check the ""invoice entered correctly"" box"
869053351,"Check if
 already
 approved","Check if already approved, Evaluate advertisement text"
870623884,sid-47F61B98-9173-4E8F-9121-E6E746A388C8,"Retrieve Suppliers list, Materials unavailable"
870623884,sid-918F9916-DC8E-407E-874B-742C8C5BAAAE,"Retrieve Suppliers list, Materials unavailable"
871967765,sid-9AC971F8-2A04-4252-8386-478B1F9555D5,"receive unavailability message, receive confirmation"
872349628,sid-329A6AA7-39DD-4248-A7F8-7D4E0C3A385A,"sid-329A6AA7-39DD-4248-A7F8-7D4E0C3A385A, sid-329A6AA7-39DD-4248-A7F8-7D4E0C3A385A"
872349628,sid-5B30096F-878F-42ED-8A07-A0F4424F6BBF,"sid-5B30096F-878F-42ED-8A07-A0F4424F6BBF, sid-5B30096F-878F-42ED-8A07-A0F4424F6BBF"
872349628,sid-C0F5362E-AF02-475E-89B5-B49365CAB1A3,"S, T"
872349628,sid-FAC6806A-CE75-4F60-863E-3FE1F843543E,"P, EndNoneEvent"
872349628,sid-AFE208ED-5C04-4E5C-9FE9-FBDCC2FE1C32,"P, O"
872683473,"Do we have
 production space?","Add new production hall to report, Check factory capacity"
872683473,"Is the plan 
profitable?","Is the plan profitable?, Discuss plan"
872996187,sid-8AD8527B-AD0E-48BF-B93E-CCA1F18B9353,"Approve Invoice, Reject Invoice"
872996187,sid-65A55B3E-EF84-4B9C-BB29-C7BBD0C34FAC,"Incomplete, Complete"
872996187,sid-B00D7B14-5A39-4C25-BE24-408F5A18FBB1,"Urgent, Non-Urgent"
872996187,sid-D80DA477-FD1C-4B95-8117-1D7C91538C8B,"Compliant, Non-Compliant"
872996187,sid-D4F08011-33E0-49C1-A02B-7FFAB2627059,"Called client, Return to client"
872996187,sid-B8C69607-58B7-4552-A1CC-BA59B4B82F1D,"Non-Urgent, Urgent"
872996187,sid-C77BE23B-2A39-424D-B227-B32095C98F08,"Vendor registered in the system, Vendor not registered in the system"
872996187,sid-64D6E3A8-85C1-40BF-80BB-4CB5DAA82370,"Re-sort invoices per vendor, Invoices 0≤$2500"
872996187,sid-33A49D7B-6881-4207-BCF9-515957F7C58C,"Non-Urgent, Urgent"
872996187,sid-4248B47A-9B84-4504-8D33-678D72019E7D,"Errors on invoice, No errors"
874299451,sid-251E939A-E459-4D38-9F64-2999C03913D2,"Send email with subscribed paper, Deny application and send explanation"
87445226,sid-B3E29FE0-2573-4A5B-BAA6-D37B0BA46546,"Handled manually by Employee, Transactional Service"
87445226,sid-C12645DD-EE6C-4544-8ACA-0F8D430C4494,"Cancel Transaction, Invoke another Service"
874732223,sid-91A2DDE5-9912-4901-8BD5-6DC72CD255C4,"Take o shover, Have a breakfast"
874732223,sid-65C6EA12-C827-4F61-8D51-B53C288F5082,"Get Up, Continue sleeping"
87511552,sid-5795FDD4-E9EA-43F5-9806-6E370F7BBB16,"Check customer status, Customer status verified"
87511552,sid-A905B220-4938-447E-8122-D1E1928FA4CE,"send declining message, create new customer"
87511552,sid-8FFFEC14-B2F0-41D6-AC5A-88E50A70C6F0,"sending decline message, Exclusive_Databased_Gateway"
87511552,sid-C0D15517-5F03-47D7-94CC-24C6374B0C9B,"produce missing goods, Exclusive_Databased_Gateway"
87511552,sid-525708BB-7F87-4318-A349-C330D4573B8F,"closing order, checking reminders"
87511552,sid-037CFA43-3B4A-4966-AF93-161549A85460,"activate donning process, checking reminders"
87565824,sid-DC4ADDA6-FDC1-44C3-9E42-8A7638419C5C,"reimburse, email to employee"
876132258,All items available,"Ready order for transport, Acquire missing items"
876132258,Items present in shop,"Get item from storage, Notify user about readiness"
877152436,sid-F626D7F6-A620-4ACE-B371-3CEAD3AC7121,"Mark invoice with high priority, Exclusive_Databased_Gateway"
877152436,sid-17CC98D6-60D7-4D53-9467-55CF8EA4E7F0,"Highlights error on the invoice entry form, Check invoice urgency"
878155092,sid-0A63C732-A007-4840-B98F-1EDF181545A8,"Cancel the process, examine the documents for compliance"
878155092,sid-58F4AAF5-E931-4C0B-BDCB-3A0DA6DB1F4F,"Issue Letter of Credit, Evaluate risk"
87910040,sid-81E9486E-9E1C-46E6-9B54-3AD6537ADA9F,"Y, A"
879750476,sid-8765472D-5587-4A69-A87A-7898C78E114A,"B, C"
880346570,sid-2D40AFFB-8DFD-4D39-B2EA-28F5C89F5C02,"IntermediateEscalationEventThrowing, ParallelGateway"
880467586,sid-E3D2A775-65EF-49B9-9EE5-32A21DF884E5,"Stamp the invoice entry form red, "
880467586,sid-841D6E75-6343-4A02-8E68-503A0939EE98,"sid-841D6E75-6343-4A02-8E68-503A0939EE98, "
880467586,sid-CDDE6FE3-AAA2-49CF-95B8-E20EE8E81587,"Complete a vendor data master record request, Look up vendor in SAP system"
88061095,sid-1014588E-8494-499C-88C5-2EBD0042D317,"End Process, Create Purchase Order"
88061095,sid-4D118235-5C0D-49C8-9FC8-9FFBF8B26F66,"Rework Purchase Order, Reserve Funds for Payment"
881486533,sid-AC5618C6-7801-4E83-AFD1-D049465591D0,"S, D"
881486533,sid-8A66832F-04AD-4B99-B3F8-4EE2DA2B4A96,"R, U"
883246314,sid-2AA1ECE0-4564-4D5E-BF6B-737424B84161,"A, J"
883246314,sid-D4654F9B-1B7E-4B96-98C6-5A29457F3B50,"J, L"
884537727,sid-2AEF14DB-0515-42DD-80A8-BCDA47AF0318,"Insurance check successful, Try to solve the conflict"
884537727,sid-A17825BF-C8CA-4C3B-B619-BCCAC3F9AEEF,"Conduct insurance check, Call relevant party"
884537727,sid-55B1E086-3DBE-47F8-AACC-6553262FF207,"Conduct insurance check, Insurance check failed"
885180918,sid-EF595B90-3B95-4EEC-8292-54B9D30A96E3,"F, G"
885180918,sid-401A3188-6156-47F1-B478-5AB700E6D04D,"E, "
885274256,"Applications meet 
Specifications?","Disregard Applications, Review Applications"
885274256,"Advertisement 
a Formality?","Application Received Process, Disregard Applications"
88558579,sid-158EDFC9-D7CC-46C2-BCB8-0199F7377BCF,"E, F"
885958753,Allowed,"Allowed, Deny"
886136437,sid-D26CEC84-0332-434A-8668-F2A2B8B61876,"installation ok, solve problems"
886362416,sid-F4480850-8D27-4446-952B-FA6014F1FEC2,"Inform Customer of Denial, Process Request"
886501736,sid-2A1E08F0-51D5-48B3-8D55-6A980A009E68,"ParallelGateway, Exclusive_Databased_Gateway"
886501736,sid-118C9CD2-720D-454F-8AE0-D33F28582875,"Item Inspection, Move Goods to warehouse"
886771200,sid-94E97223-FE3A-488B-9A76-DCC597F8C26C,"sid-94E97223-FE3A-488B-9A76-DCC597F8C26C, sid-94E97223-FE3A-488B-9A76-DCC597F8C26C"
886771200,sid-96AF39F6-9C89-4DA3-9AFC-33CBEB5DC9D3,"R, U"
886771200,sid-827A61F5-CA67-4D46-B413-1BFD5DFA5951,"sid-827A61F5-CA67-4D46-B413-1BFD5DFA5951, T"
887067112,sid-E1426C5B-93E0-4787-8C71-EBA6195C28F5,"Approve Application, Decline Application"
888106368,sid-CBAA1117-1FA5-42F1-A889-39F5DC6484FA,"AM, AN"
888106368,sid-A4AA3E67-C763-4388-BF5D-DC4F19AC2C84,"AQ, AR"
888106368,sid-F0DC0B29-E5EF-4C95-ABA5-2751A398DDB9,"AU, AV"
888106368,sid-52A81210-F68F-471B-A18B-94515F31A0CC,"AX, AY"
888106368,sid-0041E4F8-DBAB-4D92-811E-66DFBC47F789,"BD, BL"
888106368,sid-30E64F41-638D-4906-B94E-A16FB476E36F,"BI,"
888106368,sid-57CD4811-63A0-4970-8FE3-0B99CA047D2B,"T, "
888120930,sid-903BA268-A57A-4ACF-B1A8-C4F88F0B66E2,"Send quote, Exclusive_Databased_Gateway"
888203688,sid-8BA489F3-04E5-4587-B4E6-0DD1F86276FF,"Try to get synset for part, Exclusive Databased Gateway"
888203688,sid-57D136D1-B5FC-4953-8490-BE3A09C30089,"Successor Names: Planned Task, Unplanned Task  
Predecessor Names: Input Task, Processing Task  "
888203688,sid-3AF503C5-F603-4E35-92E2-E2D70020A9B2,"try to find part, EndNoneEvent"
890360912,sid-4FDA0C39-CE9B-432F-AA8A-21E92AC5E210,"Check-in cancelled, Exclusive_Databased_Gateway"
890360912,sid-391D89FE-2478-4D26-9AA5-1300E80D9F63,"Finalise self check-in, Predecessor Type: Exclusive_Databased_Gateway"
890360912,sid-8C15CCC5-D5C2-4322-A881-8D3656978B90,"Check-in cancelled, Transmit passenger travel details to authorities"
890360912,sid-23EBFE38-9293-4A35-98EF-AA8C2E36DBA7,"Acknowledge clearance to carry passenger, Inform passenger of lack of right to fly"
890360912,sid-1621983C-0903-4252-9767-CF59186428AE,"Notify lack of clearance, Send clearance information to airlines"
8914774,sid-29A16C14-DFC9-4EB8-853B-E0EB32C4A3BC,"Ask for rejection notification, Do internal accounting"
8914774,sid-EE398141-F947-49B4-AC3F-38142FED54F4,"Offer immediate help, Send out offer for emergency help"
891904712,"Board of
 trustees 
approved?","Board of trustees approved?, Receive evaluation"
891904712,"Position 
re-advertised
 (negotiations
 failed)?","Position re-advertised (negotiations failed)?, Any personal relationship between SC/ER members and applicants?"
891904712,"Approval of 
process #2 
given?","Check # of applicants, Approval of process #2"
891904712,"Enough applicants
 for ranked list
 (at least 1 
applicant?","Enough applicants, Not enough applicants"
891904712,"Faculty 
board
approved?","Faculty board approved?, Faculty board not approved"
891904712,All 3 denied?,"Notify Senator to choose next ranked, Re-advertise position?"
891904712,"Already
 selected?","Already selected?, Not selected"
89208806,sid-771F3CFB-3608-4C54-8021-DF7F43C3AE68,"Place Order, Check Inventory"
892202074,Need More Info,"Forward Claim to Claims Adjuster, Ask Customer For More Info"
892659086,sid-891EC3B0-107B-401D-BBD7-A32895C4CB4B,"Investigate the details, Raise and send Appointment approval form to next level manager"
892659086,sid-C0416B5F-1B3E-4DD4-8A23-82FECFFF55A5,"Receive query from the manager of explanations of any items in the approval form, Raise and send Appointment approval form to next level manager"
892659086,sid-46775DF3-E308-4048-B6BC-019F7084C1B6,"Create business case, Assign the form to the applicant's BPM record"
892659086,sid-C5BD9D61-56EA-40BB-A140-626634F2E7AD,"Arrange medical assessment, Exclusive_Databased_Gateway"
892659086,sid-51127E18-2311-414A-B70F-4DC645CEBFE6,"sid-51127E18-2311-414A-B70F-4DC645CEBFE6, sid-51127E18-2311-414A-B70F-4DC645CEBFE6"
892659086,sid-A34964C8-301F-4BCE-A957-FBFF711559B5,"Select another candidate, TextAnnotation"
892659086,sid-14391D59-5193-49F6-A1DF-A3E68AFF086D,"Approve applicant as passed medical, Preferred Candidate's medical assessments"
892659086,sid-9DD2F30F-2CF2-4F61-B628-C4C36BD3DED4,"Contact shortlisted candidates next-in-line in order of priority, "
892659086,sid-38D459BC-F511-474B-AE1D-17117C486844,"Contact shortlisted candidates, Contact not shortlisted candidates"
892948481,If information is ?,"Confirm, Deny"
893452564,submit?,"submit?, anotherFilter"
893452564,another filter?,"another filter?, another filter?"
893652097,sid-C12B5AC8-FF5B-4D63-9558-8EAB559FC0C1,"Exclusive_Databased_Gateway, IntermediateTimerEvent"
894642215,sid-CE16E456-33F4-44E3-B1F2-DB7AC33A3677,"BY, BZ"
894642215,sid-39583C0A-7862-4402-893E-5C9C0823DED7,"CP, CX"
894714302,sid-3D8AF3FA-4734-44E2-B1AB-6B8288B6D5DB,"Create Purchase Order, End process"
894714302,sid-A91362BF-1EAD-4631-8A5B-1B23A37AC579,"Purchase Order Rejected, Purchase Order Accepted"
894966094,sid-F9FEC2E5-0B43-4703-9F89-065E20F0318E,"EndNoneEvent, Exclusive_Databased_Gateway"
894966094,sid-FF2D9CA3-3119-4A2C-AEA6-69A0447F9A1E,"Exclusive_Databased_Gateway, ParallelGateway"
89550409,sid-579959D7-ABFE-4DD4-83AF-004886FE5114,"Insert payment by cash/coins, Insert payment by EFTPOS"
89550409,sid-757A9DB9-D40C-4227-AE37-14D759EF763D,"Insert payment by cash/coins, Insert payment by EFTPOS"
895531095,sid-94EB78DF-88BE-4A72-9CCA-9DEB57291A50,"O, P"
895531095,sid-745D467F-8100-48DF-9708-1C90619ED122,"R, T"
895531095,sid-26E6F227-4888-4729-8A37-A464C1E36390,"U, T"
895531095,sid-A9F96CF8-055A-4EF1-9C2F-C03D86B66CE3,"C, D"
895531095,sid-ACC1FBA5-FE92-49A6-A63B-83026DB52B1A,"E, F"
895531095,sid-5A378967-31E0-4DC7-844E-35BA3718C0E5,"E, D"
895531095,sid-70693736-4355-42E3-B44B-5B9772C6C95E,"W, V"
896430661,sid-A734525A-D796-4410-B309-DC29F01194E9,"C, D"
896941169,sid-78E2CD73-EDD0-4848-B858-17A06D65352A,"G, H"
897497463,sid-557428B9-0AF3-4AD2-BFDD-DDC909B11568,"desicion if person becomes a member, stamp as new member"
897546918,sid-01B05B55-92D9-482F-AC25-7A209500D244,"R, S"
897546918,sid-BEB4D732-B93C-4E8D-92BE-B4A49BFFC1AF,"AA, V"
898401021,sid-B7F2527C-F354-493D-82C7-2262CAFB90ED,"check accident position, ask position"
898401021,sid-BE2E7B69-439E-45EE-A8AC-E21D8D1412F9,"accept, send expert"
898401021,sid-F24B25A6-32F8-45E7-B255-1ABFA1ED7406,"accept, refuse"
898508998,n > g,"EndNoneEvent, Exclusive_Databased_Gateway"
899263510,Payment Confirmation Approved?,"Continue with Payment Process, Payment Rejected"
899263510,Complete Invoice?,"SLA Invoice Processing, Return To Client via Postal Mail"
899263510,Officer knows SLA?,"Input Processing Date, Look up SLA arrangements per client through Excel File"
899263510,sid-22035C04-F4EC-40C8-8251-C41D8E629143,"Check Invoice Entry Form Completenesss, Complete Invoice Received"
899487223,sid-D053FB4C-F603-4B4A-83B8-F73CAC820066,"C, D"
899487223,sid-C3593103-8137-42EB-891E-89B4DF2E5E29,"C, E"
899487223,sid-93AC7671-74EA-4582-B613-9EA8B917A78C,"C, G"
899487223,sid-78A45E2F-73DE-4D24-9D3A-D6185D3D80F5,"C, I"
899487223,sid-B9CD3D40-8984-4260-8274-C4880EAD1C9B,"AI, AJ"
899487223,sid-E758EE84-ED6F-41CE-96AE-3A00362C78F8,"AK, AJ"
899487223,sid-EC3AA845-D667-4416-B159-3ECB589E3AC6,"AN, AL"
899487223,sid-A520495F-4C77-4ABD-A13D-2F54F776F6FD,"AN, AL"
899487223,sid-6BC70E42-BC73-46C2-946D-A64B238B1F9B,"AN, AL"
899530347,sid-CA2B7D01-4D7D-4E7A-8144-13263260D788,"AU, AV"
899530347,sid-B2DC8D11-3A92-4830-A58D-03C9401908B0,"AJ, AK"
899530347,sid-41DAC453-E355-4DA9-92DF-AC9EF59BA0A8,"I, J"
901197471,sid-76781A6D-9F1E-411D-B34C-D9CE5DD6D639,"escalation, Extend"
901197471,sid-6654AB6F-3D6C-4834-8B08-1E47128D7177,"Performing a work according to a role, Present the project"
902394535,sid-D64D09BB-DDA9-44B5-A157-4BB3CEFA951A,"AK, Exclusive_Databased_Gateway"
902462950,sid-7C6C798A-E320-493F-8DD2-B1D10A65B868,"G, H"
902884794,sid-D4BE2F14-EB6D-4545-8AC6-1ECFEA7BEC3F,"A, L"
902884794,sid-19ADA962-64C4-4F57-B239-D58B0CBC5A15,"B, D"
903207311,listed?,"set up the customer in the CRM, check the (stock) Availability"
903207311,sid-CFAC0CDF-4AD4-4B31-84AA-DB8C8AEEE921,"check the customer in the CRM, order closed"
903207311,sid-95358F9F-EDC1-4FC8-A1CB-B484D372A15A,"send reminder, write off"
903620224,Material ok?,"Wrong material, Store the materials in the right location"
90390163,material okay?,"material okay?, perform quality inspection"
903909350,oryx_F70F6688-9D38-49E3-9B2E-3AD283F51771,"D, E"
903909350,oryx_BB842833-574E-4D69-AD4B-1233C222C59E,"oryx_BB842833-574E-4D69-AD4B-1233C222C59, (no other successor names)"
904197446,sid-D05743A7-308F-41F9-9101-D8123FC72725,"E, F"
904261447,"Is it for regional 
or for central","Assemble shipment, Assemble shipment"
904991423,sid-0FB975B4-9621-4BEA-B3CD-C05A51153C82,"X, Y"
904991423,sid-F6314F83-1ACF-4D5C-9390-31BFE440EB79,"V, H"
906248613,sid-37642D8F-1700-4948-8F17-43C78995F80E,"Receive Invoice, Receive Packing Slip"
906248613,sid-83AAEE4B-28E3-4E4A-9FA1-2361E751DCBF,"Create Purchase Order, Check Inventory Level"
906248613,sid-E7A67679-F043-44FE-8F3F-0C432956B2FE,"Reserve Funds For Payment, Rework Purchase Order"
90650468,sid-0DAA1EE4-9FB6-40DB-BB2C-E02A262D684F,"L, M"
90650468,sid-95AB978D-8B1A-45AB-B7B4-B1FD7908F5FF,"F, G"
906829233,"Discuss Terms and 
Conditions with Applicant?","Discuss Terms and Conditions with Candidate, Review Application"
906829233,"Applicant wished to 
modify Terms and Conditions?","Change is within Set Client Limits?, Applicant accepted Terms and Conditions?"
906829233,"Change is within 
Set Client Limits?","Change is within Set Client Limits?, Applicant wished to modify Terms and Conditions?"
906829233,"Changes 
Acceptable?","Select New Applicant from List, Changes"
906829233,Client Accepts?,"Select New Candidate From List, EndNoneEvent"
906829233,"Position Requires
 Medical Check?","Candidate Medical Assessment, Candidate Requires Medical Check"
906829233,Results Satisfactory?,"Select New Candidate From List, Candidate Medical Assessment"
907776408,sid-5BA8509F-27BB-4273-ABC6-84F9EF89F764,"Confirm Job Vacancy, Check for Job Vacancy"
907776408,sid-2B64B3E9-A386-4531-93D1-D698664DE214,"Pass position profile, Exclusive_Databased_Gateway"
907776408,sid-F11C48AE-1A5C-46AC-BC05-6CE7672DBE33,"consult with the next level manager, "
90836254,sid-768688F5-3225-42DB-ABC3-21364E732128,"AG, B"
909990027,sid-7D487559-FE52-4EB6-B92C-A995EA488BC1,"M, N"
909990027,sid-0EF765B8-B9B1-4966-93E2-E62CC8BD43EE,"W, X"
910249240,sid-2F112080-4BD9-48DB-81BB-66DDD3A93A74,"T1, T3"
910249240,sid-CD51C931-1ED1-4AC1-B1AD-B372CD954D13,"T2, T4"
910268485,sid-8CA8818A-7C07-4D9A-8DD5-F120710364BF,"No Compensation to Client, Compensation to Client"
910537087,sid-39D0D7AC-28E3-433A-93E1-33A68DC62B41,"AI, AI"
91061116,sid-62DA1519-0104-43C8-AA91-D537DA115AE7,"G, F"
910638386,sid-522550BC-240D-4CD2-ACB8-213106A1DB97,"H, K"
910638386,sid-19CFE3DF-29E3-4D63-8CCB-C9048C238D82,"K, F"
910638386,sid-7E17DDAD-71F8-46B5-A691-3D6040E08D27,"AB, AA"
911189940,Check Invoice complete,"check invoice can be paid, Return to client"
911189940,check invoice can be paid,"sort by client, Return to client"
911189940,sid-5BD1F603-313A-4072-9E9A-4BE69AF8C17C,"Red Stamp, Check SLA"
911189940,sid-89197668-E0DC-48AD-913F-052CEB092297,"Enter Immediately, Normal Workflow"
911189940,sort by invoice amount,"zero error policy, experienced member"
911189940,sid-7E8C36B7-BE7C-4CE8-8383-D1889E8A746F,"Exclusive_Databased_Gateway, ParallelGateway"
911251599,sid-FF4612D8-CA2A-4565-9227-9D9465ACE1BD,"Send to client manager for review, Review Profile"
911251599,sid-63C2FBDE-F467-4937-B073-6843D6728E52,"Via Telephone, Via Email"
911340688,sid-163EA301-509D-4781-8A6F-FBC6192EB330,"Inclusive Gateway, Exclusive Gateway"
911534223,sid-B5EE764A-D785-4B1A-BC3B-5C5F356A636A,"Select existed Proposal, Create own topic"
911534223,Is refused,"Is refused, Receive acceptance"
911534223,Needed meeting?,"Have a meeting with Organization Coordinator, Check proposal conditions"
91219176,sid-A870CB11-6646-4AAE-B94B-72CC17ED0393,"AI, EndNoneEvent"
91219176,sid-D25E9249-2221-430E-A2AA-4BDE8692C052,"AT, EventbasedGateway"
91219176,sid-80AFB566-D735-4158-A354-10365C0E7EC8,"E, F"
91219176,sid-93F5932D-8720-44C0-8E9D-48366AF81573,"G, H"
91219176,sid-4124676A-3C8F-4D8E-A0F3-B72C6CB28E06,"D, E"
91219176,sid-9866C7CB-5A07-4CF0-8035-9C5C516157F3,"AZ, AY"
91219176,sid-D6EBD703-EB17-49B7-ADDC-591A7D305F71,"BC, BA"
91219176,sid-5BE1A171-2A49-42D5-B726-9099937DB4D6,"BD, BE"
91219176,sid-13F3806A-FE98-464B-AC01-06040BDA1563,"BG, "
91219176,sid-36D35CAE-D5B3-4AAA-A851-F5EF5653D83D,"BG,"
912718154,sid-C723822D-BF60-4A85-93F8-B67E6DF01BFC,"A, "
912718154,sid-30F19E79-C5EA-41B9-BD59-861E8BB79332,"sid-30F19E79-C5EA-41B9-BD59-861E8BB79332, sid-30F19E79-C5EA-41B9-BD59-861E8BB79332"
912718154,sid-F7441C03-311A-4B2B-B70E-97389AE5CABB,"E, F"
912718154,sid-7B39C146-2FDB-41F3-A9CC-CB4CC84E54C4,"C, D"
91280757,sid-690069C2-F4D7-446A-A445-7257383343E9,"C, D"
912997658,"Already
Register?","Send Registration Details, Ask for Registration Form"
913472517,sid-D3369906-092D-4A1C-9ED2-A813BC88BA23,"Check request valid, Check request invalid"
913807728,sid-09246039-63AD-40F3-8B7D-8D7B2568EF99,"B, C"
914348310,sid-34937ACC-4A9E-418F-8B4F-CBB6410C8393,"O, A"
914776044,sid-4DD6AAB6-5F8F-4280-B47A-745F0D1D1D91,"B, C"
914776044,sid-01DF2A29-407A-4172-8422-4861E4673FC6,"A, D"
915341800,sid-BC37ECB3-DBDB-4F59-9A29-BEE82DE8D0CB,"sid-BC37ECB3-DBDB-4F59-9A29-BEE82DE8D0CB, C"
916173722,sid-995B4E9C-C95C-494A-9CFC-D7E9803296A8,"D, E"
916522927,sid-E6DD17C7-8588-4F09-8DA9-78A8BA8469A8,"Send rejection, Check order"
916522927,sid-659D81A6-C9BC-42B5-83FC-FC12E61CD760,"Reserve parts, Order missing item"
916544998,sid-173A545F-B835-4BFB-8066-A09F49542D13,"I, J"
91689664,sid-E75C4D8B-DAE0-4F0A-80CC-0463DDB92DF7,"Set Low priority, Set High priority"
91689664,sid-3DC3C549-3834-4E57-BEDD-65137483328D,"Check Compliance, Task"
91689664,sid-D4151833-15F4-446B-BEFB-43AA631A967A,"Tick incomplete Box, Tick complete Box"
91689664,sid-B5718963-73F4-4CC4-A345-8936591EB2CB,"Check SLA Arrangements in Excel, Client SLA knowledge"
91689664,sid-BD054C4C-80A0-4C30-83EC-202FAB073EFF,"Exclusive_Databased_Gateway, IntermediateTimerEvent"
91689664,sid-D56945FD-A945-46EB-BDA2-9FB6BAEBA777,"Request New Vendor Master Record, Look-up Vendor in SAP"
91689664,sid-82372329-B5D9-4F3E-A431-36AA6E08ED64,"Enter SAP Vendor No# to entry form, TextAnnotation"
91689664,sid-95C56B49-41B1-4AFE-8AD6-B6D87AE49EDE,"Highlight Errors, Arrange invoices by priority (High First)"
916999871,sid-7B52AF40-A89C-4A0B-B586-7B9CE6DE6397,"come out of that restaurant, eat and pay"
917893357,sid-2F8E59C8-5CEE-46D8-AEBD-CCB070E3FBD6,"check audience, Exclusive_Databased_Gateway"
917893357,sid-381D55E1-0FB0-4E78-9420-B34900975A3A,"integrate into database, Exclusive_Databased_Gateway"
917893357,sid-6E52F836-1B6B-469F-BB8F-A5DBB1192806,"check stock, check solvency"
917893357,sid-2D0BE5A6-5BC6-4C52-867A-A4552603ABAC,"Produce goods, Exclusive_Databased_Gateway"
917893357,sid-D52EE72E-B624-4566-8AB3-D1255AFE4F86,"close order, check number of reminder"
917893357,sid-2699CC33-FCEA-4863-97F4-830F3B1FED4A,"contact lawyer, send reminder"
918290286,sid-E877B8DB-1301-4FE9-93C6-2062840B2C27,"Approve purchase order, Reject purchase order"
918290286,sid-7A530270-79F2-4ADF-A4A6-74DD534C1FF1,"Create Purchase Order, Check Inventory level"
918313492,sid-5CC5C528-D718-4636-8CB4-330817344333,"Exclusive Databased Gateway, Intermediate Message Event Catching"
918313492,sid-FD5BFB6E-23F3-4819-9FC5-507F98A7FD79,"refunds customer,"
918681647,sid-139CFF08-338D-4A4B-BD10-55373F1C1BFC,"Perform work according to role, Present the project"
921425403,sid-F3717573-D78B-4D4D-81A9-8D8DB716C376,"Invoice, Review completed"
921425403,sid-6C55E7CC-EE0E-4C4A-B220-95933E6F7742,"Accept invoice, Reject invoice"
921487230,sid-794A7E05-E367-4555-8416-44D7A261AC3F,"order cancelled, order completed"
921487230,sid-52DD8A5D-32FD-40B5-98A3-B332474CECF7,"cancellation, receiving food"
922072523,sid-8CE1F7A9-A43E-4AAA-B075-D6D6D6A573CF,"Apply Discounts & Waivers, "
92250028,sid-D9DA8284-0243-4164-869C-871C93810068,"C, "
923062891,sid-59254A77-6FB9-4279-BE2E-6758A55ABA43,"A, C"
923168031,sid-E48EC6DA-1B22-4FA8-9FE4-CC12B1251B80,"Approve application, Cancel application"
923737321,sid-5E43915F-41A4-4F4D-A35E-904E395FFEF5,"Go to meeting, Attend workshop"
924160287,sid-0D0A73B6-CBEF-48A4-8FBB-51C14C9106B2,"Urgent & Non-Compliant Batch, Check if All Information is Available"
924160287,sid-DC9D5379-4C9F-4D12-8935-A8C7CD977157,"Keep as Returned from Validation Officer Batch, Check For Red Stamped Urgent"
924468826,sid-3A009688-3A2E-43AE-BD02-A6DD5EAD4EE8,"book train, book flight"
924468826,sid-F484A3C5-D9D3-43AB-9C33-2BD501BB04B2,"cancel journey, call travel agency"
924780564,sid-64EA7336-8F94-4B82-A910-B6C7C53D15E2,"Create Order, EndNoneEvent"
924780564,sid-97EFFB8E-711F-41A3-A806-A80E835A3F64,"Order Rejected, Order Accepted"
924980999,sid-71279313-0767-4405-9E54-DB12B7A374A9,"investigate the details and disclosed info to client manager and HR representative, RM discuss certain aspects of the position with candidate -not formal"
924980999,sid-331E6E6B-8D28-4EEC-A940-F98A18169A7C,"sid-331E6E6B-8D28-4EEC-A940-F98A18169A7C, Exclusive_Databased_Gateway"
924980999,sid-5D36E77F-2E21-4ECB-83C3-A28D3B55FF72,"complete business case, attached to appointment approval"
924980999,sid-3DB245DD-8553-44AE-A2FF-24F751997BC0,"HR coordinator arranges for medical assessment, Exclusive_Databased_Gateway"
924980999,sid-941E47F1-1B10-4CC2-86B5-C9F96F2A7302,"contact next candidate or new adv., "
924980999,sid-384C8322-094C-467F-98D3-F848E4148EC0,"sid-384C8322-094C-467F-98D3-F848E4148EC0, sid-384C8322-094C-467F-98D3-F848E4148EC0"
924980999,sid-04C61086-3A38-4A9A-82CD-D47323F509F3,"select another candidate, Exclusive_Databased_Gateway"
925042196,sid-B1B1DB41-B04E-44D6-A425-A63A5B8DB2AF,"E, P"
925042196,sid-9DBEB5B1-3376-4004-A281-35F416F9992A,"N, O"
925108215,sid-FCD2A260-B11A-48B6-AED0-5934E3698F38,"Assign penalty points, Check process model"
925108215,sid-D06FE7CB-F123-407C-8CBB-D37437FF33DA,"Perform work according to a role, Present the project"
92619748,sid-FCB61847-098D-430A-A18C-29CAF7E792AF,"O, M"
926213738,sid-F72E1D82-750D-4C60-9F41-42C38F9BA439,"C,"
926600411,sid-A381914E-982F-43F5-93E8-686CD91C2361,"Sort invoices per vendor, Exclusive_Databased_Gateway"
926600411,sid-CD33FFF0-E858-4749-A0A4-1564EA7BCD23,"Sort a batch of 100 invoices, Sort a batch of 100 invoices"
929053727,sid-F311E24B-7A72-4985-BE06-0ECE590CCBD1,"Check The Box ‘invoice entered correctly’ on the Invoice Entry Form, Highlights error on the invoice entry form"
929106715,sid-790D1E6E-B493-47C2-84AB-D9873F738545,"AE, AJ"
929106715,sid-80EC6E16-B3AF-4E51-BE03-A851F021E13D,"J, L"
929541787,sid-AEAEF080-0692-4D4F-8851-4EE9C52D33AC,"Send offer for 22,5% rate (Bank B), Check if requested loan is < 20 times monthly income (Bank A)"
929541787,sid-6C961440-2331-4764-B5E8-81FDA2D57C2F,"Send letter of regret, Check if requested loan is < 20 times monthly income (Bank A)"
929641786,sid-C6162FEA-2B9D-4F83-BFA4-F00CD55EFCBB,"W, X"
929641786,sid-BB384450-7E3F-4C30-B85D-B8D51D86A94A,"AH, AI"
929641786,sid-3A7F1586-292E-436C-B58F-0CCB1283988B,"AK, AM"
930307768,sid-05C89785-E899-4773-BD86-DFFEAE1D3A49,"Make quote, Approve Quote"
93045551,"customer
 exists","Check customer, Customer not found"
93045551,"kind of
 customer","send refuse order, check customer"
93045551,liquidity,"send refuse order, check availability"
93045551,"available
 in stock
","take out of stock, produce goods"
93045551,"payment 
received","check number of reminder, complete order"
93045551,sid-CEFD8E1F-7197-4323-8A4F-981A3BDD6916,"send reminder, send refuse order"
931279718,sid-276D9C1E-EFA0-4501-AF67-DCB2C66692C5,"N, M"
931353209,sid-4AF42D16-467F-4441-8A31-BE8F8277304C,"RM confirm with client management, EndNoneEvent"
931353209,sid-3AFEBB72-8880-4A21-A015-985934DC1E6D,"Pass position profile to client-end manager, Review position profile with HR representative and client-end"
931353209,sid-BDE03005-BCA4-43D6-98BB-4D350F81C736,"RM consult with next level manager or client HR services, sometimes follow up with client-end management"
931353209,sid-9DC63EBF-D7F3-4982-A7E0-2637AB7D9CE3,"complete, create or change position form for approval with client's HR representative"
931353209,sid-3F709A80-C76C-4BDB-B11D-0D9D9BEE0A0E,"approve by next level manager, approved by client-end manager"
931372425,sid-67FC164F-5A01-48B8-A693-353FDC320CEB,"collect all professor information and prepare the contract, send the teaching invitation to the lecturer"
931372425,sid-51745BB6-40E5-40BC-87A2-F26CFDA682C3,"check: 1) the grades, check: 2) the professor contract"
931543946,sid-4C3F8C82-886A-4B04-8A50-4DBC78164189,"myScriptTask, mySendTask"
932680094,Is this 4th Reminder,"Inform Customer, Close Transaction"
932680094,"Mortgage 
\Offered?","Mortgage Offered?, Mortgage Rejection"
93288129,"Estimation
Evaluation","Take Computer Home, Authorize Repair"
933074645,sid-574A0F4B-7ED5-45B8-BD33-FDAB6565B3F8,"I, H"
933399741,sid-F29B9E44-1DD1-4215-88A2-A947FB58B4D8,"sid-F29B9E44-1DD1-4215-88A2-A947FB58B4D8, EndNoneEvent"
936709405,deeper technichal knowledge needed ?,"handle Incident, handle Incident"
936709405,sid-912AB84E-D903-4614-9A3F-36EC93E85F1F,"Solve the Problem, Forward to Third-Level Support"
936709405,sid-48663DFD-0196-4385-AA44-6A8FF4857A87,"Inform External Third-Level Support, Forward Internal Third-Level Support"
936782722,sid-05F0CB88-8BBD-4450-9370-1BE5E7FF1B9E,"L, K"
936782722,sid-A66CE2BC-C847-4B3D-9A76-B1170C9D45A2,"K, M"
937032316,"Insurance
sum?","Insurance sum?, Create reinsurance request"
937032316,Response?,"Response?, Send failure notice"
937129081,sid-86443D31-3C36-48C0-8B50-5FBEB9E3AC77,"sid-86443D31-3C36-48C0-8B50-5FBEB9E3AC77, Exclusive_Databased_Gateway"
937129081,sid-485CC6A2-0AE6-4DF2-B835-20AD8B8DC2A1,"J, "
937356323,sid-623AC31B-7382-4DB2-A236-3DD658429F85,"E, F"
938489900,sid-0591D546-8A6A-477E-8765-535FB8575CA1,"Reserve Funds for Purchase, Rework Purchase Order"
938737434,sid-06EA53BB-6BB4-4613-AE09-376259681554,"marketing review, prepare final version"
938804215,sid-C1BC7635-92F4-4BC4-A442-8255385A9338,"Go to car rental to return key, Go to car rental point in car park to return key"
939109028,sid-1202BF93-6237-47AE-BB16-D1960C957131,"Gateway Name 1, Gateway Name 2"
940036434,sid-CFEA689F-95CF-44F5-BD5F-F3E7129DCABD,"penalize, Wxtend the process"
940036434,sid-68669CEC-8B47-46DD-AFDD-BD32FE2E4845,"Perform work on project, Finish project"
940102022,sid-2B8071AF-B7DB-48ED-A103-659DEB799BC6,"P, O"
940102022,sid-3E0BD9E9-A8F9-4E32-861A-253EB888AA08,"U, T"
940815925,sid-7DA37F0D-C7E7-4788-AC52-C4702090A93E,"Create customer, Exclusive_Databased_Gateway"
940815925,sid-04F38F48-1D97-4F3D-8FF3-DCA259DE5821,"Reject request, Successor Types: InclusiveGateway, Task"
940815925,sid-CFA0F6EE-5A9D-4D08-AFDF-C98349A7D84A,"Create time account, Check if age >= 14"
940815925,sid-5B5F6BC3-3486-4752-AEBD-DEEA49A10CB6,"Create current account, Check if age >= 18"
940815925,sid-0DFCEBA4-1131-4439-B481-A7B8D633F26F,"Finalise account opening process, ask if customer wants to create another account"
940915823,sid-C29986A2-FFA1-41FE-953F-73D1ADD58702,"T, U"
941604808,sid-4D3EBDDD-E9FA-4429-AA21-90958C6607EE,"Exclusive_Databased_Gateway, IntermediateEscalationEventThrowing"
941888951,sid-AF0735B1-EF74-4A2E-8BA7-E0744AD64F6D,"CJ, CK"
942086170,sid-8A92BA45-786B-4404-B0ED-18A3C6DE2A4C,"S, T"
942086170,sid-0A981708-6962-4398-A570-A0EB0A165576,"D, E"
942522280,sid-59FF5718-83A7-4EFC-8407-282E363052AA,"Receive one threat token for each hero player, Delete player from waiting bag"
942522280,sid-30F3D76E-C206-4A6D-8383-3184C06E6595,"Switch two items, Choose action"
942522280,sid-78D9AB84-FE83-471F-8210-91DE1878DAFA,"Switch two items, Remove chest from board"
942522280,sid-965C930D-A35C-4EC8-A109-062D4B07D2AD,"Switch two items, Re-equip"
942522280,sid-4304D480-5AE6-4DB9-96CE-7E3F7D3EBD93,"sid-4304D480-5AE6-4DB9-96CE-7E3F7D3EBD93, sid-4304D480-5AE6-4DB9-96CE-7E3F7D3EBD93"
942522280,sid-5E6CE3A5-99C2-408F-94B7-93C499812B3A,"Inflict wounds, Exclusive_Databased_Gateway"
942522280,sid-0C86D1DF-30E1-49D3-AA4C-2C97B21994F6,"Remove target from board, Inflict wounds"
942522280,sid-E47A5DC3-BE3F-4DE0-82C9-86857B49CB7E,"Move character to town, Remove target from board"
942522280,sid-24DDDD40-CE33-4A69-B694-E34B8FB12960,"Place monster (fulfilling rules), Fill monster bag with relevant monsters"
942522280,sid-ECB338E4-C73B-4628-9432-B043B6EB1C9A,"Play overlord card, Draw two overlord cards"
942522280,sid-8D83EC91-C2AC-4D2B-AC12-73D3E93C9789,"Delete monster from waiting bag, Exclusive_Databased_Gateway"
942522280,sid-4CBE34B1-5647-47AE-A188-C058CBACE0BD,"Choose monster to activate, Exclusive_Databased_Gateway"
942522280,sid-08A72BF7-41CC-4494-934E-613737BFC522,"sid-08A72BF7-41CC-4494-934E-613737BFC522, sid-08A72BF7-41CC-4494-934E-613737BFC522"
942522280,sid-E3D81EC5-B9D9-4F0A-9B0A-F897D9CA882F,"Inflict wounds, Exclusive_Databased_Gateway"
942522280,sid-71E2AE0B-8180-4F17-B622-BD06828C4694,"Remove target from board, Inflict wounds"
942522280,sid-9C1CDA7B-4C53-4330-AADE-FB3D1954F0FF,"Move character to town, Remove target from board"
942522280,sid-2310E6E8-6E4D-4143-B8D7-B4E8CDD0ED48,"Switch two items, Choose starting point"
942522280,sid-D1A0BD02-D244-41D6-A29C-7C0980CCCE61,"Draw Hero card, Buy equipment"
942995473,sid-9259BB90-83D8-465B-96F5-EAC709224525,"G, J"
943319450,make offer?,"make offer?, carry out interview"
943509749,sid-4C697B34-6459-4482-A65F-1DF1840BE0A6,"Invoice entered correctly, Invoice entry error"
943735435,sid-99EBFDD1-F6FF-4274-B5B1-C8453D5BFCE6,"D, O"
944699932,sid-F4F53037-1B67-4D43-8BC4-13E908CC1032,"wait truck, notify"
944699932,sid-0866CECC-4F98-47D4-8871-81CC88D66015,"wait, repair"
944699932,sid-6ED9E88A-FE9B-4C62-82B6-3A1623A9E9B7,"send breakdown truck, breakdown service"
944699932,sid-A21C14E5-06F4-4504-A3CF-E98F788EF3B6,"send medical support, receive medical aid request"
944699932,sid-36AF37A7-08FC-4841-813E-1B8859BD2343,"contact repair shop, receive mechanical request. yes/no"
944927514,sid-7963179F-2B1F-47CA-BD17-B880202232DB,"C, D"
945523551,sid-CB3BCF73-4D8E-4280-81B9-DE9C5D099333,"G, H"
946004421,sid-96AC1DEC-93E9-423C-BE96-00A60A950054,"N, R"
946233650,sid-3018B8CB-FF63-422F-87D8-B13D877F4B25,"A, B"
946482201,sid-5709A490-0DD7-4A81-B6B2-65166AF2821D,"Employee participates in get-together, Employee refuses participation in get-together"
948209621,sid-1D68B63A-BEB7-4846-B6B5-BDB779C4832C,"sid-1D68B63A-BEB7-4846-B6B5-BDB779C4832C, AA"
948209621,sid-E0A0CCE8-5F83-4977-81C3-DE3D7FAE726C,"Exclusive_Databased_Gateway, IntermediateMessageEventCatching"
948209621,sid-99FF3690-5639-4348-92F7-DAF002D19A64,"AD, AE"
948209621,sid-576EBEA4-3F3C-46B4-B4AE-FF59D6D99A4B,"M, N"
948209621,sid-EB806742-39C8-462F-87A6-247032F837F0,"sid-EB806742-39C8-462F-87A6-247032F837F0, D"
948209621,sid-2731DB41-9E6A-42A1-A83C-2FA5B6A96A91,"I, J"
948209621,sid-F70AFDD8-EE9B-42AD-A984-1586198E596A,"L, K"
948462298,sid-D4A479D9-E76D-49D0-BBE7-CE4DCBA974C1,"Based on the provided information, there are no predecessor or successor names listed for the Exclusive_Databased_Gateway with BPMN_Model_ID: 948462298. Therefore, the output would be:

None, None"
948587538,sid-7A3F953F-690F-421F-B69C-B4ABCFDCA328,"C, D"
948660538,sid-15EBEE87-06EF-4378-97F3-CCCFA54BFD48,"Inventory is above required minimum level, Inventory is not above minimum level"
948660538,sid-1AF2A28E-80A5-4D8E-86D7-6E4D8DE32AD7,"Reject Purchase Order, Accept Purchase Order"
949241374,sid-1C80E962-D55B-4612-A57E-C2ECC875FB24,"C, D"
94985368,sid-D008047E-0003-4CAF-B7B5-9E793484594E,"E, F"
94985368,sid-04CCBA34-170B-43CB-AC4C-E5B26A94A4E7,"sid-04CCBA34-170B-43CB-AC4C-E5B26A94A4E7, sid-04CCBA34-170B-43CB-AC4C-E5B26A94A4E7"
95057398,sid-22B25948-4B6D-4179-8C9E-48B08C1A25DC,"M, "
95057398,sid-2837EDCC-BB8A-4BDB-B3EC-27B979A39F75,"B, "
950976375,sid-B3745603-5CAD-45AA-AC7E-DE246DE51D22,"H, J"
950976375,sid-E413C105-E33F-4464-A854-C695F2C31CC4,"U, V"
951359455,sid-0EED199D-0F4F-4710-96F3-0F31131FC63A,"CE, CG"
951359455,sid-410F449F-9E63-4352-AFA6-00A7B6516B62,"CF, CH"
953637198,sid-65BBA55C-A350-4C34-AAA0-B70B1563C711,"C, D"
954264050,sid-6741CD29-BF5D-4B24-86EC-D60BD5A8256D,"K, J"
954264050,sid-1B6A016D-204C-4FFA-8BE8-39DC90620C3B,"D, Q"
954359040,sid-BB9CC0CD-F264-4858-B71F-60DBF8E32313,"Meeting mit Kunden, Storyboard"
954359040,sid-64645E31-843F-47E5-B08B-B98B897929B1,"Marketing Review, Final Version"
954359040,sid-180FB75D-F32F-4612-81D1-9BB1A7854849,"Site Building, Approval of the site"
954696179,sid-249ED49B-B665-4B0A-9215-4DFB81C9EFC4,"X, Y"
954696179,sid-4F25AA2D-15CA-4666-A763-E367745456DF,"Z, AA"
954696179,sid-CC106D5F-7015-447F-BD9C-A6D5DEF669D5,"F, Exclusive_Databased_Gateway"
954696179,sid-08BCB363-8344-4FE2-9A2E-C21A8029CE3C,"S, T"
954696179,sid-D7F483BB-D89C-4458-8CC6-9D0437BEC8AD,"U, V"
955104997,sid-09DAA9EE-4453-4A35-AACA-521A2A2957A3,"Approve Order, Reject Order"
955108294,sid-DAB14EA9-F04A-48A6-8348-528C560DD38B,"Create Purchase Order, Check Inventory Level"
955108294,sid-CE9943E0-F6B6-4D91-99A2-FA56A8DFDC31,"Rework Order, Reserve Funds"
955304223,sid-6D0E5807-2C62-448E-87E1-14AF9653AAFF,"Mark bag as returned in IS, Mark script(s) as declined by customer in IS"
955669569,"offer mortgage?
","inform of acceptance, inform of rejection"
956135105,sid-27AEDF83-55CA-4816-A6BC-A978C7EB957B,"O, P"
956135105,sid-1F2DB295-B527-42CC-8B99-4E90BA0EAAA1,"W, V"
956297708,oryx_31D25057-E846-485F-AF21-E5F02A72729A,"oryx_31D25057-E846-485F-AF21-E5F02A72729A, R"
956297708,oryx_2478B104-44B4-4280-9ECD-DB13697124F4,"AA, I"
956297708,oryx_846A668C-7011-45BB-8DB4-10DEEF38CE04,"AE, V"
956297708,oryx_408C7AE0-8142-4908-9DFC-807AB8F02D2E,"J, S"
956297708,oryx_4FC5A89D-64B5-43D2-898E-E7AE0BA6943C,"BA, AC"
956297708,oryx_63363496-6758-449A-BCDA-BDD2BD2E6680,"AE, Y"
956297708,oryx_E996E52F-F8A2-4B65-AF6D-99F9202CA02F,"oryx_E996E52F-F8A2-4B65-AF6D-99F9202CA02F, Y"
956297708,oryx_7AFBC972-0E16-4270-8426-F4E9AC46E12C,"W, T"
956297708,oryx_6CDB6C2C-8680-4DA5-8E6E-27F508256BD0,"AA, AC"
956932414,sid-26ACD758-15B4-4DEE-944B-CA7263BF31CD,"company creates quote, inform customer"
956956913,sid-98299B17-8BF8-47D7-A64E-740CC194C397,"F, H"
957446470,sid-47980E05-4461-4855-9E4C-A0C728BBE61E,"Create purchase order, "
957463500,sid-FEDEAE9F-7E25-48A4-8638-5622CA73BC10,"G, H"
957736704,"pricing and
terms
satisfactory?","submit purchase order, Inquire about availability of products"
958448504,sid-95D1B28F-2E94-42FE-BCE4-67A06A36C802,"U, "
958611294,sid-BC667FCC-6E6E-412F-BB1B-7EB66A646994,"X, Y"
959696854,sid-CD4EE31E-4928-4DE7-9520-7ED3D1F64B03,"Check if invoice's SLA is known, Return invoice to Client via mail"
959696854,sid-004AB6FA-898D-4D8F-9C60-D0F4DA439F41,"Look up the Excel file, Another task"
961652748,sid-F8B38E48-7738-4561-BD55-2664BA3945BE,"N, "
961652748,sid-1859E2AD-83F3-4FF5-ADD6-36716C413AAF,"X, Y"
961746858,"Retry 
Limit 
Exceeded?","Notify Customer Invalid Credit Card, Request Credit Card Information from Customer"
961746858,"Retry 
Limit 
exceeded?","Notify Customer Failed Booking, Task"
961978149,sid-06697412-0CE1-450E-B250-AE2DFD5C0E30,"B, D"
962320850,sid-8F1B3A75-90A7-4499-B767-1E7B55AED7BF,"O, "
962320850,sid-AFA2DB99-9A3B-4AB3-AEF4-483F6A42E572,"R, W"
962320850,sid-7CAE6494-E4EB-4232-8428-3E5F13EB64BC,"EndNoneEvent, EndErrorEvent"
962675067,sid-00B9DDF2-106A-498F-9C4A-B4CDCD66375A,"D, EndNoneEvent"
962870936,sid-3BB663E0-BD6C-4DD6-846E-2ED2D6D19D57,"Finish/Rework Functional Specification and send for approval, Acept FS"
962870936,"FS accepted
 to development?","FS accepted to development?, Acceptance meeting"
964092871,sid-A5B97A7D-22E5-48CA-922F-268E6AD68EAC,"V, W"
965185867,sid-0208BCE0-470B-42B9-84A2-DFE398149F82,"L, K"
965185867,sid-B2AAB9EA-D33E-4A87-BD59-4A567FDB4956,"sid-B2AAB9EA-D33E-4A87-BD59-4A567FDB4956, sid-B2AAB9EA-D33E-4A87-BD59-4A567FDB4956"
965897906,sid-35C09906-BF5C-49C9-BD7A-5904F8B26B61,"Put Liquids/Aerosols/Gels into transparent pouch, Consider/remove items from hold/hand luggage"
967985764,sid-0B1E391D-9629-4730-ACDE-E22939639E5F,"Receive receipt of payment, Receive enrollment confirmation & materials list"
968718893,sid-2D246C24-EF55-43FF-A69F-C3017DDF1463,"Fill up bank details, Verify if a student has bank details for transaction"
969927356,sid-1ECC7AC0-AC2D-4821-96D6-26DB4674A179,"AR, AS"
969927356,sid-0C88A8C7-EC19-48C7-BAB1-B6D6F14FD944,"sid-0C88A8C7-EC19-48C7-BAB1-B6D6F14FD944, sid-0C88A8C7-EC19-48C7-BAB1-B6D6F14FD944"
969927356,sid-0947EFC8-5214-4A2F-A4EB-F3F85B724C84,"G, H"
969927356,sid-DEC15788-93FB-4696-8015-1A438CCD320E,"O, P"
970073081,sid-C117504A-17E6-4EA9-8077-02BBE40FEEC0,"P, O"
970175324,sid-6E0698BD-D0E9-4FF0-ABA6-EA31733F90F4,"K, J"
970175324,sid-C9DB5837-1EF3-4C91-A623-320EF9DE9FBE,"N, O"
970175324,sid-F5C0E02D-B748-4DB2-AD9C-08AC2D777971,"P, L"
970502373,sid-30E652C2-551D-4B6A-8880-3273D0D84ECE,"O, P"
970916773,sid-8C638E9B-8819-48FD-A4F1-EB669308D749,"Staff Specialist on-call consulted, Discharge home/ palliative unit considered"
970916773,sid-A75AEFB4-A373-45FE-8D3F-CCAB1C03FB76,"Has been informed by treating doctor, Staff Specialist on-call consulted"
970916773,sid-60702D40-AF1E-40D4-994D-8DE75974F7DF,"Fill in Section 5, Receive Information"
971009384,sid-945491D6-CAD5-417B-8053-22C5977D7384,"S, U"
972230569,sid-FDB30951-4434-4119-A535-2E9D85278578,"Declined, Lone above 25.000?"
972230569,"Lone above
 25.000?","Check with customer, Send to external"
97332439,sid-981C33A5-A288-4933-9395-323E76C5A702,"new member, date on letter"
97332439,sid-BA0982D5-2F7B-4CBF-9CCD-5BF5342BBC47,"Empty Mailbox, Check if Information is complete"
97332439,sid-9B1A69FC-91C5-49DA-A559-3CF5F8464F16,"add number & date to letter book, Call applicant & complete data"
973710430,sid-C150ADB0-13BE-4122-9722-E6EA0B74429A,"F, P"
973901989,sid-43E3E034-37E1-4244-92E8-87EE5CB71202,"R, V"
975184681,sid-F575EE7D-CD31-43C3-B479-026715A572BA,"N, K"
975184681,sid-1AE5ACB2-ED37-47FA-B28A-11C2EC5BCD3C,"P, O"
976144785,sid-4B8105EA-4B30-4AC2-8F72-10CE9230248F,"Answer phone, Don't answer phone"
976144785,sid-7BBAC149-FBC4-4DBA-91CE-6DE148ADF977,"reject fee, pay fees per bank transfer"
976144785,sid-975AE1E9-DFF4-4A5F-B51D-C7AB2953F865,"add date and records letter in letter book and archives it, makes a call to sender to complete data"
976144785,sid-D3FF035B-D6E9-4F1D-8CB6-0A1E666618DB,"take first or next letter, each Wednesday evening"
976144785,sid-C2D49C22-6427-41B8-B56E-70950CC5485A,"complete letter, Membership not possible"
976144785,sid-C22F1953-B60D-4193-BFD7-8EDC5DF7C8C1,"notes first, next member to the member book"
976144785,sid-6AB85255-9EAE-4A0E-A80F-39DD57AE7D87,"stamps new member on the letter and writes date on it, rejects the new membership"
976336135,sid-3AD8E0C0-216A-4C31-A84C-1F8D68AA2ED7,"Look up, Exclusive_Databased_Gateway"
976336135,sid-B37F7C1C-E4C2-4DDC-839D-DE5B3FC4E113,"Red Stamp, Exclusive_Databased_Gateway"
976960258,"All Information
Available","Review the Claim, Communicate with Customer"
976960258,Amount Greater than 2000,"Review Claim, Evaluate the claim"
976993466,Delivered Pizza,"Waiting for Pizza, Payment"
976993466,Over 60 min,"Call the Vendor and ask for the pizza, Still waiting"
979376182,Money there?,"order closed, Check reminder"
979376182,>3?,"send reminder, take legal actions"
980422959,sid-931F6230-63D4-4E87-AC71-596991F95167,"Asses Risk, Request Approval"
980422959,Risk?,"Request Approval, Accept Credit"
980422959,sid-E7E62FCC-AD73-4625-9109-EC4E9AE926D5,"Accept Credit, Reject Credit"
980859567,sid-714A086B-228E-448E-B4AE-234CCE3A877A,"N, "
980859567,sid-C15F320C-BFEA-487C-BA9F-044E5DBC5EC6,"F, Exclusive_Databased_Gateway"
981638868,"Dates OK?
","Sending final meeting dates, Suggesting Modifikations"
981642667,sid-0648688B-0063-4B00-9AE5-88F2E4655DA8,"Check invoice compliance, EndNoneEvent, EndErrorEvent"
981642667,sid-0E7BB0F4-4B8B-471B-A096-FCDB1970E92D,"Process invoice, EndErrorEvent"
98241718,sid-341A14A2-8E66-481E-928F-22A0AF147DA6,"Return to client via postal mail, Exclusive_Databased_Gateway"
983387935,sid-7D683565-F348-433C-AD3C-301A6BA1917C,"E, F"
983641405,sid-CEDC70C9-8D05-4B8D-B0B1-66A87A0E5D62,"Form sent for amendment, Review 2: Check for Correctness"
983641405,sid-2DD262F1-88E3-4A93-AF42-43735C9A1D34,"Amended Form, Check number of reminders sent"
983641405,sid-67958F63-72EA-45AF-BB74-BBCFCA244242,"Increment reminder number by one, Disregard Change Request"
983883042,Problem,"Problem, Exclusive_Databased_Gateway"
983883042,Mission Status,"Financial Department, Transfer data to HR department"
983914451,sid-D578A678-5220-46AF-8C9A-C6556EA233A1,"sid-D578A678-5220-46AF-8C9A-C6556EA233A1, sid-D578A678-5220-46AF-8C9A-C6556EA233A1"
983914451,sid-DA5E2214-EE30-46AC-8FC4-C6DE859D6C89,"sid-DA5E2214-EE30-46AC-8FC4-C6DE859D6C89, sid-DA5E2214-EE30-46AC-8FC4-C6DE859D6C89"
983914451,sid-5EA904EC-6C77-43FB-825A-0752AE4BA4DA,"N, O"
983914451,sid-3CBED160-4C0B-49C7-B215-D2BAC5F559B4,"AH, "
984180088,sid-246674CE-84DF-4CBA-AEA0-469A4E502982,"G, H"
984180088,sid-2A5C7340-8DEB-4DD9-B4FA-D60F34633611,"K, L"
984180088,sid-38522BA7-AC9F-410E-87CC-60F7AD697485,"C, D"
984633113,sid-1A680292-98EE-4000-8552-AAB482DF4930,"Archive data, Exclusive_Databased_Gateway"
985735978,sid-D5A33827-1677-42AA-B5E6-6F20423705C3,"reject the claim, picks up the claim and checks the insurance"
986268436,sid-D4250017-2226-4388-9602-6DB0BEAF28B5,"K, J"
986268436,sid-6213A186-9F2C-4961-BA03-2FCEEA85C215,"Exclusive_Databased_Gateway, EndTerminateEvent"
986570567,sid-2F4792C7-C913-4848-B206-9C4A2F01BB43,"skip dessert, order tiramisu"
986570567,sid-15873753-67AE-4044-8CEC-543CF20075C7,"waiter was nice, waiter was not nice"
986745442,"Pricing and 
terms
satisfactory?
","Pricing and terms satisfactory?, Inquire about Availability of products"
987619119,sid-1ECD898B-C287-468B-8539-7F7B9A5B226E,"Approve the CR, Reject the CR"
987619119,sid-86307A46-CC99-4D9E-BF25-2F48123F6C40,"Approve the CR, Reject the CR"
988306810,sid-CEAEB6A4-1B08-44A6-8874-7D3E4BEC28C6,"B, C"
988384251,sid-6C3A8DA2-4535-4A82-ADBB-352C8F1A3ADA,"Based on the information provided, here are the two gateway names as requested:

sid-6C3A8DA2-4535-4A82-ADBB-352C8F1A3ADA, N/A"
988384251,sid-DB3E0508-300F-4AE6-9870-25DDAC1A4D75,"Customer found, Customer not found"
988700268,sid-12D40BAA-F7C8-46A8-ABD3-E96835A04E0B,"sid-12D40BAA-F7C8-46A8-ABD3-E96835A04E0B, Penalizace"
988700268,sid-C909D062-7889-48AA-BD12-5E03B87E9810,"Perform a work according to the role, Present the Project"
989994773,sid-4EEE4E3B-C29E-44F1-940C-D69C21887E02,"Y, Z"
989994773,sid-E00127AE-D27B-46AE-88AD-994EDF3CBC6C,"X,"
989994773,sid-59B7A425-60B4-463C-BF8A-BA4600CDA23F,"V, U"
989994773,sid-E53BF694-809C-4C4C-B714-0BEBC79C30DA,"B, C"
989994773,sid-9E360911-88AD-437A-9A9B-11C523A59009,"B, A"
989994773,sid-05C05B92-6EBB-4F53-9FD6-EA49FF8C2DA8,"AG, AF"
991055833,sid-45E79875-127F-4367-AFE7-14B20875F66C,"Back to Customer service, Is customer willing to come back later to pick-up receipt?"
991055833,sid-2B026B70-5D0A-4006-8102-198DD5989D02,"Order medicine from nearby CVS store, Back to Customer service"
992784846,sid-E62368B9-3621-480B-A025-9C9159EA58EE,"B, C"
992784846,sid-67D12D4A-34BF-47DC-A2B0-46457A31ABE0,"I, J"
993207715,sid-BF7480B6-C774-465F-B399-8C9F21B53BDD,"C, D"
993515283,sid-19BDE5E6-DC89-436E-81DC-D509AD0FD035,"Accepts application, Rejects application"
993515283,sid-7794D739-0ECD-403D-B48F-B1FB19D030A6,"Takes entrance test, Sends exception"
993851945,sid-0EED8290-B5DA-4363-AFE3-6FEADDF98D2D,"Simple Search option, Advanced search option"
993851945,sid-65B78378-99C5-4957-9AB3-F73852196A21,"sid-65B78378-99C5-4957-9AB3-F73852196A21, sid-65B78378-99C5-4957-9AB3-F73852196A21"
993851945,sid-02E1AE5A-0E98-47DA-8617-54D922A27355,"Proceed to Checkout, click ""Add to cart"""
993851945,sid-F5F47209-31BD-4B11-80BA-26FDD21C21B7,"Create account, sign in to your account"
993851945,sid-C6439976-50C8-46A4-A6A0-D4A09BEFE8B6,"Enter alternative address details, Exclusive_Databased_Gateway"
993851945,sid-BEE88A4C-2A3F-404B-A69F-7295F99E86C7,"Modify quantity, Exclusive_Databased_Gateway"
993851945,sid-5619C6EB-B500-479A-9BED-BA2CC67ADF37,"Place Order, close browser"
99862037,Meets Guidelines,"Meets Guidelines, Verify the RFQ"
999815292,sid-57B9F00E-A707-4AA6-A88A-77FE35B8F0C7,"Tick ""invoice entered correctly"" box, Highlight errors on invoice entry form"
999957286,sid-CA6F073E-71CB-4AF0-9207-ED676C636B77,"send cancellation, Give out car"
999957286,sid-CFCC7862-8AE1-4FE5-982E-B4CB9E251403,"Look for car in neighbour rental stations, Suggest other car type and/or other date"
999957286,sid-077CA11B-D5D5-40F8-87E1-6D972FFD4D9B,"Check request blocking, No action taken"
999957286,sid-39DBAE0E-7E65-4D49-9D1E-E4E8D439ADC1,"Check counter constraints, No action needed"
