Model ID,ID,Gateway Names
1000192834,sid-44971E66-5DAA-45C1-AB89-672776891AA8,"Ask for rejection notification, Offer immediate help"
1000192834,sid-0DD2AF65-627D-4331-9411-8F34F47D6DBE,"Send out offer for emergency help, Analyze insurance agreement"
1000193243,sid-A4AE0EDC-D1D7-4D95-BE8B-EC57D776642D,"D, E"
1000419154,Meets guide lines,"Verify RFQ, Communicate with customer"
1000531133,sid-BC691DD7-6B61-48E4-8463-EC9CA87218F4,"automatic handling, manual handling"
1000531133,sid-96E8442C-DD5C-4F4A-B2BB-882717D167E7,"book attraction, booking NOK"
1001369536,sid-AAA799F5-2E96-45FD-A0EA-077A95B7F02D,"reject, aprove if there is no contradiction about marketability"
1001469544,sid-F85B28B3-1298-4B6E-B84B-478457E7AF83,"Create purchase order, End Process"
1001469544,sid-871E5623-B886-4297-9710-18335344838F,"Rework purchase order, Reserve Funds for Payment"
100201977,sid-6AEFC27A-A54F-4FEB-8891-E9F811AC345C,"cancel timed-out partners, Review/edit proposal"
100201977,sid-CC0A83D8-8CE7-4296-ACF0-DA67464AF885,"Send to partner, Send to faculty"
100201977,sid-5296A5B1-9DD6-4C2C-B13E-5235DACB0A92,"Send message to partner, Send to faculty"
1002498967,J,"E, I"
1004218825,sid-0512F993-68E6-4FA7-9BA7-F679D1CB90F3,"check assignment rule, IntermediateConditionalEvent"
1004218825,sid-2D678599-0800-4856-BFCA-16D99F63DC12,"check assignment rule, Exclusive_Databased_Gateway"
1004218825,sid-2F0C67E0-7FBA-4313-AC9D-D46CF7CA645A,"check credit rating, check credit rating"
1004218825,sid-2C724D70-F755-4A8D-B140-06A0331A1577,"Gateway names: Successor 1, Successor 2"
1004218825,sid-8896AA19-AF0C-4641-B21B-782A99A563CE,"Based on the provided information, the output would be: IntermediateConditionalEvent, IntermediateConditionalEvent"
1004323525,sid-93E1F0CB-864D-4721-9383-EBCCE72BDA26,"check customer status, check payment morale"
1004323525,sid-49A2D32B-7900-4C5E-98F6-8FE6F1AA2CFB,"reject order, check credit bureau entries"
1004323525,sid-38CA1BE7-4DC5-4C58-BDC5-3CB04F8FE8AE,"reject order, enter customer data"
1004323525,sid-81CD21B7-83BB-4E9E-A790-AA9632A7B701,"take article, produce article"
1004323525,sid-BD8D1D5C-7944-46C2-8D7E-8A8EB207468C,"close order, check reminders"
1004323525,sid-3020E8F3-14C5-4D37-B6A5-0FC4443F7FC9,"engage a lawyer, send reminder"
1004323525,sid-1B0B9AD4-8B8A-464F-AC2B-5216F416D5D9,"reject order, check payment morale"
1004966509,sid-1F2D45AB-6ED8-4068-AB89-D7CAD285537C,"B, M"
1004966509,sid-A5F0B41A-8D30-477F-B666-BC0DBA2DE03E,"B, C"
1004966509,sid-6FB0833E-7045-4CFC-8153-C01792909F9E,"D, M"
1004966509,sid-164D7FF5-3E86-42F5-8C69-B6DFE18C0F04,"F, M"
1004966509,sid-B8306880-D5E1-41A5-9F04-686EBC94D04A,"G, H"
1004966509,sid-F82C041C-E533-4159-B5DA-1E4248CD9E9E,"M, E"
100513699,sid-D2C3426D-60A7-4C1C-8877-BD16EEEB58B4,"Upload media file, Notify customer purchase declined"
100513699,sid-F5896252-E72F-4F39-AF63-53CB3B7D0EBA,"Debit credit card, Subtract value from voucher / allowance"
100513699,sid-7898E24E-7CF1-4DB7-9EB5-3049AD954D30,"Redeem gift voucher/allowance credit, Select buy"
100513699,sid-9C887596-AC84-4250-B4D3-884E585122EC,"Sign-in, Create account"
100513699,sid-F25B833C-47A3-4E84-9107-4A7DE8F25C9B,"Receive notification purchase declined, Download media file"
100513699,sid-2DAC4043-87A4-4B15-8249-68A5F45AEB06,"Retrieve Password, Sign-in"
100513699,sid-44B49CA7-0C3E-4138-8114-0EC7694D3B0A,"Launch or download iTunes app, Preview sample"
1005205836,G,"Q, F"
1005869593,B,"C, D"
1006305221,sid-14C6FE97-22D4-41CC-8013-82D0D8334749,"O, P"
1006550737,sid-5BE9D5FA-7C33-45A3-A4CF-742FA2023C65,"send offer, request address"
1007082441,C,"C, D"
1007265822,sid-F07B6AAF-13D5-4267-943F-3BD505239377,"No Desert, Have a dessert"
1007367623,"Underi-
verable?","Need to pay?, Remove article from catalogue"
1007367623,"Article
available?","Procurement, Need to pay?"
1007367623,Need to pay?,"Article available?, Underivable?"
1007403688,sid-14D41A6E-C87A-4B67-86D4-B88D6ECD7D40,"In system, Not in system"
1007403688,sid-A1C26DC9-384A-4D60-882B-837DB2BFA5F1,"Send to outbox, Send to priority outbox"
1007541173,sid-94EC6451-8146-49FC-BB2A-9B64BB7E24CF,"Authenticate Sign In Details, Exclusive_Databased_Gateway"
1007550920,M,"M, O"
1007550920,O,"O, M"
1007769308,"Approve?
","Approve RTA, Request for travel approval"
1007769308,sid-79EFB51F-C4E0-489A-81D6-AB50B696CED1,"sid-79EFB51F-C4E0-489A-81D6-AB50B696CED1, Exclusive_Databased_Gateway"
1007769308,sid-27CCBCAC-6FDC-489C-B8E5-8727A6F23421,"Exclusive Databased Gateway 1, Exclusive Databased Gateway 2"
1008690213,sid-2587FA07-A632-412D-9A50-430CB53CC416,"Pay renewal invoice, Listing(s) not renewed"
1008939313,sid-664E24B9-E799-45F5-BE3F-DFF37E229702,"H,"
1008939313,sid-D5340804-376A-43A8-9A79-E0FA2D342DC3,"F, E"
1008939313,sid-FF700841-C982-402B-BF20-37387516F042,"N, P"
1009005916,sid-7C8667ED-64A7-4D0E-A228-EB02F092E52F,"stamps the letter and add the date, send a letter with an explanation"
1009005916,sid-92987291-1D55-4312-B51A-647BCBD05EFC,"add incoming mail number/date, telephone call to complete the data"
1009034808,sid-58E40B4D-FC09-4EFF-B438-863DE9600F49,"H, I"
100918869,sid-5F3FB703-741F-4BE5-B9B7-8DAD417D1E3C,"Penform work according to role, Defens projekt"
1009212273,sid-50575672-6850-451F-B361-FC6C87048B0E,"C, B"
1009232864,sid-85EDFF80-EB03-46A7-8C09-28825490F5A6,"Allow to communicate to professors, Take the conversation by itself"
1009591085,sid-A3FCAB21-5922-4DC2-BEB2-BDE68524EEC2,"Enter billing address, Add payment method"
1009591085,sid-996B62FF-EDDB-4C6D-98A2-08406E75371D,"create an account, Log in by email"
1009591085,sid-BD99C0ED-657F-4154-9D73-1A05DB0DC3CD,"Renter the correct address, Approve shipping address"
1009591085,sid-E0517FB6-298B-45BC-A58E-477D31A79533,"Approve billing address, Renter the correct address"
1009591085,sid-4272039B-9274-4DCC-9635-F3BF474F7627,"Approve payment method, Renter the payment method"
1010183281,sid-F0FF0A96-9C5E-4E13-8637-78908E2690ED,"H, EndTerminateEvent"
1010183281,sid-4524BA42-4EF6-4692-8EF8-3E7875A52E99,"B, EndTerminateEvent"
101085585,Credit approved?,"Cannot process order, Check Stock"
101085585,Stock Available?,"Stock Available?, Check Stock"
1010961388,"New 
Incident?","New Incident?, Provide Status & Update Incident Record"
101132629,sid-951BF929-B9C7-45E0-B5EF-5C90D572EF93,"Send Order to Manufacturer, Send order back to retailer"
101132629,sid-833040C4-6063-4B7C-A0A1-194271DC6C8D,"Assemble Bike, Review Purchase"
1011361322,AI,"AI, AL"
1012180590,sid-7C0D79A9-0C8A-4390-9D8B-3C3078080114,"sid-7C0D79A9-0C8A-4390-9D8B-3C3078080114, sid-7C0D79A9-0C8A-4390-9D8B-3C3078080114"
1012180590,sid-2256A62C-8DB6-4514-8254-C5180779A3B8,"Y, EndNoneEvent"
1012220286,sid-2949B825-4E81-4E34-98F9-226C2F975523,"Backorder if Necessary, Send Customers Package Via Truck or Airline"
1012437227,Mortgate Offered?,"Mortgage Offered?, Assessment Report Generated"
1012437227,"Is This The Third 
Reminder?","Send Customer a Reminder, Inform Customer"
1013254127,sid-925106F0-4177-4A74-A539-1F23C97FB437,"Rework Purchase Order, Exclusive_Databased_Gateway"
1013385050,sid-22C671D9-1486-45ED-B2DF-74BF725FB95C,"N, P"
1013472006,sid-E33C6B2B-68F8-416C-AEEB-DF66AD654CFF,"No inventory, Check out"
1013472006,sid-2360BDAA-A77D-42DD-9D7D-62D3D303ED8A,"Validate Process Credit Approval, No valid credit approval"
1013671876,sid-B0995091-D078-4A47-A7EE-9F9ECC09EAC2,"G, H"
1013671876,sid-737C4E58-8357-412A-9C22-ACC45B8458E5,"F, EndNoneEvent"
1013962777,sid-7E440717-CF5E-485B-84EA-9BAE0164D23C,"Pick product from warehouse, Check materials"
1013962777,sid-C81F9A77-BB13-4033-A84D-74C03B0B1D89,"start production, Order materials"
1013962777,Ok?,"Check customer, Check product availability"
1013962777,Paid?,"Check reminders, Close order"
1013962777,sid-1526E7FE-6320-4C23-9250-7D10234F1B8C,"Take legal actions, Send reminder"
101435818,sid-B1145C55-552F-4260-BA19-D09D0E2715A0,"Prepare self-declaration, Receive incorrect notification"
101435818,sid-244E3508-B17E-4634-9F2B-E7AE8A27DC49,"Send the total expenses, Incorrect request"
101435818,sid-F08F7D83-FDCF-455E-983F-C08B053F2C31,"Transfer the maximum fund he/ she has, Transfer the money to student account"
1014649280,D,"E, F"
1014649280,K,"K, L"
1014649280,P,"P, R"
1014649280,S,"S, Y"
1014649280,AA,"AA, AB"
1014649280,BA,"BA, AZ"
1017028191,A,"G, Task"
1017028191,E,"E, F"
1017239030,sid-5ED886A5-2C17-48E4-BE52-1DBA7ED87DBC,"H, W"
1017239030,sid-A499039C-46F1-48A7-B844-7C15E626E04C,"K, AY"
1017239030,sid-3C938CAF-7159-47F4-9222-82C87D551850,"BA, AY"
1017402496,AH,"AM, AN"
1017560117,sid-4B0CDD2B-65A4-4C1D-ABE2-C9565FB32E08,"AA, AB"
1017560117,sid-47AF7752-9194-4DDE-B430-567E2089D94D,"AG, AH"
1017560117,sid-18A9751E-14BB-478F-805D-0BC63B6627BA,"D, F"
1018239985,I,"I, K"
1018819034,RFQ Meets Guidelines?,"Send to Customer, Produce Labor and material Cost Estimate"
1019250016,"Is product available in
regional warehouse?","Is customer in Luzern area?, Product shown available on inventory"
1019250016,Is customer in Luzern area?,"Is customer in Luzern area?, Is product available in regional warehouse?"
1019751893,sid-05BD319E-FBC0-4139-BB33-9EF506F08884,"A, B"
1019751893,sid-2AF3B39A-482E-43B0-9DCF-051D33B73F78,"E, O"
1019751893,sid-E8F0316B-3DAD-42BF-A752-3E8B8B1A5A12,"F,"
1019751893,sid-7934D805-168A-4F03-A278-D34570AB6C4C,"S, T"
1020811925,sid-6716D35F-DD59-42B9-84B0-CD9D72039820,"no more candidates, sort out terms and conditions of offer for candidate"
1020811925,sid-EA87EA41-FC04-4B46-A8EF-DE979140CBC3,"has not, has"
1020811925,sid-D6C0646B-B04B-4787-A7B5-167C013463DD,"manager is external resource, approver is existing employee of client"
1020811925,sid-26752CE1-1C40-4C75-823F-E12E31988A10,"variations, no variations"
1020811925,sid-D4EBD3A7-5103-420C-A847-855822006385,"medical assessment not applicable, medical assessment applicable"
1020811925,sid-9371F365-E259-4399-9208-A819F5A3456E,"assessment is not satisfactory, assessment is fine"
1020811925,sid-7838EB45-407D-4B37-A5C7-26BE726A697F,"candidate accepts, candidate declines"
1020811925,sid-BDE728B0-BEDB-4994-840E-C560D600FD77,"renegotiates, accepts"
1020811925,sid-62029291-2F86-4583-A283-98B25BA9334C,"successful renegotiation, unsuccessful renegotiation"
1020975201,V,"W, AA"
1020975201,AD,"AR, AE"
1021255468,sid-5298BF51-D1FD-4DBA-ABFE-322EB1D39A7E,"D, B"
1021255468,sid-E759C09D-6D0A-476D-9255-35E8D4399DD4,"E, AZ"
102263233,sid-5A8A1A47-7224-433E-8A1F-16DE2F579F7E,"Consult upper level managers or HR services, Confirm vacancy of position"
102263233,sid-6650F911-5B23-4B7A-8D69-B3401E9148B4,"Complete Requisition for Staff, Business Case"
102300656,sid-16FE1149-79CB-492D-880E-4E675DED39D0,"Resolve request, Forward request"
102300656,sid-C420C269-93A2-4910-A100-75B498620544,"Forward request for recheck, Mark request 'closed'"
1023125370,sid-6521B752-CD8D-450E-9EED-7EE6D3320E4D,"end hardware, repair hardware"
102313104,N,"I, R"
102313104,X,"X, W"
102313104,AB,"AB, AA"
1023662783,sid-AD4F2A87-3510-49F5-8B8E-49DB122249AD,"S, R"
1023662783,sid-4A249E65-B182-4696-A41F-59A29669938C,"CA, BY"
1023662783,sid-027B5215-079C-4D93-96F8-690C2D7AE2D0,"D, F"
1023959566,sid-F1DC5EDB-46C5-4067-BA01-2A1E4D43A0AB,"E, D"
1024215554,sid-7803D6DF-0BBA-4CE6-9284-4E779D434B9C,"Q, AE"
1024215554,sid-54A98A42-14AE-4BD7-89C7-A04F199138C6,"T, S"
1024215554,sid-4B8D7776-FCC6-420C-9BFB-7600529BA1DE,"U, V"
1024215554,sid-9146C2BE-215C-4A99-AAE0-E2CF2B97653C,"Z, AC"
1024215554,sid-F849BAB2-604F-43D5-A5F3-340EE9988851,"AA, AB"
1024215554,sid-C1E8E1F6-9D60-4474-BC06-E65DEDA78285,"AF, R"
1024215554,sid-D537253E-4C26-449F-B8E1-A9EDB8167810,"AG, AH"
1024559312,sid-7C36D6E4-5DE2-47E1-BB7E-FD7CB7318BD6,"No check of stakeholders view, Canvass the view of Stakeholders"
1024559312,sid-FBD1D8B6-5811-498B-AB0C-EF729B088521,"Reject Application, Approve Application"
1024559312,sid-80066F2E-0946-443D-84DA-E38F0069086E,"Send official notification, Determin Stakeholders"
1024641911,U,"U, V"
1024759920,sid-F2B6105A-C2BF-483C-B3B5-F43D642CFBB4,"G, H"
1024759920,sid-2FC1D2ED-867B-43D5-8C62-0FC847605CBF,"E, D"
1024880952,sid-7414F08A-9C8B-412B-8C95-8571F9441A94,"Send report from expert, Ask an expert"
1024943999,sid-89195BD5-713E-4401-9AB9-AB312D6BD7FC,"Enter username and password, Create Account"
1024943999,sid-70515C67-A568-4497-B30F-4628CEE34D23,"Accept user credentials, Decline user credentials"
1024943999,sid-30A42E31-0D05-4280-8230-D0462A1E8082,"Enter username and password, Password Assistance"
1024943999,sid-103E7DD2-5B5C-4B87-8C02-135E8D0B7093,"Choose Shipping Address, Add New Shipping Address"
1024943999,sid-55629755-6335-4AB0-9837-FFBC7B7E6C42,"Select Ship to Address, Edit Ship to Address"
1024943999,sid-A2762593-9629-4C9F-B594-7F2FD215BCB9,"Select Existing Card, Add New Card"
1025894190,AG,"AB, AC"
1026287908,sid-60C6F6CA-86B0-4866-9AB4-90A6E4E43FDE,"check in stock, alternative options"
1026287908,sid-A005F615-DD10-4FA4-B660-A9C4007DC0D6,"incoming payment, incoming payment"
1026287908,sid-B0EC277D-4CB1-404A-AA36-0FE6BB390319,"Order complete, Incoming payment"
1026287908,sid-15B730AC-2ABB-4E4E-A879-F300BEABD63A,"add to database, send notice of cancellation"
1026426675,sid-1C85047E-0DC4-4980-9FF4-0A6AD3D9AA1F,"Create purchase order, Check current inventory level"
1026426675,sid-3367BCE9-7270-40BA-8930-227DAC7FAE12,"Reserve funds for purchase, Rework purchase order"
1026674280,sid-B7F15E38-ED8A-4A9B-BD27-AF2AED03E869,"Reserved, Back-ordered"
1026674280,sid-827686BB-E094-4CC9-AAA2-82BDDC8C7639,"Accept order, Reject order"
1026749804,sid-5048D74B-B9A0-472F-9EF8-9B8B971A1341,"B, C"
1027037016,sid-47D1B74C-F090-45AE-A499-0E71165DD74A,"H, I"
1027037016,sid-330A447B-F645-43E4-949C-1219C9DE83EF,"L, M"
1027478418,sid-B5293A7A-A666-4103-9323-49C11A5A058A,"Request for the exception, Course registration"
1027478418,sid-2FA38D11-027E-45D5-8099-DBCF0C82B483,"homework assignment, "
1027478418,sid-94DEF198-AB72-4D8F-80B1-ED1B8A854090,"passed the course, sign for the exam"
1027569574,AN,"AN, AO"
1027569574,BE,"BE, AT"
1027569574,BF,"BD, BG"
1027569574,BG,"BG, BF"
1027569574,BM,"BM, BN"
1027569574,BU,"BV, BT"
1027569574,BV,"BV, BW"
1027569574,BZ,"BZ, BC"
1027569574,CA,"CB,"
1027569574,AY,"AY, AX"
1027737581,sid-83BE0AB9-6D27-4A84-92D9-E4AC4D0484B7,"A, B"
1027737581,F,"C, G"
1027737581,sid-621A029E-7A65-4CD4-A8F6-4B97154ECCB6,"M, Exclusive_Databased_Gateway"
1027737581,sid-48E1F7A0-D2A4-4261-862C-D23F43093C2F,"O, L"
1027737581,sid-82EC00CB-2FDF-4640-AC32-2AFAF234F55F,"P, Q"
1027737581,sid-8043CA42-1CA8-4FC0-8A35-D0E9C90DFB92,"R,"
1027737581,sid-DD38827B-712A-4754-AEC4-0F9462E59727,"V, W"
1027737581,sid-FF33FC44-1C7C-4FE0-825C-5B80C4B9D0AD,"Z, Y"
1027737581,sid-89E2D911-A743-45B8-AD84-AA8B2B4A177E,"AA, "
1027737581,sid-9AB43F8A-D503-4CE2-849A-71CCFAC577CD,"AB, "
1027737581,AM,"AM, AN"
1028592466,sid-CD421B6E-FEAF-4A33-9FDB-D4D0D6D447ED,"Lookup SLA details, Exclusive_Databased_Gateway"
1029167747,sid-A860CBD4-7857-44D2-BCAF-EB405F658F95,"Exclusive_Databased_Gateway, IntermediateEscalationEventThrowing"
1030199890,sid-000C253E-8D30-47E7-8D29-845AE10474EC,"F, AG"
1030257731,sid-468A769A-1394-49E2-825E-558701F83990,"approved, rejected"
1030489511,sid-C679185D-3753-4527-8BBE-8B6F623EE8ED,"Create Account, Exclusive_Databased_Gateway"
1030489511,sid-76A7C719-8C7C-42D1-AB2A-C95201FBD3B9,"Report approved, Supervisor Revision"
1030489511,sid-A7AE7220-310F-4BB4-B230-7945CA26A3D6,"Transfering Money To Employee, Notify Rejection Report"
1030935923,sid-4A0760C6-27AC-414C-AD76-6309B11D8BA0,"Construct Purchase Order, End"
1031083123,sid-D2D4010F-321C-43AF-AC5E-099AC87E9E24,"Return forms back to applicant, Check application form completeness"
1031083123,sid-31A095C7-BBC8-49BC-B487-3D9883DC522E,"Reject application, Prepare acceptance pack"
1031083123,sid-3AF5E648-7315-46ED-BFC8-AA722946EE93,"Cancel application, Acceptance application"
1031392831,Log out?,"Process Request, Close user session"
1031414416,sid-841FA6FC-FD31-403F-B611-1E3080B408CF,"I,"
1031585442,Q,"R, Z"
1031585442,R,"R, Q"
1031642567,sid-BD14CED4-065D-4DB9-8B54-EB926AAF2EE9,"N, P"
1031642567,sid-41AC3604-E132-496A-BEF7-855396B8C876,"AD, AE"
1031642567,sid-AE66134A-D994-4377-B869-74983519737E,"AI, AD"
1031642567,sid-8F413065-53A6-480E-A559-07D11EECB976,"AE, AL"
1032099534,sid-A799EDE6-4BCE-4AA6-B10A-355017680178,"J, K"
1032313853,Test green?,"Level satisfies project requirements?, Another gateway name"
1032313853,Level satisfies project requirements?,"Level satisfies project requirements?, Test green?"
1032361498,sid-83886A9B-58D9-4753-86D1-E798B1CB08F3,"BU, BV"
1032361498,sid-E92FA314-0EDB-4CB2-92E4-C044C8936E33,"Z, AB"
1032361498,sid-37DB1A43-CD94-4C8F-9A8E-FFB6E4CF1AA4,"CN, CO"
1032482829,sid-D4DE3E72-309D-4B4F-AC4C-C76FAB12167D,"G, H"
1032800451,sid-D83D6AB6-433D-49B9-886C-CE68A4A00A66,"Request declined, Request accepted"
1032800451,sid-1AEF2904-27D1-4690-B160-0E61BAE2EA69,"Favourable - send payment authorisation, Not Favourable - supervisor needs to authorise payment"
1032800451,sid-1826728D-36D6-4A30-964A-017801D89701,"Authorisation payment accepted by supervisor, Authorisation payment declined by supervisor"
1032800451,sid-11109865-D0BA-40EC-A9E0-4C67E2228ED3,"Payment authorisation declined, Payment authorisation accepted"
1032995931,L,"N, M"
1032995931,Z,"AA, AE"
1032995931,sid-0559BB34-5E87-4B3F-9D44-C590DE899D2D,"AF, AG"
1033239968,T,"U, EndNoneEvent"
1034187908,sid-B79E8172-B22F-4802-8EC9-27DF71019063,"send rating request, Exclusive_Databased_Gateway"
1034187908,sid-71D2A662-7C42-4712-8271-4C99D0B2415F,"send no loan offer possible, send Bank A 20% offer"
1034187908,sid-8AAB3DF3-86E8-4BBB-AD6B-86BC73ABC668,"send no loan offer possible, receive rating"
1034187908,sid-681E1D8F-6C9B-46EE-A2B2-8497DEF5EEAC,"request additional securities, send bank B 15% offer"
1034187908,sid-BB587922-0B75-468A-BBE6-436A81D5C760,"Send 12.5% Bank B offer, recieve securities"
1034715661,sid-8E1E80EA-0495-4874-970C-8CC49E5A3A71,"G, F"
1034897705,sid-1BF1D6B9-8994-424F-9264-E24FCE932C13,"P, J"
1034897705,sid-4E1A540E-22A3-4ED1-866B-8346D7C82970,"I, Q"
1035058931,sid-47BAAE4F-7A36-4FAB-8EA1-ED106E009563,"F, E"
1035058931,sid-F6AE94AE-1616-459C-AD5B-B187A0E6B04D,"F, H"
1035129037,sid-9634CDDC-911F-4CD4-A407-0861E05D3371,"Exclusive_Databased_Gateway, EndNoneEvent"
1035131639,sid-516F6333-D0C4-40F5-A0F0-1C7CA293C5C7,"P, G"
1035131639,sid-76AA08F3-D5DA-4746-A4B4-B2B54CD0D135,"Q, F"
1035131639,sid-DE12852E-5CFF-4992-B48A-48699415DA86,"M, K"
1035193139,sid-62009192-C668-4529-A0A0-EF74810E831A,"Check Insurance, Review DUR"
1035193139,sid-50403D2F-3F43-4670-9873-4F19FB8FE286,"Assigne to technician, Call doctor or patient about replacing"
1035274499,AR,"AR, AU"
1035274499,AU,"AU, AR"
1035516956,sid-8E515350-B970-4D96-B468-E773F4693185,"C, D"
1035516956,sid-3E987656-FABA-4D4A-B963-D4C95BEBBA17,"O, P"
1035687371,sid-990993F6-076E-42E5-9B82-35A05647466D,"H, I"
1035687371,sid-35F098A6-99ED-45F8-AD8F-C200582F848F,"X, EndNoneEvent"
1035687371,sid-E328ECCB-E7CA-4D86-A09C-B389F030A8FD,"D, N"
1035687371,sid-513AB43E-60A5-4F49-B78E-74C3F8481EBB,"E, C"
1036030251,sid-8B533902-6EBD-41A8-B776-6306B978E393,"H, I"
1036031430,sid-7326E15F-7ADC-4050-A02E-DF142205DDEF,"Record Customer Details, Contact Customer"
1036269641,sid-C5291E93-AA6F-4E5C-B806-1EDB90950C4C,"Send customer data, Update customer data"
1036269641,sid-DC0FD68B-B944-4969-B55B-C85FA37462F5,"Send the switch contract to the customer, Analyze and resolve generation failure"
1036482855,sid-EE386B11-2BF5-45EB-8E0F-10789A7CB7DB,"C, N"
1036482855,sid-BDBA22FC-AE20-4C27-A952-C9DA615CEAB4,"G, I"
1037195195,sid-3C59FE5A-3EA1-41FA-A659-A35122AC38E3,"C, D"
1037263320,AQ,"AN, AR"
1037531241,sid-5292D0C7-8BF3-4FE5-9BC5-A92BF108F424,"car existence, "
1037531241,sid-0EC5335C-1F09-4AD2-8BDF-840FC7943334,"load specific values from DB, create new record in DB"
1037559497,sid-01D2B642-6820-4BD7-A18A-1D89B188E150,"add new lowest price with Supermarket endpoint, get product price from a supermarket"
1037624884,sid-87BC9F39-5273-4EF0-A128-09747C97024F,"F, EndNoneEvent"
1038050553,W,"X, J"
1038193440,sid-F17F3D33-3059-49E9-B198-5AE3A4CEF8DC,"Disallow passenger from travelling, Allow passenger to proceed"
1038193440,sid-30642775-F1D1-4333-BB98-8B894CE24D11,"Complete outgoing passenger card, Wait for action"
1038193440,sid-6BFB82FB-28CE-42E4-AB15-161B94E1577E,"To ID92- Discretionary experience 3, To ID40- Boarding"
1038249596,sid-C4C73D0B-9B7E-49D2-9BC7-D58635A41868,"C, D"
1038278203,sid-56A905E1-01CF-4A19-94C6-881863D2C769,"perform an election, announce the result of an election"
1038278203,sid-3CB5CC6C-5259-4B34-BF10-8DA2ECD6F9D4,"Form a list of candidates, inform candidate about refusing the proposition"
103911185,sid-E552A363-B113-4F75-A5A8-8B82CAA62F55,"B, C"
103911185,sid-083FE1CD-58EE-4F4F-8C7B-77BE944F526B,"AF, AG"
1039199550,sid-5A5B41B7-7EEC-4097-A753-F5D451F3B8F4,"Use goods from stock, Specify and quantify the demand"
1039199550,sid-9900AA55-9749-4026-96ED-B6066CC61F02,"Create supplier in ERP, Check purchase requisition"
1039833969,sid-84A6A691-3BF8-4768-8C7C-B80679B64376,"B, C"
1039833969,sid-7582E3B8-DABA-4977-8F3B-720F27F2168B,"D, E"
1040516350,sid-C02676D3-04E8-4E0C-985F-3A7F45D92A2D,"Return item, Overdue for 14 days"
1040516350,sid-E2B3A4B9-DC48-4D76-81E0-D1D799F9FC26,"Pay Reinstatement of Privileges Fee, Seek assistance from library staff"
1040516350,sid-52C3E0B0-C20B-4C97-9D17-AA1861D24E0F,"sid-52C3E0B0-C20B-4C97-9D17-AA1861D24E0F, sid-52C3E0B0-C20B-4C97-9D17-AA1861D24E0F"
1040516350,sid-6860A196-B3DB-4154-A5E4-2035A99D0150,"sid-6860A196-B3DB-4154-A5E4-2035A99D0150, sid-6860A196-B3DB-4154-A5E4-2035A99D0150"
1040516350,sid-1FE1295D-E41C-451E-B6A3-0549CBE7DC1B,"Overdue for an additional 7 days, Exclusive_Databased_Gateway"
1040516350,sid-9E4E6453-D0E6-4074-95D7-641740F3C020,"Item overdue by another 7 days, Exclusive_Databased_Gateway"
1040516350,sid-DA11F50F-4ADB-4DAF-883A-DD91A0E291FA,"Overdue for 8 days, Return item"
1040516350,sid-ABAD33E8-E07F-4BE5-B2A1-7EFB98A2DE36,"Return item, Overdue for 1 day"
1040516350,sid-60C3DCD5-3109-42D9-A842-807B14111975,"Exclusive_Databased_Gateway, Exclusive_Databased_Gateway"
1040516350,sid-01FD5015-C3C8-4160-A144-5914D51358DD,"sid-01FD5015-C3C8-4160-A144-5914D51358DD, sid-01FD5015-C3C8-4160-A144-5914D51358DD"
1040516350,sid-591C26B9-A5BC-4324-8D71-64A043CC6107,"Receive third reminder, Overdue for an additional 7 days"
1042164645,sid-1C4A975F-5E1B-4746-9F15-B9F22A689C0E,"Write a comment or an email message, EndNoneEvent"
1042442687,sid-BF97FD84-440C-4B14-B7F7-DE03B2A34736,"Material Requirement Planning, Is capacity available?"
1042442687,Is capacity available?,"Is capacity available?, Work order"
1042442687,realistic?,"Master Production Schedule, Change production plan request"
1042442687,sid-72DBD2DA-AC8C-4512-BFFD-AAF9CA6005F1,"work order, Purchase orders"
1043256737,sid-FEC182FE-AD94-49F6-9438-D3CE05936EAA,"send rejection message, send accept message"
1043256737,sid-D25572DF-2EAA-4677-801F-AE8E0118021B,"create a quote, notify customer"
1043375091,sid-5CD20F7E-FA81-4FBA-A25F-A38752F2567E,"patient is sent to other examination, hospitalizing patient"
1043375091,sid-6AD8596A-7004-48FB-9CD2-1007FE2DB0D3,"closing patient´s case, complex examinating"
1043382837,sid-7C36955E-622C-4940-B012-A2C1D2F8992D,"Complete Business Case, Nominate selection panel members"
1043382837,sid-0391391A-86BB-4467-AB08-26621F3C36AC,"Customise application Form, Confirm app. Form"
1043716184,accepted,"stamp the letter, rejecting the candidate"
1043716184,complete?,"Phonecall to complete data, complete?"
1043716184,member accepted?,"sending of rejection letter, add member to register"
1044784819,sid-0B5B80D2-4873-4369-9784-F5297D8E679C,"approve purchase invoice, check for factually correct purchase invoice"
1045098224,sid-EC6B54CC-9C55-4083-94BE-8D1A620CB5BA,"AE, Exclusive_Databased_Gateway"
1045098224,sid-0EA337BD-CAB0-4DED-9626-0B0F6890D21C,"AH, AG"
1045098224,sid-84E54D5F-64B6-4C71-959B-0F0DDC155D7A,"AJ, AK"
1045098224,sid-DDDF482F-9C44-4687-9727-AD52D0856BC0,"AL, sid-DDDF482F-9C44-4687-9727-AD52D0856BC0"
1045098224,sid-FE4FECB8-EB43-414D-B6B1-CED48AA99F50,"AO, EndNoneEvent"
1045098224,sid-2E8E1154-EBAD-453C-8005-EE24950B5D17,"AR, EndNoneEvent"
1045098224,sid-CC2E751B-2CFB-406B-B4D5-0BF88287B376,"AU, EndNoneEvent"
1045098224,sid-CD3540E2-9508-4FD3-85FA-D8C23DBFBDF8,"BV, BW"
1045098224,sid-A45BE6DE-A108-4AAD-8286-1593866EA5D6,"BZ, CA"
1045098224,sid-F03B588A-2B75-4741-9A6D-B41EBC539D94,"CB, CC"
1045098224,sid-7EF0176E-8F22-4289-926A-B44FA01DC9C1,"BX, CF"
1045098224,sid-5354C954-D2F6-4988-BA3A-388669BC3DF6,"CQ, CP"
1045098224,sid-F93E2E6C-177C-44A8-8840-4467B7B14946,"F, G"
1045183252,sid-AED13FC6-7314-4BD8-96F2-1561F9AED79D,"J,"
1045183252,sid-B58BD099-4503-4099-9B78-BB8F60150E2A,"A, C"
1045697922,sid-FA1DB0D0-35DB-4156-B832-CE83DFED9F8F,"E, C"
1045697922,sid-802CEA55-9C5D-4991-AAE0-AEB9286DB3BE,"H, I"
1045697922,sid-1B3D4C14-7B5C-4A77-A81E-0A473EDB81E2,"M, EndNoneEvent"
1045697922,sid-A7E4E8E3-ED37-4F34-85CF-7F1407AC3DCD,"S, F"
1045697922,sid-E5DBA190-4F75-4885-82D7-16C7BD4C9A0D,"T, U"
104602905,"Customer 
phone no. 
found?","Call Customer, Send Customer letter (1)"
1046046201,sid-34CACEF1-71C4-4606-9014-DEAC3BDD5BB6,"First Gateway Name, Second Gateway Name"
1046046201,sid-6A3C8FF8-7A4F-4BA2-B6C6-71FECA6067D2,"D, F"
1046046201,sid-7F8D3CB5-E4CB-45B3-AA0C-94074A2E514B,"InclusiveGateway, Exclusive_Databased_Gateway"
1046046201,sid-D851F74B-229E-42EA-A219-5B4FEB83C0F8,"AB, "
1046046201,sid-F47F5CD1-17C4-47A2-8ED8-9FB8880995F3,"AA, Y"
1046093636,sid-25E6E609-CF00-4EAC-979C-7A0647F8FFD7,"AO, AP"
1046093636,sid-C54E2C40-348C-409A-BA28-847C20B78C3F,"AQ, AR"
1046093636,sid-2B0128C2-F290-41A8-81E1-002E11C56DAE,"AS, AT"
1046093636,sid-C830B972-15CF-429B-B0E7-4C77BAF2FC30,"B, C"
1046093636,sid-F203618E-F11A-49D6-98E1-D5ECA4640CC3,"AA, D"
1046093636,sid-5003747F-200D-433C-AD96-03CBF7F46A60,"E,"
1046093636,sid-D6119F86-2A37-414B-A448-436A8EF71AD3,"AC, AB"
1046093636,sid-613B9F82-7BD7-4199-8DC7-61AD74AB8DFE,"F, AH"
1046093636,sid-674C0561-D7DB-4AD9-B67F-A5D3E367C39E,"AI, AJ"
1046629921,sid-A5572564-94A1-443E-A87F-67B189177543,"check the certification for completeness, sid-A5572564-94A1-443E-A87F-67B189177543"
1046700825,sid-71DEF88B-E4E2-4780-9EBD-09E32B5E925D,"Send approved order to Accounts Payable, Rework Purchase Order"
1046700825,sid-6D24C12E-8FDA-458B-835B-839EDC32C7F2,"Create Purchase Order, End Process"
1047510341,sid-C4CCDD1D-4886-43C9-8326-FCF774CB87C5,"B, G"
1047510341,sid-EACF440A-57FD-4F07-8445-D2ECFE1A5273,"J, K"
1047642669,sid-B122FB23-36DD-4A57-A8A1-F3B055632B5E,"Assess prospect/customer masterdata, Prospect/customer master data used in business process"
1047967305,sid-11333273-2363-48C9-BA22-74CA29B9FACF,"Receiving the Invitation, Rejecting the Invitation"
104862537,sid-170E8B61-070D-4600-B0C0-47CECEC50679,"Advertise job, Consider candidates at cross-site resource meeting"
1048703179,sid-0089C28F-AD6E-47CA-A032-6350FDD0D814,"P, O"
1048832532,"Need 
More
Information?","Request more Information, Review Claim"
1048832532,"Claim < $2,000?","Claim < $2,000?, Review Claim"
1048832532,"Accept
Claim?","Send Payment to Customer, Reject Claim"
1048909527,sid-FB58889A-3281-463E-A923-464BAB544BA6,"Calculate EAD, Calculate RWA"
1048909527,sid-7AA1E899-4A88-4F5F-84C9-90DE95B9F6A5,"Define Parametrization, BF Check"
1049305314,Y,"Z, AC"
105070660,sid-1E1708AE-C6F4-41D7-86FF-B05DAB5F2B9E,"I, J"
105070660,sid-C1F53FFA-14F7-4006-A4B9-C7BB33E95966,"S, T"
1052097377,"Send 
supplement A?","Send Supplement A, Send Main Contract Document"
1052097377,"Send
supplement B?","Send Supplement A, Send Supplement B"
1052139619,sid-E1F8867B-0EA5-4F93-8010-66FC05392EAE,"Cancel order, Delivery time"
1052139619,sid-43E4B97B-EF57-4F53-97CC-2D323C625113,"Prepare goods, 30 min to delivery"
1052982385,sid-0B4A22C7-4E98-4B46-A914-E93050F0ACE0,"Being notified of denial of access, Receiving the detailed info"
1052982385,already connected with a designated DS?,"Looking up a DS through Discovery Names Server, Exclusive_Databased_Gateway"
1052982385,sid-C2254242-2A62-4AEA-9D1C-BBBA4A0DF134,"Specifying and sending one-off queries to the DS, Specifying (query keys) and registering a standing query with a DS"
1052982385,"Authorized or not?
","Notifying the client of the denial, Sending the requested detailed info"
1052982385,sid-0E3328DF-2929-4633-8536-1B55C31F2157,"Exclusive_Databased_Gateway, IntermediateMessageEventCatching"
105455556,sid-9230F044-B099-4FE2-B914-F51F9E6665D8,"BD, BC"
105455556,sid-A164FB11-509D-4122-89B8-32D808837300,"BF, BG"
105455556,sid-753AED2D-E971-4986-BF9A-D97D39D6C3F2,"AP, AQ"
105455556,sid-86B37DFA-B10A-4488-A8E2-BA6E271E3F82,"AE, AG"
1055289148,sid-7DB8CB36-601B-4FF1-B771-4FE1FBE58AB1,"Order parts from supplier, Initiate Order"
1055462902,sid-A8CF156C-5F4E-4FDC-B795-6FB6A38AF5B9,"T2, T3"
105551917,sid-74D4C962-9C4B-4284-B873-C194D94131D9,"Y, E"
105551917,sid-1B36877D-EB61-4DDA-A938-EC8E777F2565,"AA, AD"
1055698191,H,"H, I"
1056081001,sid-5E618112-6DFB-423B-BD6C-81C673DB6B77,"B, E"
1056081001,sid-70630EDA-E9F6-4000-A86A-67C66458F88B,"G,"
1056081001,sid-77A78161-C0EB-4FCE-B426-C326F2F6B947,"T, EndNoneEvent"
1057657512,sid-7443A58F-B57A-4588-B4CE-8CB095AE1BFC,"sid-7443A58F-B57A-4588-B4CE-8CB095AE1BFC, Update TAS"
1057657512,sid-4CA2BB70-FAA8-4E05-803B-EC64DB7D5505,"Prepare Tenure Offer, 2 weeks"
1057657512,sid-572245C8-677E-4910-97A1-8A905043CA07,"Publish Tenure application intention, Application Review"
1057657512,sid-1A4ECF36-1FF7-4EF4-A0A1-37A0A003FD03,"Update TAS, Successor Types"
1057657512,sid-AF26DA45-60FA-42A5-B181-F76C19D91C4C,"Determine Stakeholder, Seek views"
1057657512,sid-909AC7B6-37EE-4713-861F-97B88B0AD8FA,"Terminate application, 2 weeks"
1057657512,sid-B9B70B2F-EDC6-4365-95C9-39345F81B343,"Request Further Action, Application Lodgement"
105796949,sid-3386C18F-F975-4DBE-9F1B-C4F0847C470E,"Order rejected, Order is Reviewed"
105796949,sid-5FDCE33E-AFD8-4E4C-A98B-BA9901684669,"Purchase Order Created, Current Inventory Level is checked"
1058369279,sid-FB18F0DE-8113-461A-936A-8B09812CE70C,"H, I"
1058369279,sid-481CA8E8-143B-480D-B1B4-1BE24795C714,"K, O"
1058369279,sid-F6351858-9C06-4128-BF39-2BE087ECC3F2,"N, M"
1058369279,sid-EA158376-1930-4384-9C8D-3ABE6DD7FCC4,"P, IntermediateEvent"
1058400286,"meets
guidelines?","Meets guidelines?, Does not meet guidelines"
1058793673,sid-4C74E36F-0721-495A-9D3D-78D3099DA58D,"O, N"
105881262,sid-A366A56A-2E5E-4448-A8E1-B7CF3BB8BB70,"Create new Trip, choose existing Trip"
1059073339,sid-E1706F50-B7F7-4ADA-8E54-227D117C7A26,"BU, BW"
1059073339,sid-9C9946B1-E7BF-45B8-9E5C-B79795F381FF,"AI, EndMessageEvent"
1059073339,sid-7B7B52EF-0817-43FA-BBFD-77557AA184DC,"R, BE"
1059073339,sid-5300223D-49C7-4361-8C26-05C0C7D4729C,"AC, AB"
1059073339,sid-7DFFB7DF-0D53-4A86-A55F-7D709B826451,"Successor names: , 

Predecessor names: AC"
1059073339,sid-EF195219-D607-494E-9ED6-5669A9A12227,"CM, BI"
1059073339,sid-80591181-B356-45ED-AD41-DC6156FBAF6C,"BN, BM"
1059073339,sid-893663F1-E594-4F51-8E37-A7A4D7218C73,"CI, CH"
1059073339,sid-7F8955C1-C343-4726-BEAD-00044500202D,"CG, EndNoneEvent"
1059073339,sid-35800C6B-A8E9-4A51-8A1C-DD835C4543C0,"CI, CH"
1059942549,Approve,"Send Purchase Order, Review Process"
106014777,sid-8C23E417-AEAD-4355-81DA-7054A4489390,"Reject Purchase Order, Approve Purchase Order"
106014777,sid-59B7AE62-D6C0-4256-8CF7-276D50598429,"Construct Purchase Order, Inventory Check Complete"
1060715040,sid-D685CD89-E730-4C19-8FFA-71685F2F1C53,"J, P"
1060715040,sid-A25B314C-F459-42F9-AFF2-DC6646912808,"K, N"
1060873887,"Ability to
Add/Drop
in ESIS?","Complete Online Transaction of Add/Drop Class, Go to Registrars office to Request Add/Drop Form"
1061066464,oryx_9029CD13-C61F-4E89-8A0E-626D9E7061F8,"B, C"
1061253189,sid-0EC01FA3-5336-4FC9-AF56-985372CCBACA,"B, C"
1061253189,sid-2CD35B54-8D52-4F76-AA3E-4E65F66E643B,"B, C"
1061253189,sid-BDA7C2FC-7F60-4553-9605-C41EDB960DD3,"B, C"
1061312837,sid-225CC361-1267-4A58-962A-C9ECCAB059E2,"Order shipped, Timer expired"
1061312837,sid-7E12EEB7-6095-427D-998A-7B31C12FD4DD,"Create Feedback, EndNoneEvent"
1061312837,sid-1201286C-5631-4CD0-AA40-947504DFBA5E,"Check Open Order, Check Payment"
1061312837,sid-1EE226DC-E722-4F40-9312-4F5DBA212DC7,"Evaluate Feedback, EndNoneEvent"
1062118067,sid-C31B7BD4-E5F0-4C0C-8398-999FDB164A03,"U, T"
1062118067,sid-8C54EB74-D135-4461-BF6B-FF1F58F7C772,"sid-8C54EB74-D135-4461-BF6B-FF1F58F7C772, sid-8C54EB74-D135-4461-BF6B-FF1F58F7C772"
1062118067,sid-E302EF79-94A5-4B9B-A388-6F0DD793B567,"sid-E302EF79-94A5-4B9B-A388-6F0DD793B567, sid-E302EF79-94A5-4B9B-A388-6F0DD793B567"
1062118067,sid-D9CD4BDC-47E3-4694-A5EB-D303B68595D3,"C,"
1062118067,sid-AAEFEDCE-C848-41DF-B38B-053ACD176769,"AE, "
1062293701,sid-E5A5E6F0-EA17-4650-86F1-6006E5C4B82B,"Ground the Rejection of Delivery Registration (4b), Confirm Start of Delivery (4a)"
1062329509,AC,"AC, AD"
1062329509,sid-B6E3260E-1981-4F2A-AA76-9A3A2B7C0588,"AS, AT"
1062366166,sid-5DCDF98E-9EA3-424B-89C8-748B4066D9FD,"Request for one year more, Request to be admit to the final exams"
1062366166,sid-CB9E2C41-592D-4C6F-BD78-DB7708EAD8FC,"Contact the student, Check the form"
1062440994,Is inventory at or above min?,"Accept order, Reject Order"
1062481272,sid-3A6F26DC-1454-4BF3-8863-54DA6AA8CF61,"F, M"
1062481272,sid-791CADA3-A9A3-4F47-B0E1-D80794CA3F09,"K, N"
1062481272,sid-8433553E-651E-4ED5-98E2-A085209D9432,"AC, AD"
1062481272,sid-CE2EAC9F-9AA1-4A99-AD1A-AB283E350A0E,"AH, AI"
1062481272,sid-BC2B5E39-1044-427D-B387-FB4056A0845A,"BF, BG"
1062481272,sid-C1706595-C630-4152-836D-961F2E215FC1,"sid-C1706595-C630-4152-836D-961F2E215FC1, BT"
1062481272,sid-FDFA7A9E-B529-4FD2-B8D1-3FB41931A8ED,"BX, BW"
1062481272,sid-53CB68B1-D5D8-4986-A934-000A2B252B5E,"AX, AQ"
1062481272,sid-95B4B773-23DF-4587-A02A-65867F3BEED2,"AV, AW"
1063737263,sid-79722560-001E-4944-93D0-E6A5D8630AA3,"AA, "
1063737263,sid-C75293C3-F7D2-4B9C-8B77-36D3824F4A03,"D, E"
1064354518,"Estimated time and
 cost of repair","Take computer back, Authorize repair"
1064799738,sid-D098908E-3133-4F28-A30F-10CE578AF512,"send out offer for emergency help, Analyze insurance agreement"
1064799738,sid-79344D70-EB33-40DB-9C33-B284F87E17D6,"Ask for rejection notification, "
1064982122,sid-D8751E06-F07E-4E6D-954B-D485BFCC0292,"evaluation results, EndNoneEvent"
1065135375,sid-44EAB6E9-6691-4937-905E-458019ABBFF4,"T, W"
1065135375,sid-07EB216C-F736-4828-8BD9-1355F9F803B8,"M, J"
1065135375,sid-753F02DC-9AD7-463E-B5A2-8988AA322747,"B, D"
1065365481,sid-27384716-8649-4DA6-8851-0AEA2865B1BD,"P, O"
1065365481,sid-37479401-78F5-4874-A145-6EE779FDBF27,"R, T"
1065365481,sid-399DD80B-C297-4296-AD2A-5F4D50FACE74,"C, D"
1065365481,sid-F3E34C40-2A8C-439F-99ED-D06AA1E88B9B,"AB, AC"
1065365481,sid-9A6DE3C8-EF47-43D5-8186-3EB7022ABEA9,"Exclusive_Databased_Gateway, Exclusive_Databased_Gateway"
1065365481,sid-02F3DE7B-63B7-44B3-81BF-57C4D69810EE,"Exclusive_Databased_Gateway, Exclusive_Databased_Gateway"
1065365481,sid-724D1D49-25D7-458B-BF03-44C1A174D9C1,"AK, Exclusive_Databased_Gateway"
1065365481,sid-9129D15D-B81F-4397-8EE3-62E8D92C3B23,"AL, "
1065365481,sid-830D82E0-35A0-4761-848F-54020CA34883,"BM, BL"
1065790096,"Portfolio 
plan released?","Portfolio plan released?, Priortize IT-project proposals and release portfolio plan"
1065790096,"glossary://8fd689ea7e694b30baefb60b8e6675cd/Enough budget
allocated?;;","Enough budget allocated?, Update portfolio plan"
1065790096,"Release plan
consitent?","Release plan, Schedule IT-project proposal in release plan and update to-be architecture"
1065979309,sid-81C4C213-A0ED-4633-817A-DD8E7C79C976,"M, N"
1065979309,sid-06851A2A-86FE-46DA-B859-59E014A76D9D,"G, H"
1066443049,"meeting succsseful
","meeting successful, process is over"
1066443049,review needed?,"review initial draft, preparation final version"
1066443049,"approved?
","approved, finished"
1067168783,sid-40736446-2AC4-4A3B-838E-84A4976B21C2,"D, E"
1067168783,sid-6D3FE696-E61E-40AB-90AF-113907DDD09B,"H, C"
1067335701,sid-60593B84-3DA1-474D-9A1A-AF634361AC65,"interviews, proposition of modifications"
1067525216,"Symptoms 
persist? (N3)","Symptoms persist, Symptoms do not persist"
1067525216,"Candidate 
for heart 
transplant?
 (N4)","Candidate for heart transplant?, Assess adherence and reevaluate treatment plan"
1067525216,"Symptoms of 
heart failure? 
(N1)","Symptoms of heart failure?, Initial evaluation"
1067525216,"Require 
hospital 
mgmt? 
(N6)","Require hospital mgmt?, Measure left-ventricular function"
1067525216,"
Election 
fraction 
> 35-40%? 
(N7)","Consider diastolic dysfunction (T16), Consider systolic dysfunction (T17)"
1067525216,"Symptoms 
for heart 
failure? 
(N5)","Symptoms for heart failure?, End"
1067797812,sid-EF4A7462-E408-46FD-A53A-94E1171968F2,"Check another business, Another task"
1068245502,sid-5CDCEA19-138A-4F9C-B2F3-F37CF2D83755,"B, CollapsedSubprocess"
1068470140,sid-5EE0CA23-87C4-4B76-B57B-6BEF78C515AC,"D, B"
1068498891,sid-6BE54DCD-BAB4-457B-AE8D-1D0C187EE398,"I, H"
106882152,sid-778A3394-7A6B-4BBD-8F1C-24FFD2E2C408,"Refuse boarding, Check ID / Vizum"
106882152,sid-75C055C0-3142-4014-8432-C169BC8400C4,"Clear baggage for loading, Check baggage"
1069107590,sid-27084B2F-3D8C-40F5-B005-C0A1FDA67BC0,"I, "
106933957,sid-A6D93E67-FB7C-4FAF-AE12-9B9569AD4D15,"J, AS"
1069691092,sid-BA167821-137B-46E4-B390-EDFFFC3DF846,"J, U"
1069691092,sid-64E3F785-3AB4-4C07-A2ED-06E5E612E7A2,"K, M"
1069828486,sid-F933AE00-DC65-4704-B965-FC9D242A6C6A,"P, Q"
1069828486,sid-C55F3BFB-2C10-470D-B2F5-0470C448B809,"AP, AQ"
1069828486,sid-AADA3415-08FB-4F0F-853C-AF15BDB806BB,"AS, K"
1069828486,sid-B60EE95D-6752-4B78-A08A-B4A283C3FF09,"AT, R"
1070402056,sid-864E8317-AE78-4212-93AD-9336AC4F2924,"open new case, Retrieve case history"
1070577298,sid-E90504D9-F5AA-4073-84DA-D60F9872F893,"Inform Student That Additional Documents Are Needed, Check if Application Contains All Documents"
1070577298,sid-97BF5F87-9614-43FE-82F8-2753265A9ECF,"Confirm Scholarship in IS, Prepare Refusal Letter"
1070577298,sid-D852973D-5AED-489C-A7BE-1F9106A6F5DE,"Prepare Refusal Letter, Check if Application Contains All Documents"
1070624443,sid-EBE986EE-59DC-4BD6-B97A-1E1C8A7804A6,"Handled Manually, Transactional"
1071121375,sid-F3FFF8AB-CDA9-4046-85FB-DE77FE6B3B94,"I, J"
1071121375,sid-542425C3-BC17-46C8-95BA-1C2B57074259,"P, Q"
1071277157,sid-5E30F28E-1117-4F0A-B541-7A789E574E04,"J, sid-5E30F28E-1117-4F0A-B541-7A789E574E04"
1071361509,sid-EB597345-2AF0-4E93-BFAC-252D1AA45FBF,"J, N"
1071361509,sid-A3DADBBA-DCBE-4F0C-AEB4-3539C7BD2D78,"F, C"
107146504,sid-B449075E-9DF0-4C9A-AC1F-9140280F05E6,"V, Y"
107146504,AE,"AA, AD"
107168023,model of delivery,"check if extra insurance is necessary, Request quotes from carriers"
1072611003,sid-62FA00A9-EE54-4867-8C23-45602181D117,"M, O"
1072611003,sid-EC8E73FD-3F85-4CA6-929C-B8B368BA654A,"P, "
1072611003,sid-7651EC8E-9F2D-4426-B0FC-CDEF2A808C04,"P, EndNoneEvent"
1072611003,sid-F3CA48EE-E8CC-41EE-B643-4DFFDBB8ABB7,"A, B"
1072611003,sid-5598447A-8BB7-4DF4-8B1E-338D3F290490,"C, EndNoneEvent"
1072611003,sid-CBFF3761-B9EF-437F-A5F4-755D37917A32,"sid-CBFF3761-B9EF-437F-A5F4-755D37917A32, C"
1072611003,sid-79F9C9FD-B0FF-487E-8DEF-776E53F1C99B,"D, EndNoneEvent"
1072611003,sid-B124EACA-1A85-48EA-ACC5-30BF25986644,"D, "
1072611003,sid-B46F6845-96A4-41D0-82D1-AE4F9E961C70,"H, EndNoneEvent"
1072611003,sid-7F841335-CCB5-44A9-8DB4-6411259E9259,"H, EndNoneEvent"
1072611003,sid-F2A33E8C-C373-493A-B44A-A1F7C408703E,"F, EndNoneEvent"
1072611003,sid-222C29C5-83AD-41BF-B60C-82CD12212F2F,"F, EndNoneEvent"
1072642347,sid-4CEFD5C6-88C2-4424-AEF7-3BBA6C5D5E22,"Start recruitment, Refer to client / next level management"
1072642347,sid-942DE1F8-46EF-4245-9BDC-7FE8DF3B1A5D,"Issue formal written offer, Renegotiate terms & conditions"
1072642347,sid-2F80C033-237F-40B4-AAC4-A0316E7457B3,"Refer to client next level management, identify next best candidate"
1072642347,sid-A28DCA0B-8A60-4B32-B126-72B47457DD05,"Discard application, Photocopies applications"
1072689630,sid-A0577E5D-B110-44F4-9897-167F679E1D51,"P, Q"
1072689630,sid-BD2E6446-03B1-447B-AEBA-65FAB2233002,"I, A"
1072707210,sid-A5B5A1E2-FE6C-4CED-9B9F-22616B18DEAD,"O, N"
1072715785,sid-A0D82A76-46E8-4282-8D19-82F6DF45247E,"B,"
1072715785,sid-22965ECE-8723-400E-A1B2-548B680CEE72,"T, V"
1072773594,sid-90F85D6E-DDC3-421D-87BE-FCBA599E5435,"Handle manually, Handle automatically"
1072773594,sid-7743A313-080B-4079-BE99-D201A3508698,"Handle manually, Handle automatically"
1072773594,sid-D34D0D86-7A1D-4CE2-87E0-ABD0CC88AFB8,"Unavailable, Book attraction"
1072773594,sid-35A1977A-5342-43CD-8CC9-238DDF165E74,"confirmation, failure"
1072844002,sid-C35DC5EB-D0AF-4235-AB19-3BDB4E691170,"Check policy, Classify claim"
1072844002,sid-E046E679-2FB2-4D0D-ACF0-26040507881A,"Issue payment, Send rejection"
1073435803,sid-50BBC41B-AC2D-48A0-AF1E-EFEBA37A0239,"H, C"
1073435803,sid-34EF5F5B-CE57-4F89-9C63-585005A4C653,"W, V"
1073798553,sid-0B53295F-67D4-4D76-BB3E-11EA2BBFF9B2,"B, C"
1073798553,sid-35EDF1AE-8AAC-44A5-9972-059EAB6432D7,"I, J"
1073798553,sid-AFF32CC6-7D97-489E-AC1B-EF6FDA2D6FBF,"Q, U"
1073989502,sid-141A58A1-5BCB-4323-8D8B-12ECE99B457E,"Internal Samsung Marketing Team, External Marketing Agency"
1073989502,sid-0C86A6AD-ECCC-4EAB-9F18-62B89A08C294,"Retailer(s) do not want to purchase new television, Retailer(s) willing to purchase new television"
1073989502,sid-8409847A-F694-4052-8332-640DD0233F1D,"Television not ready for production, Television is ready for production (Agreed By CEO and Board)"
1073989552,sid-D494CB8F-8133-47DB-A0C0-5B8D608AD074,"Send back, Check income"
1073989552,sid-0DDAEE52-AEB4-40B3-A454-81A1C2A055D7,"Check declaration, Invite declarant"
107436226,sid-F4C2BEE0-3A5D-46A1-A340-DF9663ED30C7,"Completition of internship, Submit an application for internship"
107436226,sid-8310A69E-5141-41A6-AA7D-68629866C937,"Submit an application for defence of thesis, Defence of thesis"
107436226,sid-71BF92A6-A58A-4117-8DB3-E789372EAF60,"Submit an application for state final examination, State final exam"
107436226,sid-4ED75B27-EEE8-4DF4-A44D-9D3798C521D5,"Choose advisor, Choose topic"
1074775346,Resupply?,"Resupply Level is Checked, Create Purchase Order"
1075479164,sid-57604647-AC90-4568-9FB2-3DD5AC952E9B,"Registrable, Non-registrable"
1075479164,sid-5969BE1D-B338-4A1E-BA95-6A639F0D930F,"Existing User, New User"
1075479164,sid-2194522A-5659-4EB1-93B6-F115609F0CD1,"Reject, Approve"
1075640496,Does seller accept check ,"Does seller accept check, Write check"
1075776148,sid-DE5869AB-B665-48EF-8DB1-8E0B9290424D,"Successor Names: Association_Undirected, ParallelGateway"
1075776148,sid-87210698-B53F-4C66-ABF2-06EBBBE80430,"Construct PO, Check Inventory"
1076353098,sid-9A9C0EC8-5990-472C-9F08-B4314DF7DAD5,"Check invoice urgency, Exclusive_Databased_Gateway"
1076353098,sid-93337021-C7B2-46DC-901E-F337C34F32F2,"Highlight invoice entry form, check 'invoice entered correctly' box"
1076568181,sid-EF09466D-EF59-451F-89F6-6E4073E6D03F,"W, F"
1077480323,sid-5C0617F4-9B90-4C5E-B8F3-16D114D0F896,"D, E"
1077480323,sid-A21D05BA-F709-43BF-BFDF-F74A88860C2A,"I, J"
107821297,sid-F91C5ADA-5FEF-40ED-BBDB-6AFF2EFED432,"Decide how to fix the non-compliant invoice, check invoice compliance"
1079170847,sid-EC5C729A-DBE3-48BF-9A1F-BE8765DFB87C,"Exclusive_Databased_Gateway, IntermediateMessageEventCatching"
1079170847,sid-DCB82095-64EF-4012-9EC0-48D0CFC3B361,"send account creation request, Exclusive_Databased_Gateway"
1079747290,oryx_7FF8092C-F84C-4F5A-BBCF-9F1B413F179A,"E, K"
1079956981,sid-67B44A85-DE84-49DA-892F-6DB831A05C6B,"C, A"
1080063248,Storing (or updating) or retrieving information?,"Storing (or updating) the published data in the local event repository, Linking the requested ID to the company´s internal numbering system"
1080063248,Publishing or requesting information,"Making a query of a particular object info to the local event repository, Publishing the relevant data"
1081503149,BD,"BB, BC"
1081511532,sid-2483BB8B-3AF9-4767-B104-EAFF9BBCC390,"Prepare contract for sign, Analyze reasons and learn a lesson"
1081659524,sid-AB668CD1-5A34-4966-9634-C977A7E626BD,"I, G"
1081659524,sid-A6CDC605-D746-4484-B6C8-E6D36FB90F45,"M, K"
1081659524,sid-88CFD7C7-469C-4B19-BFBB-26C3030021A0,"A, F"
1081696444,sid-E18111EE-DC7E-45AE-AA14-13E44A083BB7,"inform the student about which expenses lack of documentation, check whether the funds are enough"
1081696444,sid-F314403A-8973-4DB0-B897-4325AEE87F7E,"Reimbursement approved, Reimbursement denied"
1081696444,sid-8FDB9607-A24C-4BE5-A3ED-298FA7BCE0E1,"look for someone who can help you, sid-8FDB9607-A24C-4BE5-A3ED-298FA7BCE0E1"
1081696444,sid-D53DAD2E-2CF9-4790-A3DF-9E456BA8D13A,"collect the bills and send them to the administration, "
1082065623,sid-F2FFE042-B85C-4A23-A5E1-94AA7E6F7EBA,"evaluation of solution, Exclusive_Databased_Gateway"
1082695978,Costs Acceptable?,"Costs Acceptable?, Analyze Estimate"
1082729770,Short?,"Report Short, Pick the right number of product directed by the system"
1082729770,Approve receiving or not?,"Approve receiving or not?, Verify the quantity received and the damage"
1082729770,Reject?,"Return to the supplier, Confirm the receiving by scanning the barcode"
1082869226,Send Supplement A?,"Send Supplement A?, Send Main Document"
1082869226,Send Supplement B?,"Send Supplement A, Send Supplement B"
1082947707,sid-856107D2-9F68-4113-8DD9-C0C1C6A7BBCA,"B, EndNoneEvent"
1083445328,sid-C9891FA6-0CD3-4078-A075-8FCB04AF56ED,"Search, Exclusive_Databased_Gateway"
1083445328,sid-67BAF6AF-2558-4F02-9DE1-A8FD66592172,"sid-67BAF6AF-2558-4F02-9DE1-A8FD66592172, sid-67BAF6AF-2558-4F02-9DE1-A8FD66592172"
1083445328,sid-BFF69000-9783-4308-A36F-30E2551737A1,"Fuzzy match, Exact match"
1084054501,sid-D0ACD2E8-BBA3-4550-B0CC-708C8C01F636,"check quote, EndMessageEvent"
1085228161,sid-880A4814-B686-4A23-9C14-9E448B50309E,"Insurance requirements response, Prepare contract"
1085228161,sid-CAB10690-CDFA-4010-8A5E-3D8C62F1B4EA,"Add contract to database, Start contract fulfilment"
1085228161,sid-305C6A5D-E881-4E52-93FF-760D5C0932D7,"Insurance specification assessment, Insurance requirements inquiry"
1085228161,sid-FF72B5E0-E020-4187-AA4C-02A7E329DE36,"Further risk analysis, Accept insurance"
1085228161,sid-6274D20D-2008-430B-9E35-070D33F44BBA,"Deny insurance and make statement, Accept insurance"
1085764830,sid-05BCD451-A26C-4BCE-A1D6-085DE34B32AD,"A, B"
1086277850,Approved?,"Check Availability & Rentability, Found Land"
1086277850,Required price >= Found Price?,"Check Availability & Rentability, Reevaluate Conditions"
1086277850,Space available?,"Found Land, Create Contract Form"
1086397280,sid-93A32C4D-7F62-4F72-913C-4F67F018919D,"Select Start Date, Select Start Time"
1086397280,sid-183BDE70-0B5A-4460-847B-7775EBF7EA69,"Select Start Time, Time date created"
1086913116,sid-0786DC14-B9FB-47DF-8368-E38E86CF35AB,"O, W"
1088057928,sid-3DD0C860-C640-41A0-8E09-FAF602D9376E,"Process failed, EndNoneEvent"
1088057928,sid-A6C008A8-5544-41F1-BE4E-BB59C7D1E812,"Complete Invoices, Incomplete Invoices"
1088057928,sid-15219DDA-E452-4731-B54E-7BBD86A61407,"Admin Officers, Incomplete Invoices"
1088057928,sid-01148098-E171-4ECB-A06B-30DD457AB522,"Compliance, Incompliance"
1088057928,sid-CA593D89-EEED-4FE7-97CC-DE157EBB7FA5,"Send to clarify, Incompliance"
1088649082,sid-317FD59D-9549-48AB-AB01-D2CF1DEDA005,"A, "
1088649082,sid-487E8F40-4940-488B-BCAC-21EDCAA00B79,"D, C"
1088649082,sid-22E31C24-55F4-4F94-AF8E-9345B5127804,"G, Exclusive_Databased_Gateway"
1088753578,sid-6FAF7C0D-3282-4A89-A1B8-03FCC6E4C5AA,"Discuss with the manager advertising requirements, Received of all approvals"
1088905902,AO,"AR, AT"
1088905902,AP,"AQ, AO"
1088905902,AS,"AS, AT"
1088905902,AZ,"AR, BA"
1088905902,CX,"CX, DA"
1088905902,DB,"DC, N"
1088905902,DD,"DD, DE"
1088905902,sid-1FF3C3FF-D582-4B64-9F71-224A24B8B382,"H, F"
1089162674,sid-57E62953-D619-411B-B877-147AE54BFF23,"E, F"
1089162674,sid-0957378E-001E-4A5E-9A67-481EA29BC1AC,"B, "
1089311660,sid-713CD4EA-2FA1-46C8-BD53-46CAA81FD4BE,"Advertise through Agencies, Approval received"
1089311660,sid-BA425A21-D201-4271-934D-951AA18E4083,"Conduct two reference check, Conduct two reference check"
1089586639,sid-4A4A5B09-021C-4486-971C-A4849550AFB2,"Request for payment confirmation, cost centre details"
1090784261,sid-67B62912-8A31-4B1C-BF9C-FAE190F76494,"D, E"
1091555476,AK,"G, C"
1091555476,AL,"K, O"
1092338923,sid-4E7444F3-02DB-43DA-9DD3-C960A5C1341D,"J, I"
1092338923,sid-68743160-036E-4A9F-9F14-3E7FC541AF2E,"D, IntermediateMessageEventCatching"
1092544771,QUT Borrower?,"QUT Borrower?, Renew item"
1092544771,sid-D4AB4309-32D3-459F-A6EE-DA3F86D4D0C5,"Return loan item, Accrue penalty points"
1092544771,"Gold Card
holder?","Gold Card holder?, 21 days"
1092544771,sid-537388B3-FD89-4D98-A43E-18D932611A09,"Renew item, Receive indication of unsuccessful renewal"
1092544771,sid-43730F1D-3EDF-47D8-893E-4550EAF074C4,"Receive indication of unsuccessful renewal, Exclusive_Databased_Gateway"
1092544771,sid-1CD1C18D-6F15-4079-B474-7153416FEE59,"Receive indication of unsuccessful renewal, Check if item overdue more than 1 hour"
1092544771,sid-19DECADB-D748-43D9-BC21-8C1A0BC19206,"Receive indication of unsuccessful renewal, Check if item overdue more than 8 days"
1092544771,sid-9F9423CC-3EBB-4D84-8319-592FA540F898,"Receive indication of unsuccessful renewal, Check if item overdue more than 8 days"
1092544771,sid-DDECDE34-FFF9-4266-8FAA-0A52F4741CC0,"Renew item, Receive indication of unsuccessful renewal"
1092544771,sid-A9B10600-F328-4B51-BB2A-B4589A8D739A,"Renew item, Receive indication of unsuccessful renewal"
1092544771,sid-5026564B-B1AF-47FD-9172-765D9CB86238,"Resolution of borrowing privileges suspensions, Resolution of academic and financial penalties"
1092544771,sid-D1547EED-924B-43F9-B3E6-FAF03F032CC8,"Renew item, Receive indication of unsuccessful renewal"
1092544771,Gold Card holder?,"Check if total checked out item>40, Check if total checked out items >60"
1092976383,sid-21628C40-7C0D-4A9C-B5F0-7558C6120BAD,"Move goods to check site, Exclusive_Databased_Gateway"
1093257788,sid-93573512-5361-4599-944A-9B1B980D0AAA,"penalizace, Exclusive_Databased_Gateway"
1093257788,sid-FFCD5709-ADD1-4561-B13A-F1D93835102E,"Check progress, Consult"
1093285955,sid-6F9440FE-C882-4981-B9FA-220822264976,"Approve Purchase Order, Reject Purchase Order"
1093285955,sid-B3929A8D-71F8-4140-9C98-65F8E1096EF2,"Create Purchase Order, EndNoneEvent"
1093516446,"claim for
Understood
and Complete?","Request more information from customer, Confirm Reception to customer"
109361280,BB,"BC, BI"
109361280,BI,"BI, BB"
109361280,BL,"BL, BM"
109361280,BP,"BP, BL"
109361280,AT,"AT,"
1093784896,sid-AF4588B6-7A72-42C4-94F9-39BDCE0E300D,"L, J"
1094353839,sid-30C2A4F6-0C3F-4466-96AC-C96B7712C013,"T, W"
1094403468,sid-C197B68B-1BC1-463B-A3AD-7CCD14EE1DE1,"Advertise vacancy, Vacancy Identified"
1094677588,sid-1B52CEA7-12EE-4166-A1CD-E94A9AAB109D,"unmatched error, Tick invoice enter correctly"
1094820568,"Is it a
ranked
tournament?","Pay tournament fee, Play tournament rounds"
1094820568,"Is there enough
players for a ranked
tournament?","Is there enough players for a ranked tournament?, Input names into computer program"
1095550334,sid-DB6B229F-E23E-48C2-AC83-F6F54B6F05EC,"AF, AB"
1095550334,sid-9A087672-173C-4379-8515-1E8B1617C08F,"AG, AI"
1095550334,sid-A77A0F1F-0FFA-4679-BF00-1AEBE4DAA169,"G, C"
1095550334,sid-0EF6F00F-5DED-4F5A-B113-329120918670,"AH, C"
1095631487,sid-0F2411FC-6311-4A0C-8E51-04C4F0CBF78C,"Check oral opioid taking, Check oral opioid taking"
1095631487,sid-46D24C74-DFB6-46D7-93C2-666EB3C9D38B,"Check ability to swallow, check normal renal and liver function"
1095631487,sid-371FBEC8-7FE5-4F5A-9B8B-C9C285C6952D,"continue oral opioid, consider alternative opioid"
1095631487,sid-AFC9B18B-37AF-4A11-9B16-0526DA61DA85,"Give morphine 2 mg sc 4th hourly regular or PRN, convert oral immediate or slow release opioid dose to sc 4th hourly opioid equivalent"
1095631487,sid-7D213499-3F77-498F-A147-957E0A03BD15,"Consider other causes of distress and pain, Check pain persistence"
1095775657,sid-94A405F4-CDF1-44F4-B6E1-112B95CCEAA1,"E, V"
1095987898,sid-B9F68C6F-51E6-4416-91BB-E3A2C1DF28EA,"L, K"
1095987898,sid-86EEE65C-818A-4E8D-AF53-93AB18790786,"M, L"
1095987898,sid-6549C411-37EA-411E-A3DA-4E2F5B0180E6,"R, Q"
1095987898,BK,"BK, BL"
1095987898,BN,"BN, BO"
109625231,sid-A3C5814F-89BB-486E-81AB-1C6102CC22A6,"D, "
1096361500,Verified OK?,"Communicate with customer, Analyze the RFQ"
1096368809,sid-C1B1EE50-E681-4C13-B2A4-C8BF8442ED7C,"Data Entry Error, Change Status of Invoice to 'Validated'"
1096535791,sid-69A2E390-060B-4312-A471-DBE79ECB3114,"Docs not available, Docs available"
1096535791,sid-0D169DCF-84C8-4BE1-8DAA-FBCF17615C55,"Receipts not Valid, Receipts Valid"
1096535791,sid-D2A64C1F-D7D8-44AB-8D47-343FC269C92E,"cancle, Fill in documents"
1096535791,sid-C2925F1D-29DB-40E0-B4BA-382113B1CAF6,"Approve and sign the documents, Not Approve"
1096658776,sid-626429EB-581F-4450-8FAF-A11B254C541C,"Check study plan, End of process"
1096658776,sid-4ACD1E69-26D6-40B8-9E48-A03E8D469794,"check the study plan, sid-4ACD1E69-26D6-40B8-9E48-A03E8D469794"
1096658776,sid-98D567EC-BA60-486C-B9CE-B6ACFBE54EFF,"Check study plan, Study approved"
1096658776,sid-C11459D1-A6B5-44FD-A5C7-E21581532624,"The plan is not ok, The plan is ok"
1096658776,sid-F23134A7-343F-41BA-B531-37E0C8A8E3BF,"Approved, Not approved"
1096658776,sid-DCD8C9D6-7E30-4F12-812F-E316F9D0528E,"give up, Try to make another one"
1097564213,sid-0128E161-D910-4DF0-877A-B0FAB4056B8E,"Select a flight to book, No suitable flight"
1097586915,sid-62E34A2B-6151-460B-A28D-4AD2C0A9F82C,"Register Post Seminar Results, Create Purchase Request"
1097586915,sid-043C57FF-9772-49B3-A0F6-CEF172EC1A53,"Approval Notification, Notify Rejection"
1098216787,sid-481D87B8-85FF-46C3-BFA2-E3989ED539A8,"sid-481D87B8-85FF-46C3-BFA2-E3989ED539A8, InclusiveGateway"
1098216787,sid-991FF0C8-6F67-4299-B597-DFDC92920454,"Waiver Approved Message Sent, Waiver Rejected Message Sent"
1098216787,sid-2DAAC418-A682-48C2-9010-85F05F62965E,"Unsuccessful Enrolment, Successful Enrolment"
1098524450,sid-58A299C1-7A98-4E69-ADD6-EEDD481FB3B2,"Hotel and bus booking, manual booking"
1098524450,sid-8F6B0C92-2AFC-4CEE-8357-D6980961E82D,"unavailability message, attraction booking"
1099184284,sid-BAF90453-D0F8-43B3-B020-85FF871166C6,"Mark as 'Entered Correctly', Check entered invoice details in SAP to the invoice"
1099506599,sid-87AE3580-95D2-44BB-BFDE-D1CAEB19856C,"sid-87AE3580-95D2-44BB-BFDE-D1CAEB19856C, Exclusive_Databased_Gateway"
1099506599,sid-8998334E-07D6-4CB6-B804-814EB04FD3D8,"D, A"
1099506599,sid-E205802F-0769-4595-A2CC-667456F908D7,"E, U"
1099695736,sid-6828B9BF-EA13-4788-B656-B97496874678,"I, F"
1100867592,sid-F7FFE3F9-6813-4041-BCFA-4FDF56E55D62,"Reject order, Check stock availability"
1101789596,A query from a trusted or non-trusted partner?,"Authorizing based on the access control policy, Specifying a level of visibility"
1102625162,sid-963DB7C2-E497-45C3-B324-CAEB3BBF2806,"P, D"
110321565,"CUMPLE
REQUISITOS?","CUMPLE REQUISITOS?, OFRECER DETALLES DE LA CLINICA AL PACIENTE"
110321565,DISPONIBLES?,"ACTIVAR PETICION, VERIFICAR SERVICIOS DISPONIBLES"
1103827797,sid-802B3647-72CD-448C-AAFD-E0E21BCB0123,"Reserve, Backorder"
1103827797,sid-65951E38-33A4-4C11-B8A6-F303CDE1FB0A,"Exclusive_Databased_Gateway, ParallelGateway"
1103827797,sid-A529BBA2-6590-49CA-A21F-2AF22F443F26,"Rejected, Inform others"
1104163772,reply is decline?,"reply is decline?, wait for reply"
1104163772,missing documents?,"move case to administration, check for required documents"
1104498157,sid-917B0D00-F846-4518-949A-BCC26EF52EBD,"Y, Z"
1104498157,sid-1ECD0787-203A-49FD-BA32-2FFD4897C973,"sid-1ECD0787-203A-49FD-BA32-2FFD4897C973, AB"
1104498157,sid-C51CECB5-D448-4B65-BC18-5B01EE64960B,"AD, AE"
1104498157,sid-C0A49415-17AF-4364-B59B-D6A56D4F6E1D,"AG, AI"
1104707653,"RFQ 
meets
guidelines?","Send to Customer, Produce labor and material cost estimate"
1104756682,sid-40F0559B-3ADF-4040-9234-15FCD9530E8F,"AA, AC"
1104756682,sid-0744A4E4-07DD-44CC-82E9-0077D9890D56,"AB, AE"
1104756682,sid-0AAAB228-465B-411A-B173-437736B1D4A9,"AE, AF"
1104756682,sid-502AAAE8-5DFD-4873-9284-C32E00D31867,"AM, AL"
1104756682,sid-AD3CDD8F-5025-4606-978A-0BCBA12E776E,"AQ, AP"
1104997461,sid-271AC62F-846E-46C1-B893-2A20D8FF7407,"Check, Send documents back"
1104997461,sid-412E761B-3421-4293-A803-615A69C150A4,"Assess by committee, Check"
1105197687,sid-8FDB3A1D-AB5D-439D-B454-1DB0C029092F,"U, T"
1105452378,sid-7185920B-4F29-4D36-A8E9-02EA4DA1DFDB,"find available rooms for all the courses, put both the time constraints and information together"
1105452378,sid-C7A46E8C-0BCE-4B60-81D5-3577CC1DBDF1,"have a look at his answer, EndNoneEvent"
1105572407,sid-92447C92-2C3F-4732-88AF-6EC74D5D0C88,"K, EndNoneEvent"
1105572407,sid-0694763D-CC79-40DD-9633-8CB7BCA6AFAE,"L, K"
1105913794,sid-963C87CB-5FBB-48FA-92F1-4D3A1BDB16EE,"book hotel, check availability hotel"
1105913794,sid-F17B96DD-6DB3-44A8-BE89-A870367DB5AB,"book bus, Exclusive_Databased_Gateway"
1105913794,sid-29533B83-857C-4750-AA27-832E127A8713,"cancel booking bus, check booking bus"
1105913794,sid-9286DC4B-8452-4D3F-A3E9-0A1840831211,"cancel booking hotel, book attraction"
1105913794,sid-B15CC4CE-134F-43FE-B2F2-C28A36C388B3,"booking confirmed, booking failed"
1105925506,All Information Available?,"Review the Claim, Communicate with customer"
1105925506,Amount > $2000,"Evaluate the Claim, Evaluate the Claim"
1105925506,Claim Accepted?,"Send Payment, Send Rejection letter with explanation"
1105996679,TIENE CUENTA,"TIENE CUENTA, CREAR CUENTA"
1105996679,sid-0B061EC2-4792-434D-988A-4BA66F0AFCA6,"RECHAZO, APROBACION AUTOMATICA"
1106027499,sid-BB799A20-8F26-4FA1-8A00-A2EE984DE0A1,"O, N"
1106539751,sid-B69B82C3-D7FD-49A7-8D07-28E526707CF2,"Exclusive_Databased_Gateway, Exclusive_Databased_Gateway"
1106539751,sid-C30EEE3F-00BD-460B-96B5-BA64B0CFADC2,"Get more information, Forward the data message to operational officer"
1106559981,sid-9240000D-79F1-480E-B7E0-63B63287D105,"generate payment details, select payment method"
1106559981,sid-414782AB-6BED-45CF-805C-5D04490E203C,"decrease internal credit, Inform customer about low credit"
1108335726,sid-3E7178F3-128F-4A53-87F2-02ACCB84BAA6,"Check Required Payment Date, Exclusive Databased Gateway"
1108521628,sid-0884E6A7-5FFC-4775-8563-C242E6BC13E0,"L, K"
1108521628,sid-1FD1D9D5-21BB-4531-91C0-E8502B9C6FAC,"O, N"
1109031845,sid-6A6BDC54-B387-4A56-BC10-AA3D2F34F49A,"have a look at the educational offer, student makes the study plan on his own"
1109031845,sid-CCE43CB0-BDA3-432A-8C88-E32637EECC45,"check the course prerequisites, check enrollment status"
1109347074,sid-94BBF1A1-56B4-4E30-9966-FFB5BA2ECF0E,"Learning availability, Task"
1109347074,sid-AAE69661-A480-4D92-8D81-BC0F936CD769,"Learning availability, Task"
1109347074,sid-049A427A-3C6D-4A7E-9F09-97D48FCE5ED4,"Reservation request, Finding of space"
1109347074,sid-E2EB3B5E-F361-418F-94F0-68C95EA859F2,"Reservation request, Finding of space"
1109649593,sid-BBFCA315-FC99-4508-9C82-6DDE0926EDA1,"Proceed to Electricity and Gas Connection, Complete Entry"
1109649593,sid-8CB3EBF8-6A07-4C81-9B1B-6C55E17C0903,"Proceed to Teleco Connection Page, "
1109802728,sid-7EA354FE-A35A-4784-A336-96A8CF2129EB,"G, F"
1109802728,sid-2281AE60-B343-41FF-A841-D72794942280,"K, sid-2281AE60-B343-41FF-A841-D72794942280"
110999048,sid-62C10936-36D3-4FBF-A809-551542F4AA7A,"AH, AI"
110999048,sid-91D27085-423E-481E-B8D9-32827E6CE057,"AK, AL"
110999048,sid-EF36C909-F0CF-429B-912B-6E9A5683A250,"AN, AO"
110999048,sid-038308FB-9166-4813-B55F-04B173C535B4,"sid-038308FB-9166-4813-B55F-04B173C535B4, AS"
110999048,sid-76318816-EC10-4FDE-A367-19970E9FD75B,"AP, AQ"
110999048,sid-7ACAF673-3E4B-456E-8FF9-A3D8E713A97E,"AU, AV"
110999048,sid-DCE2A96F-0322-4636-A29A-1DAE5827CB78,"D, AV"
110999048,sid-CDDEE185-D81E-464B-8DD8-0420486FD065,"AX, AW"
110999048,sid-C77139FE-A0B1-4D17-85C4-F910D7094FD8,"BA, BB"
110999048,sid-484205D2-6FC0-49FA-94AD-67439DBD5E02,"E, D"
110999048,sid-DA9ADD7D-09BA-4A09-B016-9236CD3BE85B,"J, Exclusive_Databased_Gateway"
110999048,sid-51CD983C-5FA3-4C6D-BDA7-7FAAAA0E45FA,"F, Exclusive_Databased_Gateway"
1110362127,sid-FB613C47-970E-41E3-A865-7F21A5F1925B,"Compute discount, Reject application"
111061369,Membership?,"Stamping ""new member"" and date, Negative answer"
111061369,correct?,"Phonecall, Adding of mailnumber and date"
1110790446,sid-25A91B0F-DCA2-4692-9B75-73A8F5C3F04A,"Check custom, Actor comes to the dressing room"
1111104943,Is device really broken?,"Do we need external repairer for this reparation?, Repair request"
1111104943,Do we need external repairer for this reparation?,"Do we need external repairer for this reparation?, Is device really broken?"
1111317384,sid-70C30DAD-D56B-4DF9-BD11-88DE3FD3F87A,"V, W"
1111460724,sid-F6F25D4F-13B2-4476-8581-FF7888CE3E81,"Exclusive_Databased_Gateway, Association_Undirected"
1111474760,sid-F632640E-5104-400F-9142-6B36EF57A167,"H, T"
1111474760,sid-23B84AD0-FCF2-4840-AC02-6053BA6C2689,"K, C"
1111474760,sid-98C16856-1603-4A34-932D-1B8A94D5374B,"O, P"
1112255287,sid-CDB10C53-C947-4C72-B65D-AE79E57CF7FC,"solve problems, prepare billing"
1112255287,sid-C933A305-E031-4480-953A-63AA66ADB569,"notification, prepare installation"
1112305737,sid-B985735A-D27E-43F3-8D35-F245BF6BE845,"Advise of ineligibility, Provide stamp of eligibility"
1112919494,sid-102C34D0-E54C-49E2-A0C5-C79B36F22A4A,"Graduate from Bachelor (min 2.7 and min 30 points in major IS), Complete min 80% of the points in Bachelor and min GPA 2.7"
1112919494,sid-8A641A62-0CA2-456D-B735-A615E8C17F11,"Send bachelor diploma, EndNoneEvent"
1112919494,sid-7C83E817-80DA-4700-90B2-EC57EAFD316C,"Invite to the aptitude test, Keep in the pool of applicants"
1112919494,sid-9A290FE2-8214-4E44-BA19-22698DD6555E,"Conduct the test themselves, Hire external organization to conduct the test"
1112919494,sid-C37D2932-5D42-4258-B616-AED8ADE48691,"Admit, Reject"
1113319060,new records?,"register all accounts and customers, check CRM System"
1113421255,sid-1D31297E-9143-4885-BBDE-5F3CC15700BC,"Pay Fee for excess baggage, Cancel excess processing"
1113421255,sid-63169FA3-CE21-4F2F-81B8-F903BE9CA11A,"Commence bag weighing, Exclusive_Databased_Gateway"
1113759020,sid-BD14F8D1-4EAC-4112-821A-393B3EA3534E,"B, C"
1113979984,sid-0B5DD6B8-D5B2-4808-918A-456F0F637722,"Create new contract proposal, Check and improve current contract proposal"
1114007987,sid-7F19EC57-1C20-455A-91D8-13B9A33CF8ED,"C, D"
111468563,sid-97AB3F35-CC1D-41C6-8E02-4B60DF038E12,"sid-97AB3F35-CC1D-41C6-8E02-4B60DF038E12, Y"
111468563,sid-6E59E6C7-FFA8-4441-8ADA-8F320CD2C792,"F, D"
111468563,sid-B78AB5D9-4AF9-4F0A-8F1D-90E402055FAF,"Z, Y"
111468563,sid-4A7BC2F8-3311-4327-9FB0-5DC96D694F83,"AD, "
111468563,sid-E41B4DDA-2E00-4193-B319-1285C7B80688,"AE, AB"
111468563,sid-E44C2DC4-8EE9-482A-B622-588BA95C0A8E,"AF, "
111468563,sid-9965F4C4-1E77-4B8B-8E72-3CEF4738789C,"AG, AH"
111468563,sid-33245C4F-3AE5-40B0-87D6-277E7F6AEF6D,"W, Q"
111515760,sid-ADF44AF5-F86F-4BE9-A2DA-8E2AB450A449,"No predecessor found, No successor found"
1115354099,sid-50C3B70C-D6C4-4F65-8E1C-F64C3820B88D,"E, G"
1115559729,sid-7F02CF37-8ABF-40B3-88C6-3F9F31DFE580,"Communicate the resolution to client, Evaluate the request by L2 staff"
1115559729,sid-9F768CA5-8025-40C1-851D-430BBBE065DE,"Send task back to L2 staff, Check if client happy"
1115702965,sid-39262A7E-E8C2-4B63-8811-865F927252E8,"Reject home loan, Check liability"
1115702965,sid-A08027DC-2FEE-4C97-B65C-97BE44258FEF,"Reject home loan, Check debts"
1115841962,sid-F9FF6677-A401-4C66-B958-1A085A6F7888,"AL, AM"
1115841962,sid-3B06475F-0AD2-4FD3-BFA0-941301996BB7,"AP, AQ"
1115841962,sid-0FD63AE6-BB68-4519-A744-AF9401C60559,"N, O"
1115841962,sid-DB53B549-0462-41DB-B651-E00AD89172F8,"U, T"
1116072202,sid-5F5669C0-40CD-4E75-9744-A44812A6C592,"J, Exclusive_Databased_Gateway"
1116072202,sid-78DC17E5-9599-4E42-BACC-49CFD805B0B1,"sid-78DC17E5-9599-4E42-BACC-49CFD805B0B1, ParallelGateway"
1116997047,"Check # of
 applicants","Advertise position, Check relationship of applicants and SC and ER"
1116997047,"Any personal
 relationship 
between SC/ER 
members and
 applicants?","Check relationship of applicants and SC and ER, Any personal relationship between SC/ER members and applicants?"
1116997047,"Faculty 
Board 
approved +
 SC selected?","Evaluate report, SC selected"
1116997047,"Board of
 Trustees
 approved?","Advertise position, Board of Trustees approved?"
1116997047,"Faculty Board 
approved?","Faculty Board approved?, Document evaluation"
1116997047,"The President 
approved?","Evaluate report, Document evaluation"
1116997047,"The President
 and AS 
approved?","The President, Inform the Senator of Education in Berlin"
1116997047,EPK approved?,"EPK approved?, Evaluate report"
1116997047,HR approved?,"HR approved?, Document evaluation"
1116997047,AS approved?,"AS approved?, Document evaluation"
1117092573,sid-DD6AA4F3-8095-4E59-8142-5090D46C9D82,"Answer Question, Drop question"
1117579118,sid-C3FC0580-D829-42E7-BCC2-1C6029AAFA4C,"F, Exclusive_Databased_Gateway"
1117579118,sid-FC11F8F0-D8D4-49BE-86A2-BB0F893CBEF5,"I, G"
1117579118,sid-68570238-A1E1-4821-AF82-AB37CBD8D063,"K, J"
1117596715,sid-8D10A9AF-8BE1-410B-9AA8-E5CCA268296C,"C, D"
1117723106,sid-C35E4B0E-0695-47BE-B816-210F4E448D2E,"Retrieve part from local inventory, Record customer details"
1117913916,sid-BFE77EAE-75B4-4647-A974-923234C86D7F,"Do penalties have to be paid, Notify customer"
1117913916,sid-C2CD04EF-E566-4715-8477-38468DA727FE,"Cancel order, Continue work"
1117964393,"Material, ok?","Store the Materials in Correct Location, Reported"
1118110797,"financier is the
 employer? ","send the dossier to direction to get approved, make mission order without expenses (MOWE)"
1118110797,OK?,"OK?, TL2: choose financial contract"
1118292394,sid-9DA6AC38-A8DB-4879-A4A3-62AEC462A998,"H, F"
1118393223,sid-ADEF90D1-A831-4A1D-B5D8-70F141D8903A,"J, L"
1118794492,AF,"AF, R"
1118940976,sid-FEF92810-33F4-4EBE-8339-8E60A2B7513F,"N, Exclusive_Databased_Gateway"
1118940976,sid-65E1FD19-7D58-4F72-AEFE-9452BD9DE5EF,"O, N"
1118966470,CU,"CU, CV"
1118966470,BQ,"BQ, AX"
1118966470,BS,"BS, BV"
1118966470,BH,"BE, BD"
1119224258,sid-A3A9F232-2385-4D25-87D9-02B3B84E33CD,"Deliver CR to Requester, Email PDF of CR to Requester"
1119846484,sid-0F7A0E76-C1D6-4CC8-B739-A71B1A2BAF2B,"P, Q"
1119846484,sid-75B13BF1-5B12-4A2F-A897-86B575A44ADE,"B, C"
1119904142,sid-3AE28EDE-3C93-4EE4-A086-C1D4A5E3C8E6,"sid-3AE28EDE-3C93-4EE4-A086-C1D4A5E3C8E6, EndNoneEvent"
1119904142,sid-BEC30A90-BCF1-4456-A12C-40F01E847220,"Entered into System, "
1120372590,sid-2170FDD2-9232-4669-8A10-1DFD7D53A24E,"G, Exclusive_Databased_Gateway"
1120372590,sid-DD3DABA0-6E6D-42FA-8650-8125F729EDAB,"sid-DD3DABA0-6E6D-42FA-8650-8125F729EDAB, H"
1120372590,sid-447D9E72-060F-417A-8942-56CE693F066C,"I, H"
1120372590,sid-319C20F2-E151-4B64-ADDB-846A1E6705B8,"sid-319C20F2-E151-4B64-ADDB-846A1E6705B8, J"
1120372590,sid-68424141-7513-4E11-A623-062975B623F2,"F, Exclusive_Databased_Gateway"
1120372590,sid-AB20F9CA-BA88-4583-BA8C-1E43F485FE6D,"D, "
1120372590,sid-F7CC0D4C-1BB8-49DC-8B30-217260442EAF,"Exclusive Databased Gateway, Task"
1120372590,sid-72386750-1CB7-4FF7-A84B-210E21B9ED8B,"E, F"
1120490975,sid-308A2C5E-9E29-4BCC-9DF9-D2FA82B781AC,"Create Purchase Order, EndNoneEvent"
1120490975,sid-7442FC84-05D1-4C62-A25A-592F0B5F79E8,"Reserve Funds, Rework Purchase Order"
1120508778,sid-A994EF8D-1708-4DD6-BDE6-C9B4EBA63823,"Make a payment, Send message with unexpected goods"
1120508778,sid-8F01EBDD-0D0F-41F3-9C70-E862F9E576C1,"Process unconfirmed order, Check received order"
1120508778,sid-3EDEE38D-B4A4-4BAF-A5D0-30CB143C4B7A,"Fill in missing data, Send order"
1120508778,sid-96821FD8-0773-4CFC-9DCB-696A61609FFF,"Process unconfirmed order, Fulfil the order"
1120589054,Parts missing?,"Parts missing?, Purchase missing parts and put on stock"
1120589054,"Production
process
finished?","Fill product into a packaging, Perform follow-up production"
1121239610,sid-230A48CB-AFB3-4398-95DF-DFC48082DA04,"Returning the detailed info to the client, Receiving the full queries from the DS"
1121661892,sid-71699505-5474-4A94-BCC9-353D0A17C121,"I, J"
1121661892,sid-772731D0-EE6C-4C1B-A8A8-2AF5301F635E,"AI, AG"
1121661892,sid-C8CB38BA-3437-40C8-A9BE-69E7372F106A,"L, D"
1121661892,sid-395727FE-4246-40D1-A5E4-AD44A479746E,"D, E"
1121784515,sid-1DBFED44-FD8E-4DF9-A47E-A4BFAAD4175E,"Organise with HR for test, Determine whether psychometric test is required"
1121784515,sid-5A5B01C1-2A4B-472C-A6A8-94E9CF453C72,"Make Selection, Conduct round 4 Interviews"
1121942027,sid-9576B66B-7EC2-4E96-B039-52CEE5DD08CA,"D, E"
1123009835,sid-E9C8BB3A-D088-47D7-BCF5-95CB1F003A91,"sid-E9C8BB3A-D088-47D7-BCF5-95CB1F003A91, sid-E9C8BB3A-D088-47D7-BCF5-95CB1F003A91"
1123009835,sid-02B80C90-1039-4EF7-B6E5-6B99B364CEA2,"sid-02B80C90-1039-4EF7-B6E5-6B99B364CEA2, S"
1123382600,sid-8677C6DB-96AD-42CD-BF3D-D424A45DD23B,"D, E"
1123630186,sid-16259227-2BA8-441F-9771-47D8CC157C35,"G, G"
1123630186,sid-697DE592-002D-4306-B582-E3B4FF552693,"AB, S"
1123658546,sid-0FF86569-4E0F-4188-9C7A-8298D3291DB5,"G, J"
1123658546,sid-E5EC8FD9-95A8-4E13-AAB9-09B5930B7F41,"P, R"
1123658546,sid-3F117C25-FD01-4457-ADD1-D0F026D318DA,"ParallelGateway, Task"
1124362484,sid-C41EA35E-BF29-47E9-AA1C-DDC93EC72297,"P, S"
1124362484,sid-72E6A0B0-2A23-456C-B8C2-622F432C4C7F,"AD, M"
1125879710,sid-D88758C0-C009-43B2-818E-D71F608A4FAB,"Based on the provided gateway information, the output is: Successor 1, Successor 2"
1125879710,sid-9672CB70-93A4-4A89-86C3-6764BC8BB7CA,"Grant Access to Requested Service, "
1125939058,sid-D9DFE265-536F-47F8-A7B8-F6684E8A27A9,"Provide reject information to requestor, Identify and save countertrading(if any)"
1127370903,sid-6E58060C-427F-4D87-82AF-96C138513F36,"Sort invoice by vendor, Sort invoice by amount"
1127886187,sid-74DE419C-D9FE-4F33-8E73-559C69754871,"G, H"
1127886187,sid-61C7DBEA-5343-4705-ABD3-0873A197C2AE,"sid-61C7DBEA-5343-4705-ABD3-0873A197C2AE, "
1127922347,sid-F41D42AD-7851-4995-AFAB-1C8A9706AC51,"Invoice processed, Check invoice clarification"
1127922347,sid-91AB3BF8-A8A7-41EB-A553-706ACB91A528,"Inform invoice received, Check reminders number"
1127922347,sid-D24822D1-9B51-4569-AAA3-899E6E477187,"Increment reminder number by one, Check reminders number"
1127922347,sid-0B9B9ABF-5B9A-4494-8DB9-7625DC67957E,"Invoice Posted, Clarify invoice with client"
1127922347,sid-1D7F4E4F-AD3D-4BE3-8F51-6A0187D1ED3F,"Follow up on phone, Decide disregard invoice"
1127974647,sid-A6214AD1-D70C-429C-B787-F334A6BF857C,"O, J"
1128235269,sid-C30B2A78-7528-4290-8B8D-DE8687FF8EAE,"book bus, check availability bus"
1128235269,sid-C7E83847-74FF-4121-BA97-42D17D22B4E3,"book hotel, check availability hotel"
1128261187,sid-BFAF18D7-166E-41AB-98C8-B38B1A408FF1,"sid-BFAF18D7-166E-41AB-98C8-B38B1A408FF1, sid-BFAF18D7-166E-41AB-98C8-B38B1A408FF1"
1128261187,sid-E0361EA1-71DE-42F7-B1F6-6E5C89C2A0FA,"L, M"
1128309889,sid-1E75760B-B4C5-4DC9-8CC2-4D9FE36F22F3,"Reject error, Fix error"
1128365841,sid-A98EB298-0011-4522-BB53-82A145CEC53E,"Decide for type of treatment, Received Exam's result"
1128365841,sid-8596AC28-0C44-4251-BCF2-318E16CE435C,"Repeat Exams, Further Exams"
1128365841,sid-97C5BD9D-C792-4472-AA14-0562215156E6,"Refer to Admission for Visit to Specialist, Refer to appropriate Test Dept"
1128365841,sid-59BEDCDB-695F-46F3-B904-32773198375B,"Decide for type of treatment, Received Exam's result"
1128365841,sid-93499EC2-730B-4440-B0C0-F9026C7DEED0,"Repeat Exams, Further Exams"
1128365841,sid-68F16C21-2331-43E3-90AD-8F1E2C114B62,"Refer to Admission for getting Ward Admission, Refer to appropriate Test Dept"
1128365841,sid-3371E39F-2C03-41C7-99A8-1EAC7787751C,"Allocate Proper Bed, Refer to Release Department"
1128365841,sid-E980A649-2A12-4E33-A0D2-0F6936827735,"Update Patient Card with Release Request, Update Patient Card with Continue Treatment"
1128365841,sid-C1123E65-2F47-4D36-9DE5-284571B8C11D,"Received Exam's Result, Received Necessary Medicine"
1128365841,sid-684F6F4B-D9D1-4278-BB70-0E810E18F5C7,"Send the Expert Technician, Wait for Patient"
1130001432,sid-FC882F95-9813-4D2D-9058-F8260E085B91,"D, "
1130001432,sid-905E0842-7728-40C0-8CD9-589EF25AE353,"B, H"
1130866692,accepted?,"remaining time + 1 month, accepted?"
1130866692,payment correct?,"payment, notification"
1130866692,really death?,"really death?, check death"
1131152056,sid-D4627BE0-0806-40D4-8178-53C5C1C60AFA,"D, "
1131428622,sid-5A6363BC-8480-494F-A3FA-8CAF82EBF9F0,"Notify applicant to resubmit application, Check applications"
1131428622,sid-B5E3B5D6-C284-4CEB-B8A4-631D704F6612,"Check applications, Retrieve applicant's details"
1131600497,sid-19C69756-3B93-43C7-A6A4-C834612EE77A,"Login correct, Login incorrect"
1132126751,sid-9DE4A56F-9D47-4CD5-9403-BA825C85A4AD,"reimburse payment, review approval"
1132126751,sid-790DF4CA-2D39-434B-A2D4-E9AB0C718653,"reimbursement NOK, reimburse payement"
1132952375,sid-5C9759EE-3044-44C3-BF0E-4BA18663A10D,"E, W"
1132952375,sid-4DEA8125-4FBD-4091-B777-2FA14BD6C3CC,"L, D"
1133061948,sid-D537CF9E-CB8A-4188-80DE-1CA903F38436,"Return application back to applicant, Check application form completeness"
1133061948,sid-79AFF435-717A-4C1E-87FA-D002372D2251,"Reject application, Prepare acceptance pack"
1133061948,sid-B5A27A5A-671A-4D2B-9A75-33400841CC86,"Cancel application, Approve application"
1133610130,sid-FE6D24E0-417E-434A-AAB9-4B61E890459A,"Rework Purchase Order, Reserve Funds"
1133610130,sid-71E5E282-FF5C-4C1D-B521-B1647A4E8D91,"Create Purchase Order, End Process"
1133711620,sid-7A2B0878-E16F-4A21-9F90-ED071F31BBE0,"AD, AH"
1133711620,sid-80D86C88-A9F1-407D-9115-4793200B5ABA,"Z, U"
1133751658,sid-98BFD981-B74A-47FC-A7C8-ED88C56C49CC,"E, D"
1133751658,sid-49A41658-6E8D-4DE5-8E20-132F6A8165A4,"T, O"
113395937,sid-E8812181-2C7B-4403-B33F-C61DB14A8DF1,"manual handling, check request"
113395937,sid-55077FC6-F0F4-4ADE-A3A6-56225BB7A550,"manual handling, confirmation sent"
113410036,sid-8E09163F-B2E0-4725-9A01-69A121DCE271,"Check availability in service station warehouse, Initiate Shipment"
1134214781,sid-BC5CA4DA-9557-402C-81A7-8EADD08F2566,"Inform rejected candidates, Choose best candidate"
1134214781,sid-E5F0CD7E-D0D5-44D2-A75D-0FA7BFDE7ECE,"Arrange meetings with candidates, Inform rejected applicants"
1134338388,loan value > 1000$,"loan value > 1000$, review loan paper"
1134969616,sid-E9D57633-B400-41E0-BBE0-8D27E88CD34F,"choose customer data, check kind of customer"
1134969616,sid-BB457292-AAC9-47F3-B50E-D15EADF2A625,"enter customer data into system, check kind of customer"
1134969616,sid-CF32F74E-64BE-408D-9778-3A5859918662,"offer prepayment, check solvency of customer"
1134969616,sid-E20037FA-56AA-45B8-82E0-03093F9F208A,"sid-E20037FA-56AA-45B8-82E0-03093F9F208A, sid-E20037FA-56AA-45B8-82E0-03093F9F208A"
1134969616,sid-A904CADC-8CB1-48E2-8670-091D7F29890C,"production, Exclusive_Databased_Gateway"
1134969616,sid-9D1D01BF-81DD-44F7-831E-85A348827518,"check payment agreement, sid-9D1D01BF-81DD-44F7-831E-85A348827518"
1134969616,sid-D61C0515-EA24-4AFD-8B5F-C6F76C84513D,"check delivery status, monitor"
1134969616,sid-A0FA60CB-CE36-4028-977C-F8AB80FB9FA9,"send reminder, involve lawyer"
1134969616,sid-E5DFAA13-89CE-4612-BEF2-9DC040090FDB,"deliver goods, check delivery status"
1135210945,sid-4E723F16-C2F8-4CB0-8909-E555140CF05C,"L, M"
113521739,sid-469D0B60-A286-44D9-B0A9-57D1562B2635,"B, C"
113521739,sid-3018B446-1406-47D6-957A-A7CD35B684EF,"I, C"
113521739,sid-90CF8BE0-6A60-474A-B9CE-D73AADDEEE3F,"D, G"
1135693645,sid-25A80078-7738-4D5B-81DE-664785D2C11C,"Shoot,"
1135693645,sid-35286D32-6898-4DD7-9D12-D4B73D734556,"Shoot, Report to commandment"
1135693645,sid-F2B814A2-2622-4A5A-BF8E-B09EA986A928,"Shoot, "
1135816992,Reconfigure?,"Choosing the bike configuration, Proceed to offer?"
1135816992,Proceed to offer?,"Proceed to offer?, Reconfigure?"
1135816992,Update or Cancle,"Update or Cancel, Payment Method is?"
1135816992,Payment Method is?,"Customer wants to Cancle, Update or Cancle"
1135816992,Has bikes for test ride?,"Has bikes for test ride?, Check available bikes"
1135816992,Continue negotiation?,"Continue negotiation?, Prepare proposal"
1135816992,Was customer hesitant?,"Customer yes, Customer no"
1135816992,"Return according to 
Payments Condition","Assemble Bike, Assemble Bike"
1135819689,sid-1C8133CB-E2C6-4EF3-AC62-6693EDB880EB,"B, A"
1135923410,sid-A404BD92-639A-485C-A6C0-37BB36273F97,"Sign On, Login"
1136056970,c1,"Print ""T2"", Print ""T3"""
1136056970,c2,"Print ""T1"", Print ""T4"""
1136109760,sid-80CFB8A4-C812-4678-893C-0CEC5E5A0C90,"Claim not valid., Estimate the cost of claim."
1136643654,sid-2D4099FD-07F3-4D2D-8EE1-670EE362D23F,"K, L"
1136692169,sid-7BBBFA85-6059-4821-8E7C-F3ACF5DCC5CB,"AK, AJ"
1136692169,sid-BB53D386-4B04-4658-89F8-F59193B24E48,"H, G"
1136692169,sid-29DA512B-1AE6-484B-8ABE-CE23CB485A0E,"B, AI"
1136852889,sid-EFF31166-CA3E-4D22-8747-CD4D34F32AA5,"Get Money (C), Customer Chooses Movie (A)"
1136852889,sid-8D6A6A9C-D261-4FA6-84C9-ABFEDD76C511,"Get Money (C), Cancel order (E)"
1136852889,sid-ED86C816-3AE5-434A-9606-B8617F0F76CB,"Assign customer seats (B), Customer Chooses Movie (A)"
1136852889,sid-7D455F33-9EF5-4C45-95B5-3BF57BC52117,"Cancel order, Give Ticket"
1137521333,sid-78EF28AB-8606-48DF-B41F-EB4281FA2437,"2 mins, Insert coins"
1138037676,sid-B01FA740-6DC5-46B0-831E-9A43EDD290CF,"E, EndNoneEvent"
1138319104,sid-62D4115B-4041-4CF5-AFD8-925B77974169,"Register, Free tour"
113842206,sid-3A26BCF9-1697-4B7B-933B-202678E3657A,"G,"
113842206,sid-329EE58F-1136-41AF-96BE-E5A44C8DFB67,"G, D"
113842206,sid-80EA6455-96D2-4BCF-983C-6D82044EA8E9,"O, M"
113842206,sid-60714EEA-75C2-4B37-ACB1-2130C06421B3,"R, S"
113885851,Delivery conflicts?,"Dismiss change request, Cancel?"
113885851,Cancel?,"Cancel Order, Product on sale?"
113885851,Product on sale?,"Product on sale?, Cancel?"
1139484048,sid-2F31B49D-5CC5-4456-B8AB-0C6B64340B8C,"Stock Shortage, check, process ends"
1139484048,sid-C9877E77-3836-4E0B-8D97-78A1D3ECAE33,"Check insurance, internal system error"
1139484048,sid-3F56ABDA-5A55-450B-908F-80F1D4F03972,"count and verify drugs, order drugs and notify customer"
1139484048,sid-84ACABD9-1022-401E-8219-218B29299223,"Seal in the bag, leave to pickup area"
1139484048,sid-04BE60CF-4101-40CC-A183-19BDD90E609B,"Call to a doctor, Call payor"
1139484048,sid-843D3507-E824-400F-BBFB-29F482FD7C0B,"Check insurance, Mark the script as invalid and send SMS to customer"
1139484048,sid-4A770CBE-8CA2-4AB7-A4A3-F35CF27FD890,"Stock Shortage, Resolve complicated error"
1139686115,sid-D3A32596-73A1-4F4D-BD9F-ADEED4D93F66,"F, D"
1139686115,sid-2C88E68A-33BB-4B09-8115-A5B454B295CF,"No predecessor, No successor"
1139686115,sid-167442D7-DEDD-4989-8AED-38E40349F6E8,"G, H"
1139686115,sid-D2677512-2734-4247-B8E8-35C844A5D87D,"I, EndNoneEvent"
1139884313,"Mortgage
offered?","Prepare mortgage documents, Inform customer of rejection"
114014453,sid-8EC81594-390D-40BE-AF77-2DB06BB32610,"Batch and allocate invoice, Fulfill invoice"
1140325200,Meets Guidelines?,"Produce L&M Cost Estimates, Communicate with the Customer"
1141112063,sid-38451D8D-9FF5-4DB9-B654-4746CC21B0A8,"B, C"
1141112063,sid-5DE5574F-F694-46E1-8268-2802FCF9CDD7,"G, I"
1141112063,sid-902F94FB-E0BD-4409-80D5-EC074163549F,"L, J"
1141112063,sid-BB242C74-4726-4A4C-8A75-64D364766280,"O, P"
11411378,sid-E31981CD-DB86-4A00-9891-68F1B4335C5E,"Hard stop notice, Pharmacy Information System"
11411378,sid-2A7C5F8F-10F4-4DF3-BC8B-C0A770079D85,"Pharmacy Information System, Insurance check"
11411378,sid-4469E67A-9945-4DB9-A5EC-2B59EB1187FA,"Count and verify putting medicines ready, Put the script in the sealed bag"
