Model ID,ID,Gateway Names
1851264721,sid-D988F415-A2C3-4767-A6A2-243EB259BA2B,"J, P"
1851264721,sid-DD0442AB-5AE0-460A-B721-53907895FD81,"I, ParallelGateway"
1851379198,sid-BEFC9034-30C6-455C-B851-9B712F4292E8,"sid-BEFC9034-30C6-455C-B851-9B712F4292E8, P"
1851385638,"Need More 
Customer
Information?","Request More Details, Forwards Claim"
1851385638,"Is the 
Claim
>$2000","Review Claim, Send Claim to Supervisor"
1851385638,"Is the Claim 
Accepted?","Send Rejection Letter and Explanation, Send Payment"
1851385638,"Is the Claim
Accepted?","Send Payment, Review Claim"
1851725690,Item in catalogue?,"Item in catalogue?, Check item availability"
1851725690,Item found?,"Item found?, Course Materials search"
1851725690,sid-5609B823-A57D-4CC2-A593-09F1D111DA18,"Place holding request, Select interstate campus holding request"
1851725690,Item on shelf?,"Checkout item, Item not on shelf"
1851725690,High demand item?,"High demand item?, Borrower exceed book limit?"
1851725690,Borrower exceed book limit?,"Borrower exceed book limit?, High demand item?"
1851725690,sid-495A95B0-D6BF-4387-8B22-593FB5C2B7B4,"Notify borrower, Reject loan claim"
1851725690,"Booking 8 days
 before due date?","Booking 8 days before due date?, Check booking availability"
1852331958,sid-E73E1F42-1B73-46AD-9FC6-6D46B127B605,"I, E"
1853480640,sid-ABEF4410-1CE8-45B1-9E08-C2770F35CB1C,"B, L"
1853814901,Rework needed?,"Rework needed?, Votes"
1853814901,Right to veto,"Approved?, Reporting schedule creation"
1853814901,Decided to rework?,"Decided to rework?, Approved?"
1853814901,Term is ok?,"Term is ok?, Another Gateway Name"
1854102235,sid-2FB03E5B-4DCF-4791-A820-155A6A97E49C,"C, H"
1854102235,sid-19FD8C55-8274-4E7E-A0E6-CE620BE196FF,"I, D"
185449801,sid-736420F2-FF2C-4012-BE7A-FF4BF43AC497,"SW, HW"
1854573021,All Information Available,"Review the Claim, Communicate with Customer"
1854573021,Claim Accepted,"Send Payment, Send rejection letter with explanation"
18546876,sid-639D5AF1-0903-4056-B86E-DF5C2BEF70C3,"sid-639D5AF1-0903-4056-B86E-DF5C2BEF70C3, sid-639D5AF1-0903-4056-B86E-DF5C2BEF70C3"
18546876,sid-E5C8ACCB-68DA-4423-BE31-15E2112E9D4F,"sid-E5C8ACCB-68DA-4423-BE31-15E2112E9D4F, sid-E5C8ACCB-68DA-4423-BE31-15E2112E9D4F"
18546876,sid-E2BB6391-B80A-48C8-88CF-5C97DC3EE017,"sid-E2BB6391-B80A-48C8-88CF-5C97DC3EE017, R"
1855087222,sid-1365F5BE-FF56-4AE0-BA90-730D1EE8A8E0,"Exclusive_Databased_Gateway, ParallelGateway"
1855087222,sid-37964EAC-8EE3-4317-B821-CAF896F9EEA4,"ParallelGateway, Exclusive_Databased_Gateway"
1855087222,sid-4F04DEA7-2C90-4B82-9C93-084999EBE8BA,"sid-4F04DEA7-2C90-4B82-9C93-084999EBE8BA, V"
1855226859,sid-394BE2DC-F4DD-445C-ACC9-71B65921C2CC,"sid-394BE2DC-F4DD-445C-ACC9-71B65921C2CC, sid-394BE2DC-F4DD-445C-ACC9-71B65921C2CC"
1855226859,sid-78667060-A36B-4BCB-BF9E-3F5E7BF9CB42,"Choose monster to activate, Exclusive_Databased_Gateway"
1855337101,sid-02CA7F9E-895D-4AF8-A0B0-E0EA8E62F04A,"not correct, correct"
1855337101,sid-08CF15EA-B80F-47CE-AD70-8CD292BA7937,"non-acceptance, acceptance"
1855839028,sid-194FFFB8-1412-47A0-AFDD-578FDEA968D1,"resolve and communicate to client, Evaluate and assign priority"
1855839028,sid-7DA035A1-2F18-4F42-9437-25B57AD2036F,"forward to lvl2, resolved"
1856161961,sid-45191D01-2869-483A-9A4F-ED076E6F5F73,"Request Order Form, Track Inventory"
185673263,"sucessfull
","successful, working on Storyboard"
185673263,"review necessary
","Marketing review, preparing final version"
185673263,"approved
","approved, appoval"
1857047803,sid-C1E0115A-152C-4B66-AB0D-22B058C54899,"D, I"
1857047803,sid-ECB8FAF5-AEFE-4734-98FB-E540C29943F8,"B, EndNoneEvent"
1857096750,sid-02ACC8DF-D3E1-473A-8744-0E2FF1961810,"Cancel application, Approve application"
1857115451,i>=0,"i>=0, i<0"
185751288,sid-3512E871-F576-49DC-999A-6DC830AC5174,"P, X"
1857693088,sid-86ABA7BF-775D-43E4-9F3F-A0AEB3039418,"Create Purchase Order, Receive Payment for Bike"
1857693088,sid-3B0A39EB-9861-4D67-831C-78F0A7184F15,"Run Request for Customer's Signature, Run Request for Customer's Pin Number"
1857693088,sid-F7F10271-A451-4604-A102-15C529B7C703,"Rework Purchase Order, Review Purchase Order"
1857800914,sid-0F278DBF-8153-4D3F-BF24-8AF00AA2A56B,"Analyze insurance agreement, Ask for rejection notification"
1857800914,sid-C2B3F05F-7BFA-4ABF-BBBB-43A3B1C064E0,"send out offer for emergency help, Do internal accounting"
1858420248,sid-8CE3037F-18EF-4954-BD6F-75E0A9A3E342,"C, E"
1858420248,sid-FD53C64A-8838-4ABF-B41E-AAB54EB9F2B8,"X, Z"
1858420248,sid-EF02C162-B1FB-40B8-AAF2-E52E06DB1043,"H, Q"
1858742769,product available?,"produce goods, ship goods"
1859900091,sid-60DC06F2-8934-47FB-943D-FA26F0193F9C,"Take PC Back, Authorize Repair"
1859900091,Fixed?,"Inform Bill of Problem, Test Whether Repair is Successful"
1860251784,sid-FD6CBE5D-1861-4E3F-880F-8C3F01772B03,"D, X"
1860251784,sid-B85E887F-3652-48CA-AA09-2CC518FB4189,"B, Y"
1860251784,sid-0923CD10-EAE3-4C33-88F4-1D6D1E96C304,"AB, AC"
1860251784,sid-C35CA1ED-5558-487D-A56C-7F8F4B099B26,"AG, AE"
1860251784,sid-CED5D5A0-E4BA-41B4-B5E5-233CEE99298B,"H, G"
1860251784,sid-7A8FAAB6-661C-4495-ABB3-76C119EE89FE,"M, L"
1860326733,sid-82820FFB-B721-4BCC-B7C6-24780F395026,"Record the letter and achieve it, Phonecall"
1860326733,sid-E979AF32-D904-4B9D-B1C8-DE43A1C7BAD9,"Decide if person becomes a member, give letter to Charless without stamp"
1860885265,sid-183B84FF-5ED0-4D6B-89B5-5FD88E5BCEC1,"Business support request, Technical support request"
1860885265,is client satisfied?,"Send invoice, Business support request"
1860885265,able to fix by tech support?,"Problem solved, Technical support request"
1860885265,sid-37A3AD18-5361-432A-B085-60A6E5FA4C5D,"Support request analyzation, Request support"
1860968191,sid-47B3848A-249B-41BB-B87C-7D26A8D1FAE5,"Return to home page,"
1860968191,sid-A35E0C54-E375-4A1E-A480-114A263E9779,"Registration Process, Return to the home page"
1860968191,sid-B2C76656-0BAD-416B-BAA8-2E7C9104FBDE,"Based on the provided gateway information, the two gateway names are: Look for detailed description of a listing, Exclusive_Databased_Gateway"
1861024938,sid-4A5CC7CA-FB44-4F92-A994-3175AD04B483,"K, I"
1861024938,sid-0DE62779-EC0F-4E7F-8DD8-D2FF86108235,"O, C"
1861024938,sid-CC1A8C59-37D2-4E26-8609-C0B647F6EF50,"AO, AS"
1861024938,sid-C12590E9-1985-454D-9952-1E1C19D0802A,"AU, AV"
1861024938,sid-20B40D79-D268-4C77-9719-F0A288C737F7,"AA, X"
1861024938,sid-F33174B3-EC37-48D0-B2BB-E5D5F9A141E0,"AC, Z"
1861090802,sid-D0475304-AB39-44CF-8575-D7DEDA82ED80,"D, F"
1861090802,sid-86381220-8CAD-4CC2-A357-14C14F9C681F,"I, L"
1861090802,sid-A6684F17-9183-4837-A908-42E4BC63DA69,"D, J"
1861149149,sid-B2CA8794-3732-4B0E-A288-F3475F2CC52A,"B, C"
1861149149,sid-550A764F-38C6-490C-8688-B9E97F00025D,"E, F"
186122752,sid-8D1B8B01-E62B-493F-ADB0-70CBF3A74A11,"send request to the store, produce"
186122752,sid-6E5DBB2C-2260-4713-8B19-C72B6B4B92A4,"reject order, confirm order"
186122752,sid-7C0A3144-53FB-4BAF-9D8A-009B9AAB9885,"close order, change status to paid"
1862648115,sid-25305612-8859-47C1-8AA8-8BD49B0ACC2C,"Enter new master record in 24hours, Enter new master record in 1-5days"
1862648115,sid-BC072FC3-29B2-4D4A-AB6B-C7115EDD71FE,"Enter immediately, Exclusive_Databased_Gateway"
1862648115,sid-A4C95795-FADC-41CB-B148-ACB0DBCC6B19,"Re-sort invoices per vendor, Re-sort invoices by amount"
1863209028,erfolgreich ?!,"2nd meeting: customer + webdesign, Erstellung Storyboard"
186358890,sid-91BAE899-7BA9-46AB-ACBA-51020DF5D264,"order dessert, don't order dessert"
1863742646,"
RFQ Meets guidelines?","RFQ Meets guidelines?, Verify RFQ"
1863797785,sid-7C4FA810-201F-4F0A-A803-821B71103D59,"A 24 hours turnaround time is enforced, 1-5 days turnaround time"
1863797785,sid-60392E54-4D11-4484-BE31-BA41C07A2D3E,"Start to enter immediately, Process invoice normally"
1863797785,sid-FB5E0966-D2B7-48E7-A6EA-E1233FC172B6,"Sort invoices by vendor, Sort invoices by invoice amount"
1863797785,sid-D099DC7A-B6C5-41BD-BC32-7C3A7F4B2EEE,"To high priority outbox, Occasionally"
1865081855,sid-7B0E52D1-7446-40C2-8438-3D655A9FCB70,"Exclusive_Databased_Gateway, EndNoneEvent"
1865081855,sid-294C4B3A-65DF-4B3E-A0A6-7E4E7255D9EF,"Exclusive_Databased_Gateway, IntermediateMessageEventThrowing"
1865081855,sid-27083D1B-374D-452E-8F64-87D6FCC74949,"Check security, Check security"
1865081855,sid-DF8B26AA-5055-4FD5-B2EC-F25D312146FC,"Make proposal, "
1866263532,sid-11C712FD-61D1-4D38-B839-CE55E1F3CA6C,"ParallelGateway, ParallelGateway"
1866263532,sid-4EE77F24-5B2A-4BC4-A71F-D508EDFA708C,"Bring cash to Accounting Dept, Determine if Cash is included"
1866263532,sid-278E5BB3-350A-4F36-9B92-4C01CABE8B89,"Send form to client, Check for New Client Form"
1866263532,sid-1617FF2B-6FF8-4BC7-B5DA-6F2615CD7F75,"Check for New Client Form, Exclusive_Databased_Gateway"
1866263532,sid-81331E09-53C6-43DA-A640-3002527E295B,"Reject PO, End Process"
1866263532,sid-9B39A3B1-18E7-48A0-83B1-1A96EBAE07E1,"Fix Errors, Perform Quality Check"
1866818252,sid-7809682B-E24E-4ADE-AB6F-3FEBD1EC5BA7,"J, K"
186763964,sid-F49B7A4E-6FBE-4EA8-B5E8-812693F380F8,"C, D"
186796980,sid-B627BB34-8DEB-48FC-94D0-53B1B74BF3F2,"O, W"
186796980,sid-B112D6E5-14B1-44EB-B5C2-8B5B6F20A7D2,"X, Y"
186796980,sid-C549F895-A96F-4278-9968-E3FF6D8A3C04,"B, C"
186796980,sid-CB973098-FCE9-4E38-94B0-D14794E7A999,"D, E"
186796980,sid-05688D37-CE7F-48BF-8725-2F12D6D6A0C5,"F, G"
186869261,sid-3F4B1E59-2404-4BC4-B44E-F685D98C76ED,"meeting, corridor phase"
1868872677,sid-FBB7FFD8-A591-45E4-8714-984C83D9ADAA,"Exclusive_Databased_Gateway, InclusiveGateway"
1868872677,sid-429AB057-A431-4CCB-BC1C-B9250C6F5045,"Put call on hold, Resume the call"
1868872677,sid-171F0085-0C47-4776-9936-C9028B1E2589,"Accept file, Reject file"
1868872677,sid-1A85D068-D636-4580-A8D0-2D676EB6C7A9,"Exclusive_Databased_Gateway, InclusiveGateway"
1868942752,"Estimated
costs?","Estimated costs?, Check estimated costs"
1868942752,"Insurance
case?","Insurance case?, Check insurance case"
1868942752,Data complete?,"Check insurance case, Send failure notice"
1868942752,"Invoice
status?","Pay invoice, Send decline notice"
1870284409,sid-CCD44F38-BE5D-4765-96B8-D6AFFBFE2B42,"Courier Bundle to recruitment Manager, Hand Deliver Bundle to Recruitment Manager"
1870284409,sid-183FD1C6-F878-428E-9508-9D78D5115EF3,"Application Discarded, Application Approved"
1871235062,sid-40BB919E-847F-4CF8-BC39-41FFA5F655B1,"P, N"
1871235062,sid-2621124D-0451-44E0-B9CC-E5E1D5A24022,"R, O"
1871235062,sid-58C7096A-4F85-47B8-BBA6-219F104BA783,"D, S"
1871251963,sid-4CDF3565-9E76-4433-AD75-F64AD7A58224,"produce the parts, check the stock"
1871251963,sid-BB78912D-EA08-46EB-A13B-98AE32D57645,"create a new customer, Check the Customer"
1871251963,sid-D8E335A7-13CB-42FA-ABD7-5C2C27715689,"close the order, check payment"
1871251963,sid-AD5F8F64-923F-4D67-99BD-0B91DF1B4AE2,"close the order, send a reminder"
1871337702,sid-4C808107-E1DF-4A44-B5E8-0D3BFA762FB3,"quote Approved, Create a quote"
1871337702,sid-17044830-FEE7-4B06-B912-2A5257F84699,"process the order, the quote not valid"
1873195500,sid-A3E80CC0-6CA6-450E-9C3D-2DADA7A423B0,"store goods, Send order"
1873195500,sid-1A5B51C7-1DDB-460D-B1CD-72F979BD25E8,"Send order, Check filling all obligatory fields in order"
1873305720,sid-1652CC30-D27C-467E-A620-4DE0320B7130,"Request Initial Purchase Order, Check Inventory Level"
187523880,sid-13467520-3BF9-45C8-8417-6240D274452B,"Highlight error on invoice entry form, Mark invoice as entered correctly"
1875649366,User approved?,"Step 2, Step 3"
1875649366,sid-4944AEC4-56DB-4502-B790-09695D36D34A,"Investigation and Diagnosis, Incident Closure"
1875882924,sid-864B8BA2-3E53-4669-BAF7-629F500404A3,"G, F"
1875882924,sid-C47E7BC1-62A1-44EB-90CE-0BC49D6E8962,"P, O"
1876501660,glossary://4dabd11b9e6e487ca3a91d6c2a34902d/invalid;;,"Notify Rejection, Assess claim"
1876501660,sid-6CF55D0C-FD41-4812-A358-6C3525BECD79,"Check insurance policy, Ask customer update document"
1876870714,"Financing
unavailable?","Financing unavailable, Arrange Financing"
1876870714,Order from factory,"Order Car from Factory, Prepare car for delivery"
1876870714,Car unavailable?,"Car unavailable, Prepare car for delivery"
1878596172,sid-E22C2BBB-B2DB-472F-9A1D-B635936FC6B0,"Assign storage location in hub, Assign storage location in trailer or goods issuing area"
1879389597,sid-09FD1347-8276-4DB6-96B4-68AB10FDB7A1,"O, M"
1879389597,sid-26FC4C77-3662-4CC0-B88E-5A75447F8610,"I, M"
1879389597,sid-927DDE75-F53A-41B5-B61A-7A604C058FB9,"sid-927DDE75-F53A-41B5-B61A-7A604C058FB9, N"
1879994740,sid-9A290B23-C625-483A-85C5-A72D579DD799,"fill registration form, check registration data"
1879994740,sid-0172B0C5-1B19-4352-82E2-757E59951AF8,"activate user, check if user is in inactive"
1879994740,sid-C1BBC136-7586-445B-83ED-2BDC494D83D9,"remove user from list, check if user is active"
1880352507,sid-7D8B1B29-2B97-461E-9CAA-57279CE27BFE,"finalize, request documents"
1881079986,sid-2AE4E85F-D60A-4E3C-86A6-8EF39ACDB3BF,"make goods ready for delivery company, Check availability of goods"
1881437484,sid-CCED4A4C-C0A4-4A43-B8CA-9D588044EF5E,"Domestic, International"
1881556782,sid-FEC2F55F-E0EF-440C-9BEF-3BF5904AFB1C,"T, EndNoneEvent"
1882289904,sid-EE9157C7-CE98-4940-A7DA-D50F2CA2C8DE,"Create new account, Check account existence"
1882289904,sid-006D3B00-4AD3-4267-858A-94256565E2C1,"Check report manually, report review"
1882289904,sid-F69CB073-BE57-4C7E-9E22-2F46AC643725,"Send rejection notice, Check report manually"
18823119,sid-C0BC30F2-86E0-4BA6-A1AC-3B73D64C5B32,"Receive Complete Applications, Exclusive_Databased_Gateway"
1882355741,sid-6B39AB50-7BCA-49B2-B206-C995B4134C8B,"Remove from callback list, Issue resolving delayed"
1884234056,43787a52-dd0e-4ae6-8dd7-cbd8ad6af08e,"R, Q"
1886557457,sid-3DBFBDBB-7551-4DAC-8373-8A49AA0BA801,"K, G"
1886557457,sid-169CFFCF-22EE-4E45-A35B-5D5A07995348,"E, Y"
1886964623,sid-4CD0BBE8-5FE0-4F6A-9236-1FC2DB235A04,"S, R"
1886964623,sid-90225974-40C2-43D2-85A6-202676649045,"L, "
1887235939,sid-2EFF52C4-CCAC-458F-938B-141F98C45AE9,"R, S"
1887235939,sid-751DAA54-9170-489F-8F9F-615FD349CDF8,"X, Y"
1887235939,sid-66E6B654-C974-4A24-B889-DF8BFB0752CD,"Y, X"
1887235939,sid-1870306A-8976-40E0-9821-C8C6AC681C5E,"AE, AF"
1887235939,sid-D8721B60-5F75-4108-9576-3C58F26AB8B7,"End message event, End none event"
1887235939,sid-ABE569C3-B0AF-4990-A8B7-08C6EC518631,"C, F"
1887235939,sid-B35B6CDC-20BE-44F8-AA2D-52CC86463DF9,"G, EndNoneEvent"
1887510132,sid-02B0AE49-8CDB-49F4-9013-AEDE8BD0CE05,"B, C"
1888368485,Check if user is logged in,"Check if user is logged in, Check action"
1888368485,Validate account,"Search for Album, Validate account"
1888368485,Check for iTunes account,"Check password, Create iTunes account"
1888368485,Check password,"Enter credentials, Retrieve password"
1888368485,Check for action,"Check for iTunes account, Search for Album"
1888368485,Check action ,"Check action, Check if user is logged in"
1888645264,sid-EF935C72-4986-4E6B-87AE-7DFF3285A173,"completion of a paper based form, Exclusive_Databased_Gateway"
1888645264,sid-C5F55B86-FA2E-435E-B952-D6E46B162A81,"hand deliver to supervisors, submit request to supervisors"
1888645264,sid-5BF89501-8D32-4C5C-AAC5-15176222E070,"Supervisor 2 review request (approve necessity and conformance), completion of a paper based form"
1888645264,sid-3F390559-4945-4E26-9771-832410461DD3,"Notify employee approval, completion of a paper based form"
1888645264,sid-960E5E2F-6FD9-4D87-8860-E5A8A7654EAF,"completion of a paper based form, check completeness"
1888645264,sid-FCF2B9EB-E780-4588-9C13-48BC1176DE13,"Include quote from vendor, Approved purchase request import to Enterprise System"
1888645264,sid-F1802E40-E048-4B6A-8B6D-701F757052F9,"Select Vendor, Approved purchase request import to Enterprise System"
1888645264,sid-860B33A8-CB87-4B62-98B5-ADEC9A678458,"triggered bank transfer, investigate"
1888645264,sid-613E7E5A-989F-4705-B909-A5296BB89C27,"resolve errors with payment, Generate cheque"
1888645264,sid-1D933F6E-8D7D-4A34-97EC-65B810E42846,"Confirm right Delivery, Return goods to vendor"
1890415832,sid-C75BD007-F3F8-45EF-B481-A1172348687E,"chceck if list contains user, Exclusive_Databased_Gateway"
1890426431,sid-88C5CA82-81DC-48DC-85E4-6B62F02B4840,"C, D"
1890426431,sid-FE1F13CF-210D-414F-9928-B9403B3CB3C4,"G, H"
1894230885,sid-82057BC6-435F-40AE-928E-65216DEA9F01,"L, F"
1894325425,sid-161BE27B-8171-4E08-9C08-9541FC7329C2,"AQ, AR"
1894325425,sid-EB51B2D5-8491-41F6-8E96-8E2BFF37617D,"E, F"
1894864686,Amount <$200 ?,"automatic approval, Forwarded to supervisor for approval"
1894864686,Rejected?,"Rejected?, Rejection notice by email"
1894864686,Reimbursed?,"Amount reimbursed in his/her bank account, Approval in progress email sent"
1894864686,Reimbursed after 7 days?,"Amount reimbursed in his/her bank account, No action occurred email sent"
1894864686,account opened?,"account opened?, check if he/she has an account"
1894864686,Reimbursed after 14 days?,"Reimbursed after 14 days?, No action occured email sent"
1894864686,Reimbursed after 21 days?,"Amount reimbursed in his/her bank account, No action occured email sent"
1895414712,sid-0DE1CAA5-633F-4387-B134-E1623A4FB32F,"AW, BA"
1895414712,sid-7DB0AF60-2CA0-49B5-909D-537E12734BF0,"AX, AS"
1895656505,Equipment available?,"Fill in Borrow Form, Equipment not available"
1895656505,Equipment OK?,"Write Return Record, Quantify Damage"
1895814048,sid-52DC2DCD-57C4-497D-A661-C9BCC49BA0B9,"T, U"
1895814048,sid-DF2C2D82-654E-4025-BD11-53640BCBB2B6,"AA, Z"
1895814048,sid-A5B67439-0D84-4400-B5EB-087762F940B0,"AC, AB"
1895814048,sid-B82DC22E-8055-4012-924E-E2CA2D540974,"AE, AD"
1895814048,sid-25A008DB-75D2-4252-8FB6-D1C9F46586F6,"D, E"
1895814048,sid-D427976B-27EE-46BA-AD9A-E924E3C00E87,"F, G"
1895814048,sid-23207275-E875-4930-8AA5-FAAC484DF1E1,"M, N"
189675240,sid-CC8CE101-E0DF-4560-A76C-6301B46EACBD,"Tick relevant box if incomplete, Tick relevant box if complete"
189675240,sid-252F059F-83DE-4B02-8B14-0571C6BCAC80,"SLA unknown, SLA known"
189675240,sid-FDD7405F-7199-4177-8D01-6A215AD69C19,"Non complaint, Exclusive_Databased_Gateway"
189675240,sid-C76EF7CA-EFC0-43C5-936A-BE52D1887FE7,"Invoice batched, Predecessor"
189675240,sid-30C6754A-3D9A-4C14-8FEB-F6BF522FC488,"Locate a request, Make payment"
1897083662,sid-AC96B3E1-3971-45EE-A151-C72CE61830C9,"J, I"
1897089241,sid-4109F9A8-F709-4E39-9797-1F055A456899,"Incoming Data, Outgoing Data"
189715397,sid-43461655-E5C6-484A-847D-CC7F9931EF57,"Undergo check using Biometrics, Undergo checks using identity documents"
189715397,sid-DAAF578A-FD09-4D8D-A887-7A5A5EA2E471,"Leave Area, Continue to next step"
1897463654,sid-4B5B5BD6-A948-422D-9866-286F1C560F89,"AI, AH"
1897463654,sid-B780F1DE-3E2F-4A47-8E7D-FB964BA46821,"AF, AG"
1897463654,sid-41664C0C-E167-4B7A-82E4-C477ED55E1B8,"M, N"
1897463654,sid-B106B135-1D3F-4EC6-9C6A-F45D0F6F3803,"U, V"
1897463654,sid-11352AE1-F18A-40A9-BD1F-6FA6F80EDE0F,"B, A"
1897794123,sid-BFB75C9A-E2D2-44C7-9A9E-CE4D98B38646,"send back to requester, approve Change Request"
1898327088,sid-430B3636-CAA8-4485-B4C6-0BD2A42AA66B,"refuse mortgage, check securities"
1898327088,sid-D5DE27E7-25D3-496B-9DDE-6C5B1B8F6B68,"acquire more docs, check building documents"
1898401986,sid-088916FC-98EE-47E5-B535-CDF6C0D4A4A8,"A, "
1898401986,sid-EB17714F-6503-4659-A71B-6C9D174FCE89,"H, Exclusive_Databased_Gateway"
1898401986,sid-BA1E1617-FD8B-4473-A7D8-377F2A4D60A5,"G, "
1898401986,sid-5C5CED54-E581-4BC0-A28C-F62C255DB24A,"Z,"
1898438249,sid-D62A8414-DA34-4B0B-B199-8C4419231615,"AJ,"
1898438249,sid-D535DAF3-19AB-4856-BF36-BBDD71D3B176,"sid-D535DAF3-19AB-4856-BF36-BBDD71D3B176, AR"
1898438249,sid-1BDEB89E-E48D-4DB3-9268-568C110A5AFD,"B, C"
1898542850,sid-8BD1A1A9-A447-44DE-A8D2-94F595955FB3,"Application Rejected, Create Pre-Approval"
1898542850,sid-B25DDC92-ED80-4ACD-92E1-E04D9C628D67,"Calculate LMI, Check if LMI is required"
1898542850,sid-3389F1B8-39AE-41AC-B879-00A1DC6758F0,"Incomplete Application Submitted, EndErrorEvent"
1898542850,sid-66E46962-C027-4CC4-96C0-618AF9AE07F0,"Application Rejected, Property Evaluation Sent"
1899518593,sid-6FA27195-1EF8-4497-AF3C-58A4D0EB69E7,"Not Approved, APPROVED"
1900005796,sid-A3CA8DEF-74BF-4427-860B-E78C9C1DEAB2,"Process Normally, Check Urgency"
1900005796,sid-47A4084B-2A55-4982-A111-BC8BB246DFCF,"Enter Immediately, Information not available"
1901677319,sid-BD4E4A54-FF6D-4BC6-9DD9-F41F0FC106C7,"Create Purchase Order, Check Inventory Level"
1902181696,sid-B10B25F9-01DA-4259-9AD9-789961B3CE3A,"C, D"
1902436839,sid-80B322A1-B96A-4E4D-82F3-309268371AE3,"Make order, Delete order"
1904048077,sid-65E2D56F-77D3-4960-8447-2BE17B59E890,"B, D"
1904048077,sid-3F3E9FAC-4691-467F-876A-6AB500B862AD,"G, "
1904431370,sid-EB34F184-1C53-4E49-940F-A008322043E1,"notify the bidder, update auction"
1904431370,sid-DC01E35D-CC07-473A-A271-B4D2B4BB843E,"Buy now, Place a bid"
1904431370,sid-EF557FE9-960C-4BC8-8FB3-411A1ED89EF2,"Place a bid, Give up item"
1904833079,sid-1F93BE96-AA2B-425B-BEEF-5AAFB5A812EA,"B, B"
1904853542,sid-54AA7BD0-528A-465A-9C21-E3CB47657B05,"Pay balance, Process arrears"
1905931030,glossary://12c0526944aa4d3e898bc6f90d28a258/Demand priortized?;;,"Declare qualitygate Q4, Priortize demand assess business criticality"
1906315955,sid-5094C689-1483-4414-9031-285427DBD4D8,"Application Denied, "
1906315955,sid-52DA4055-AC00-4E65-B40D-DA8625B49CF5,"Application Approved, Application Denied"
1906924337,sid-A4EDDBB7-83C2-41B7-8D3A-0F96843CECA6,"Produce L&M Cost, Communicate with the Customer"
1907085906,"payment proposal 
withdrawn?","prepare complaint approvement, prepare complaint rejection"
1909444414,sid-3CF89E30-6551-4F8E-84B3-48AE21B21936,"EndNoneEvent, ParallelGateway"
1909444414,sid-94F48751-9117-4D9A-8286-FFDD8D857708,"Z, "
1910799482,sid-9E3F8526-2985-495D-9E45-CA6805EBBDB0,"AS, AT"
1910799482,sid-8D5100B6-262B-4CDF-9CC9-2A290638BEE5,"B, G"
1910799482,sid-2A88889C-CAF5-4DF4-8FAF-CA1D1A230135,"I, ParallelGateway"
1910799482,sid-8C2765DF-2D88-4054-BA07-8E63EDACF4C4,"I, J"
1910799482,sid-752CE64E-C700-4CD2-883E-1CB6746121A9,"I,"
1910799482,sid-AE157727-E765-4ADB-AD31-267A33E0EE06,"I, "
1911132441,sid-0A0E36D8-1195-4A29-A3BB-E586205699E1,"P, O"
191120300,sid-8903CAB4-3FBC-4AF9-BCA9-767C1A73ED63,"Y, Z"
191120300,sid-F093DBEB-E395-49DE-B126-E0C23F681ED2,"AE, AF"
191120300,sid-F93D2AC0-C081-476A-B4F2-A82053C15E91,"F, "
191120300,sid-1C3D15EF-4BB9-4C67-9772-9D03BE924C52,"H, I"
191120300,sid-906EE27F-CDE0-446A-9A02-BD0F65BD9530,"K, "
1911269805,sid-E9A80F68-7255-4858-A80E-CB4D8E4AFA69,"AV, AH"
1911348496,sid-0AC955E5-2821-4989-9050-587ED31D33C2,"A, I"
1911527081,sid-EFC92F72-9605-4DFC-8092-4991E57F89B6,"I, J"
1911940686,sid-F7C1E69A-24D6-4F16-A1F5-B062D9C618F2,"C, B"
1911940686,sid-3581A34C-48B7-4ADD-B357-E31560AD27EF,"G, I"
1911940686,sid-E9D83167-4BA5-4665-9638-DE328A05D9BA,"H, sid-E9D83167-4BA5-4665-9638-DE328A05D9BA"
1911940686,sid-3E99BAC5-2079-4B02-A65E-8FE44E5DB425,"M, K"
1911940686,sid-D30C42D8-DB96-407B-A85A-D34260B43BDD,"P, O"
1912369725,sid-2B1B1D05-A64B-4E45-969F-0433CA0CF523,"C, D"
1913120518,sid-ECED4700-3371-427A-A875-DC88072D759D,"D, E"
1913120518,sid-2F128B2B-3526-4B2E-8F2F-FE0E1DB8A15B,"G, H"
1913120518,sid-7D366911-B7C9-41A1-9AC3-0ABEA3BE7BEE,"AF, AG"
1913120518,sid-0FAC1859-BAD0-4C6E-BB7C-6E547F5FCD98,"K, J"
1913120518,sid-3BDA6E6D-449E-41E5-8C1A-1D3435A8AA3D,"O, R"
1913422956,"Faculty 
Board 
approved?","Evaluate report, Faculty Board approved?"
1913422956,"Kuratorium
 approved?","Advertise position, Exclusive_Databased_Gateway"
1913422956,"Already 
selected?","Already selected?,"
1914599328,sid-2E612145-123A-4877-ACB1-4EFA74F56BFD,"Contact expert including content sharing, Choose document"
1914750670,sid-151B23E8-5B9C-42CF-9F93-26FD9E560041,"Mail Account Documents, Mail letter of refusal"
191492931,sid-7FA3EB88-1B9F-48BA-8746-9C94048A3D03,"Invoice Incomplete, Invoice complete"
191492931,sid-3BD20B76-CB6C-45B2-87A7-FA280913CAB5,"SLA known, SLA unknown"
191492931,sid-9BCD70D8-117A-4884-8338-69C904215B3D,"Invoice uncomplient, Invoice complient"
1916340517,sid-4F721E28-9CE1-40F9-B662-14931F014ED2,"Ask customer to fix the problem, "
1917055862,sid-E5B9F899-5240-4DD8-B164-AD882B5BA4B2,"Incompleted invoices, Completed invoices"
1917055862,sid-E48A8A57-29DA-4302-BE3B-66401DAACE49,"Non-compliant, Compliant"
1918362412,sid-C5C4DB61-7C45-4FBB-A30B-9EA99E19B542,"sid-C5C4DB61-7C45-4FBB-A30B-9EA99E19B542, sid-XXXXXXX"
1918525992,"Quality 
OK?","Inform IT Manager, Permanent Solution?"
1918525992,"Permanent
Solution?","Quality OK?, Permanent Solution?"
1918925099,sid-6E24FD73-8D12-49F5-BC44-5D82064C8CB9,"D, E"
1919319680,sid-FC6D664D-3903-4C08-BCFD-14B87DE1D932,"Exclusive_Databased_Gateway, IntermediateLinkEventThrowing"
1919319680,sid-D8334B0A-5561-4AAB-BE06-9DBD7A87ACAD,"sid-D8334B0A-5561-4AAB-BE06-9DBD7A87ACAD, N"
1919319680,sid-1B15DD58-F049-46CA-8B1B-E3BA09ABDAD0,"H, E"
191947555,"All Parts
Obtained?","Reject Order, Confirm Order"
191947555,"All Parts
Available?","All Parts Available?, Procure Part"
1920662821,sid-716ACDB7-60FD-49F4-ACC3-0F386C24AE18,"E, Q"
1921175500,Received response from all players?,"Received response from all players?, Wait for message"
1922149614,sid-7CEF0108-5CF6-4A3A-8888-BC0BEF67688A,"Prepare contract, Send criminal record certificate"
1922149614,sid-64AEC1D8-D614-418E-9A44-FAB49B0E6A65,"Request criminal record certificate, Interview"
1922620063,sid-B3FEAA70-C1BA-4105-B2D0-39B55285FA3B,"Pay fee for study, Check time of study"
1922620063,sid-B9E60981-0482-4D5C-A6FE-9A1B541677F2,"Submit an application for defence of thesis, Defence of thesis"
1922620063,sid-8F8AA6D1-F81A-4852-BF0F-1C07199E3260,"Submit an application for state final examination, State final exam"
1922620063,sid-6265B553-5AA0-4C68-8E06-78A50DE9BD7B,"Choose advisor and topic of a thesis, Receive a message"
1922966242,sid-323702A2-7DCE-4ED3-B5FD-7494D29CC360,"Subscribe to newsletter, Not interested in newsletter"
1923014752,sid-C5165A2A-61BA-4A88-8A7C-D13C30682A6C,"Create web server and app server instances, Update the instance request"
1923992597,"Diagnosis 
result","Refer back to PCP, Develop treatment plans"
1923992597,sid-DE4F1A99-D847-46C1-895A-BDBD76E09533,"Fill out preferences for treatment, Follow-up"
192401967,sid-2292D1B0-679F-4E9A-A8F6-D28D79E08210,"Intermediate Message Event Catching, Exclusive Databased Gateway"
192401967,sid-34B339CB-C2B5-466A-A9CF-3BDC103C31E4,"L, K"
192401967,sid-682E645C-70E6-4499-9F26-D44373B1B37B,"N, P"
1926154192,sid-1E3F459E-EAD7-4923-8EFD-277FCC8903A1,"Accept Customer Request, Reject Customer Request"
1926154192,sid-2AB543E2-57EF-473D-A941-CB90CD2A375C,"Reject Purchase Order, Approve Purchase Order"
1926731029,glossary://18524f9afde04090a9e5d0ad148ec2b2/Inventory Above Minimum;;,"Inventory is at or below minimum, Purchase Order Created"
1926731029,sid-BDE82C42-A167-42B6-9833-07A9F431D71F,"Order Accepted, Order Rejected"
1926754188,sid-5B8C7486-F1B8-4563-B3FD-B437D90C107A,"I, EndNoneEvent"
1927464916,sid-4C4D1A23-6C77-43CE-A493-AA32EECE8948,"C, D"
1927677561,sid-83901072-4B7F-4E1B-878E-B54CD52B0CA4,"B, C"
1927677561,sid-37F13A8F-5DB8-48EC-B797-E726ACE8B570,"D, E"
1927677561,sid-E2DB2DF2-E85C-4006-A281-D69FAB57C550,"U, V"
1927677561,sid-394FA1F2-C821-4C78-B635-F3D768CC756F,"W, X"
1927677561,sid-B5D3AAAE-B33B-4488-B3A1-B345DAC2A218,"W, AA"
1927677561,sid-D6736D10-7CD0-4A75-8E3F-A92E9E5389D3,"S, Exclusive_Databased_Gateway"
1927677561,sid-97D765EC-764F-4DFF-A514-85A6A7E27EC7,"sid-97D765EC-764F-4DFF-A514-85A6A7E27EC7, sid-97D765EC-764F-4DFF-A514-85A6A7E27EC7"
1927677561,sid-CC061951-84B3-41D9-81FA-2BF0DDBB80DB,"AF, Exclusive_Databased_Gateway"
1927677561,sid-FA18C559-A852-4DED-926D-22012EA2A918,"BE, Exclusive_Databased_Gateway"
1927836278,sid-781CA976-F45E-448F-8C64-F37D64C8ECAB,"Confirm by email, Confirm by phone"
1927836278,sid-5D9CCFCB-CF92-4CD7-94FF-527B60585C44,"Check consistencies between position profile and actual rule, EndNoneEvent"
1927836278,sid-E30F5EC9-CEEA-40A6-B610-21848109AF3E,"Check demand for the role, if no demand for role, consult with next level manager or client HR services about new position"
1927836278,sid-74295C8E-3C91-43D3-9CFF-8487DBD06302,"consult with next level manager or client HR services about new position, complete and create or change position form for approval with client's HR representative"
1927836278,sid-81E69965-C404-44F6-878F-BE219C802FF3,"approve by next level manager, Exclusive_Databased_Gateway"
1928046467,conflicts?,"conflicts?, check diaries and advise the coordination Unit of any conflicts"
1928276024,sid-ACF3554C-F1F1-4B02-BB48-317F5DE36808,"Manual process, Automatic process"
1928717851,sid-248DC1AB-61DF-4096-A734-2B36A117452C,"undergo a psychometric test, Exclusive_Databased_Gateway"
1928813922,"Can handle 
it myself?","Ask 1st level support, Explain"
1928813922,Unsure?,"Unsure?, Handle 2nd level issue"
1928813922,Results?,"Provide feedback for 1st level support, Insert into product backlog"
1929117068,sid-7497E14F-EF68-4459-AD61-8E3CEE12A67F,"D, E"
1929117068,sid-152BE3D4-66DC-4E5F-B6C8-A807E425D7D7,"G, I"
1929375869,sid-3F77541F-F0C1-4076-A92B-E4E286E212A9,"AC, AI"
1929532738,sid-5CEC3CBA-BAC8-4FAC-97A3-AC1627EF720E,"book hotel, check availability hotel"
1929532738,sid-DD6E3903-D7D0-4892-85A1-E9E9353C973F,"book bus, check availability bus"
1929971902,sid-3D925FB6-0952-432F-A6A2-2EA483A239ED,"M, V"
1929971902,sid-09E3B9AB-6663-4DB3-B367-C4184CDA6FB3,"N, Q"
1929971902,sid-0E19E2A4-D1BF-4845-98B6-91C60EF16B21,"R, U"
1929971902,sid-D78A2497-23D2-4F4D-932C-3DA2135860F8,"W, Z"
1929971902,sid-DEE6C2D0-DADD-4C52-89DE-A77430499A76,"Z, AZ"
1929971902,sid-A2383DAD-ED31-4C6A-BE37-FBF607E5B7F7,"AP, AR"
1929971902,sid-5575452F-199C-4F7A-92AC-AD9C81A5AA54,"C, BJ"
1929971902,sid-A7387125-3706-4BE5-B416-1D178F662C9B,"AT, AV"
1929971902,sid-FAA658D4-104A-47D7-9F9B-E4B81C891C2B,"AU, BN"
1929971902,sid-5F7D979A-C11A-45C6-B900-91AF4C0A4874,"AX, AZ"
1930501053,sid-D7276567-F842-441D-88B2-2562105C42AC,"sid-D7276567-F842-441D-88B2-2562105C42AC, Exclusive_Databased_Gateway"
1931368429,sid-9B4E3F28-D990-4F8B-A450-A8EF30EA1A97,"Review Position Profile, Check if Position Profile Exists"
1931368429,sid-50F4A2C0-3521-41E3-A933-A3EFCD21DF11,"Exclusive_Databased_Gateway, Review Position Profile"
1931368429,sid-5744BECF-8378-45FD-B057-A3B4E50642E0,"Update Position Form, Exclusive_Databased_Gateway"
1931518181,"Information
sufficient?","Ask for accident details, Confirm to customer that paperwork is okay"
1931518181,>$2000?,"Review claim, Review claim"
193163925,sid-DC907397-AA6D-4F9F-8CF4-B8A6D34EE8BA,"Consult to create new position or develop business case, Check existence of position for role demanded"
193163925,sid-7C950F50-06B9-4B24-B258-6A42808781B1,"Complete, create or change Position Form"
1931791509,sid-8E10FC5D-8336-4181-BCE0-65F62BBF992E,"E, D"
1931951026,sid-A928741C-9EA2-46D6-ABC1-7182EA0A84D2,"R, T"
1931951026,sid-49FFD2B0-0442-49D1-A555-204CCBFFE8A5,"E, K"
1933272583,sid-C0608078-71C0-4AFE-A411-C914A54EB188,"D, C"
1933810827,sid-ED986317-E55C-4AFC-A5FA-02075EC938EE,"U, Exclusive_Databased_Gateway"
1933810827,sid-3A951411-B3BF-407C-867D-8283A20FFCDB,"sid-3A951411-B3BF-407C-867D-8283A20FFCDB, Exclusive_Databased_Gateway"
1933810827,sid-AF3CA513-D3E2-4E1A-9AA6-B3528064C998,"sid-AF3CA513-D3E2-4E1A-9AA6-B3528064C998, AB"
193391552,sid-C1877EA3-88E9-4269-891D-FE1F80D0869D,"Continue Shopping, Checkout"
193391552,sid-D1217D21-BFF6-49B5-827B-F9313725732F,"Returning Customer, Proceed to Checkout"
193391552,sid-9AEE6CDF-8BDE-4655-B843-DC3E7ABAC3B1,"Anonymous purchase of product, Create Account"
1934138211,sid-B875C897-C4D4-4AA7-974F-63C098D6EC11,"Ok, reject"
1934639899,sid-3F853379-0935-46F9-9E87-15D3F366B208,"G, "
1934955004,sid-DA3A2A8C-6887-4987-ADD1-021B5DDD3EBA,"AE, AG"
1934955004,sid-0797B5B7-07CE-4072-93EB-AF1905E92C2B,"AQ, AH"
1934955004,sid-B1FAB344-78C5-49DA-999F-BFF128A1D183,"AU, AS"
1934955004,sid-1D401BB5-9E78-4C12-BFBA-064E0AAB63FE,"L, K"
1934955004,sid-D8049794-7360-4F5E-BA91-D66EEA8D80E2,"AS, AT"
1935734150,sid-0A5BC30E-0F56-4A16-8A02-CCECA7464923,"P, Exclusive_Databased_Gateway"
1935734150,sid-3927ABD7-A3D1-49FD-ABFF-B93DA9BA2217,"I,"
1935771489,sid-B32BD130-7850-41C6-845F-7A48DC5707BE,"H, K"
1935802419,Is date suitable? ,"Is date suitable?, Find date"
1935802419,sid-CC68B418-D896-4266-8F80-FFAB607FCFD5,"Find accomodation, Book accomodation"
1936054415,sid-6A5E0DB9-1B38-42FB-B934-2E69EA773432,"AC, AB"
1936054415,sid-36608F8F-50C6-403A-88F1-4B505315174D,"C, EndNoneEvent"
1936223870,sid-CA4C7A22-5C29-41C6-9C11-BA0F6C0C1398,"check software, repair computer"
1938184689,"Time and cost
estimates 
acceptable?","Authorize Repair, Describe and inquire on computer issue"
1938184689,"Able to repair
problem?","Return Computer, Problem Repaired"
1939129060,sid-EC397FDB-5733-4F33-88E9-77E2E6F51E1D,"Inv_ConfirmOrder_on_WH, Inv_Unreserve_on_WH"
1939380323,sid-1D45A429-DEF3-4EDF-869D-C567DA8F580D,"I, F"
1939670608,sid-4D34E84B-966A-4867-AD36-AA9D79EF4E7C,"E, F"
1940071110,sid-81C1D90D-60B4-4394-8306-F00B25D433F3,"Download, Successor Types"
1940071110,sid-730B7842-DF8D-47D5-95C8-1BAB2FD45876,"Propose dates - LO, Accept LO"
1940515603,sid-E54DA867-52F0-4E94-9507-A775DB3CE9D3,"B, "
1940823903,sid-979B3CCB-409B-4CDF-9C26-2F7AFB23D1F0,"Stock not available, Stock available"
1942871742,sid-941D4BA5-F891-425D-A307-6B53F0370FA9,"E, Exclusive_Databased_Gateway"
1942871742,sid-443DEBC9-858A-4D4B-B139-75DA4520FE78,"N, M"
1942871742,sid-5875F2A3-5270-4C3E-8C67-3C2997A5CDAE,"S, R"
1942871742,sid-0A7AA02F-CB9D-430C-932F-094D39DF6293,"U, S"
1942871742,sid-835C3F73-B7B4-4DD2-BBE2-DCC63AB70280,"EndNoneEvent, Exclusive_Databased_Gateway"
1942871742,sid-D13F272A-F8E2-4DD9-8890-91F9F1B7D15D,"AB, "
1942871742,sid-6F11A5C4-3964-4172-9DF6-7383FBF7D72F,"AD, EndNoneEvent"
1942871742,sid-7D344609-EA11-4661-8622-4F66FB299B51,"AI, Exclusive_Databased_Gateway"
1942871742,sid-325173B6-32B9-4F3F-A3FF-5D6C36B2C63A,"sid-325173B6-32B9-4F3F-A3FF-5D6C36B2C63A, AN"
1943141678,"Is This
The Third Reminder?","Inform Customer, Close Transaction"
1943335503,sid-F96798DF-9526-4C15-BD84-7B68D7C21B61,"C, D"
1943335503,sid-1B88F711-E256-4A1B-B9A0-C25DB4DFFBE4,"G, I"
1943335503,sid-1F6F43AC-2E68-4DC6-9D46-D64C2F6B6DB3,"I, P"
1943623308,sid-E1DED9C3-44CF-4573-9ECD-C2726D5ADB02,"K, EndMessageEvent"
1943679901,sid-6F212848-D7D1-4ADF-8684-0E39E4B86487,"organize costumes, fix costumes"
1944028911,sid-692DDC79-BA99-4760-850E-AA748A8B7420,"M, L"
1944028911,sid-A6816EFB-75F7-42BD-8A32-12F77AD9FAD9,"H, G"
1944028911,sid-E8B894A4-5ED7-413F-B4A7-FBF287363D32,"I, O"
1944071309,sid-5D25A4CC-548B-4977-9B6A-EB195DDB737A,"J, E"
1944071309,sid-8750CB58-E9BD-426A-8336-B9DC17BD6159,"A, C"
1944071309,sid-96801868-3C85-4E37-8746-6ED0CAE44EEA,"AL, AG"
1944071309,sid-CA295067-461A-4073-9C2E-313813FA9FE8,"B, AG"
1944222874,sid-D3F0C98E-B959-4889-B00F-10235AD2BB16,"V, Exclusive_Databased_Gateway"
194446966,sid-4E136CF6-6AEA-4582-80FB-E120F28CF420,"M, N"
194446966,sid-A79F6F8D-E376-40E2-9869-7B89946DCCD7,"E, F"
1944582764,sid-8ADBA540-27A3-4AA7-95D2-0DF068A8899A,"C, D"
194472040,sid-70025F3C-F2F7-4284-ADCE-56DD9D5F1578,"Validate Invoice, Separate Urgent Invoices"
1945301089,sid-3FA77475-CD77-4164-9646-4B8DC7A229A8,"Notify client of non-renewal, Continue with renewal"
1945301089,sid-B1FFF2DB-4CDE-429E-A8C9-EE4BB29709D7,"Notify client of non-renewal, Continue with renewal"
1945301089,sid-B350A7CD-C46F-49A0-A34C-D11552583459,"Notify client of non-renewal, Continue with renewal"
1945301089,sid-D220DECF-C87A-4F2C-A4C4-05DE7A9A3F65,"Notify client of non-renewal, Continue with renewal"
1945301089,sid-4EE071F6-5B21-49EC-B9E6-A64CCE24A3C8,"Return loan item, Accrue penalty points"
1945301089,sid-C3294D11-FFCA-4A97-97AD-B4DDC663CE2A,"Continue with renewal, Notify client of non-renewal item"
1945301089,sid-AAB5E609-3117-4409-90D5-195AF031DE38,"Renewal unsuccessful, Continue with renewal"
1945301089,sid-ED7F2191-8E5E-4C88-B912-A39F2452A62A,"Continue with renewal, Renewal unsuccessful"
1945301089,sid-7AD23D25-75F3-491A-905F-11AF19B32BC2,"Continue with renewal, Notify client of non-renewal item"
1946829687,sid-EBEA46D9-F6AD-4164-85E0-74BBBB786004,"D, E"
1946829687,sid-5E95AFDA-ACB5-4E8D-90F2-D3338944BAE2,"H, I"
1948078488,sid-B7F41414-3C4F-4FD3-BFF3-899B84B7C0CB,"C, D"
1948430901,sid-58CC1107-4DE5-4937-9113-89D176468EC4,"Notify_customer, Process_customer_request"
1949117862,sid-884A685C-5824-4DC7-A54C-8E5CE7DCEF06,"Approve, Reject"
1949125839,sid-662B1086-CD24-441D-A004-C6BE32B61CCF,"I, N"
1950068332,sid-FA373508-51C6-489A-9A54-EAD7509657C8,"O, F"
195009452,sid-8FD98424-CBB7-4490-85C6-AEA1945A86CE,"order tiramisu, order no desert"
1950681977,Claim OK?,"Notify Customer, Enter in Claims System"
1950681977,Needs subrogation?,"Subrogation Sub-process, Update Claims System"
1950681977,Ok to process?,"Notify Customer, Set Reserve"
1951367823,sid-6BD1D13B-0565-40E2-802C-4E5CB0D775B5,"Place Cup for Barista, Pour Coffee"
1952220695,sid-07819CC7-37D2-4C69-A987-0E079B33361D,"Add Red Urgency Stamp to Invoice, Check Invoice Payment Date"
1952231103,sid-94194F6D-ECBA-4C70-B5CD-0BB8DF8D61DD,"Inventory Level Above Minimum, Inventory level at or below minimum"
1952231103,sid-66CAF9A6-D3F3-4188-A6C0-F8CA9B1DDCC4,"Order Rejected, Order Accepted"
1952231103,sid-2EBC172A-3DD8-452A-B0EB-5BF24E449E77,"Funds for Purchase Reserved, Purchase Order Sent to Supplier"
1952231103,sid-42DF5A2B-2F90-4381-9981-BD19F37104CC,"Receive Packing Slip, Receive Invoice"
1952868524,sid-A4967664-CDA3-4AA7-B5C9-29CFAAF6F432,"Select vendors, Confirm request approval in ERP"
1952868524,sid-E71A330B-50CF-4F9B-B180-5E0EF1CDBD54,"Trigger bank transfer, Resolve conflicts / errors"
1952868524,sid-AB38CD2D-6B70-4494-BE8A-B5F32440F85D,"Asking quote from vendor, Department authorized person completes purchase request"
1952868524,sid-7BDF58F9-43DF-420D-A1D7-62CD2911F279,"Supervisor reviews request for necessity and financial aspects, Submitting request in ERP"
1952868524,sid-7F6D9FE5-817F-4532-BDDC-0B994CB9D010,"Department authorized person completes purchase request, Confirm request approval in ERP"
1952868524,sid-7106BBFB-DCDB-41BE-9DD9-395287797817,"Confirm that delivery is OK, Confirm issues with goods in ERP (supplier collects its goods)"
1952868524,sid-6B4EC6C3-C763-4F65-AA89-171E63F4365E,"Check quantity, Check quality"
1954697094,sid-C86805B3-D237-4C36-9553-C5392D73045A,"shower, breakfast"
1954934877,own text?,"provide text, generate text"
1954934877,try again?,"Try Again, post twitter message"
1954972218,sid-40313639-04B7-4631-9580-CBB7B174C357,"B, C"
1955236459,sid-D94F769D-2534-4E31-8D31-15BC517AFF15,"H, X"
1955236459,sid-D0DCF4F1-7925-4412-A0F2-81DC60F60A99,"Y, H"
1955236459,sid-69368B13-1812-4637-83EB-381876C9D683,"D, Q"
1955442599,sid-A11A2A05-A61C-4066-96F9-92B76B371591,"request for change date, specific date"
1955442599,sid-C4268B59-F7D6-47F5-BF15-67AF210092D5,"fill bank operation, decision: pay or not"
1955442599,sid-AEDCA718-BCCD-4C4F-8ACC-C9CF984B4B16,"meet the requirements, meet the requirements"
1955496010,sid-EA68CD21-AB5A-4479-9875-4B359C74CF8D,"K, M"
1955496010,sid-59AA4064-7564-4D69-8A15-49C6ECCA424F,"AK, AJ"
1955496010,sid-7AF58D95-B796-4CC5-A788-BA104B925366,"AK, AL"
1955496010,sid-D70250DD-248E-498B-96A2-6E3318296D25,"Exclusive_Databased_Gateway, IntermediateMessageEventThrowing"
1956302621,sid-3198C38B-A74C-4102-8145-A62996AD5FAB,"P, Q"
1956679694,sid-B27C3D90-5F1A-48FF-9720-3FBD6BCE483B,"U, "
1956679694,sid-6E243AA5-0DBB-465A-89E6-C16ECB3FA175,"S, X"
1956679694,sid-FA0DE91A-EF9A-48A6-9A7F-248A98951CA6,"A, V"
1956679694,sid-7675DD6C-A9AE-41C9-9924-77CBFA133D47,"I, G"
1956792056,sid-78118D40-186F-4B76-8935-985A25DD7C96,"Legal Review Contract, Financial Review Contract"
1957178020,sid-76327B17-7175-40B1-AC30-ACBEE4222C9D,"EndNoneEvent, ParallelGateway"
1958179455,sid-F5DA5F59-A40E-434C-8BE7-5C2EE64E16DD,"AQ, Exclusive_Databased_Gateway"
1958179455,sid-1BE8066D-051A-48B0-8375-B0994375AF98,"K, L"
1958346391,sid-B6942B80-A937-41B4-918F-024D6F5C9FD1,"A, B"
1958346391,sid-BD6A0FC7-595E-44D5-A400-4B4CFB92172F,"D, A"
1958346391,sid-0A2C6501-A1A1-4431-AE53-F06E2680E784,"Z, AA"
1958346391,sid-B9FEBE96-EB76-4941-8B1A-A253F440770A,"AB, AC"
1958346391,sid-C940B1F9-248F-4544-9EAD-FFAF8A8853CD,"X, W"
1959070003,sid-F8941BD3-0681-430C-8997-328F2C2E4688,"D, "
1959070003,sid-7C676F3D-FC8C-459D-B00B-B762882642ED,"E, D"
1959070003,sid-E669241B-145C-4E2E-98B4-65D2628CAEE8,"H, "
1959070003,sid-6762E983-CDBE-4ED8-A32B-359F32D54F6A,"AH, AG"
1959070003,sid-B6E37A27-9F12-48B2-A6C7-5BD688A11B32,"AK, AF"
1959070003,sid-3731DDDF-8EBE-4513-B9C4-8D061DEDB796,"AH, AI"
1959921882,sid-265A2C79-FCCB-40C4-9D03-E283033CF74F,"J, Exclusive_Databased_Gateway"
1959921882,sid-CA5C7E18-4355-40A7-B426-E9D607355F40,"sid-CA5C7E18-4355-40A7-B426-E9D607355F40, L"
1960101035,sid-4A883B4E-B333-4613-828A-7069F6537244,"CQ, CR"
1960101035,sid-F6F5E85D-811E-4279-A13A-C686BE240BC2,"BU, BT"
1960508811,sid-ECF712F5-BADC-4C7E-A359-F157D84D3B2C,"J, H"
1962159480,sid-95070D59-2E77-4DA0-85CE-E9044B456328,"Passenger not escorted to check in, Passenger escorted to check in"
1962197482,Customer Decline or Accept,"check if all documents provided, Update Customer Details"
1962197482,data complete yes or no,"request outstanding documents, send to administrations"
196246889,sid-3CF31490-9CC2-4B0D-8BE8-E94AA34FCF4B,"Receive Cash Payment, Scan Customer Credit Card"
196246889,sid-879CAA78-68E9-4CCF-AEAE-61FC6168E58C,"Receive Payment From Credit Card Company, Request Payment"
196256196,sid-FD4C8A69-8EC9-46CF-9E2E-71791B8C8F37,"AF, AB"
196256196,sid-9AB3503B-1E38-4F1B-B2AC-E63894B2B7FF,"Y, L"
196256196,sid-81B4F629-5FD1-46BD-B674-40DA507642D4,"K, N"
196261470,Need some drug for curing,"Need some drug for curing, Analyse symptoms"
1963130701,"Purchase Request Approve ?
","Notify Rejection, Approved Notification"
1963762438,sid-FBB900EE-01C7-4F7D-AEC1-041C8B6BB045,"C, F"
1963762438,sid-E6383E03-A795-4C3A-9872-9526D4C8F3BB,"C, J"
1964686647,"accepted 
","accepted, no further action"
1964686647,"Update order ?
","Cancel Order, Change Order"
1964686647,"accepted
","accepted, Process order"
1964789590,Article available,"Article available, Article not available"
1965625541,sid-8E6DAA6C-2104-4A30-B741-9612394E8321,"Improvement not needed, Need Improvement"
1965680730,sid-99D1D07F-B6AC-4490-9104-3342D248D5B5,"Q, R"
1965832293,sid-2FEB95B0-E486-4417-97C5-74CE1B329707,"G, K"
1965832293,sid-0EC658C4-471C-4A9B-9EC9-5EB7239D9B50,"I, K"
1966149778,sid-C4D64230-2E4B-4D57-A66D-B94D1A75E6F1,"W, Z"
1966149778,sid-221EFB13-FE15-459F-B984-3335DA60FE76,"X, Y"
1966149778,sid-056BD118-743C-4B10-8343-048E317D2C3D,"G, H"
1966149778,sid-C95D9148-A1A0-4C08-AFDD-148A7762FBC2,"I, R"
1966149778,sid-CF465A5B-4DF1-4DCB-BB9E-2169165FA270,"M, O"
1966386373,sid-E70587DA-35B8-4561-8614-35EB2DC146D9,"Actor step 1, Actor step 2"
1966725976,sid-CA56513F-9DC1-4EB0-82CF-A30D9030EDF4,"Y, Z"
1966972624,sid-C4D070F7-E4CF-45EC-AB19-947267480A42,"I, H"
1967252034,"Type of 
professor?","Set up meeting with the president, Set up meeting with the vice president"
1967252034,"Ask for 
approval","Stop process, Exclusive_Databased_Gateway"
1967252034,"Ask for
approval
","Stop process, Exclusive_Databased_Gateway"
1967415029,sid-734591FC-D53E-405E-A0BD-45CC5B289338,"Accept, Propose dates"
1967415029,sid-B4C123D8-C70A-4D4D-A0EB-5A2F9B63C758,"Accept, Propose dates"
1967415920,sid-D569FD7A-7B7E-4594-8899-30D101468E42,"approve application, decline application"
1967694361,sid-2775EE76-7007-4D7F-91D1-B6D3C8D72908,"A, B"
1968395608,sid-AAC3BBE7-743A-4732-86F3-3094D76620F2,"correct client data, check liquity"
1968395608,sid-E876736E-D558-4B97-AD22-D673719FD596,"cancel order, check stock"
1968395608,sid-42AEDEF9-C6CD-45BE-87FD-3A3AA4B1703C,"order material, produce spare parts"
1968591363,sid-69CA4FB3-F659-4592-8318-63181425228D,"E, N"
1968591363,sid-46570922-D5B8-4F7F-8905-CA1A16632DDC,"J, K"
1968829131,sid-A25D6D65-2700-4B39-BBB5-FD2818DE3D70,"H, D"
1968829131,sid-1956A182-00EE-4695-AFEE-A734F24711B8,"D, L"
1968829131,sid-08C8FE8C-DF56-4871-8FBB-8218E78CB931,"K, G"
1969532296,sid-53FE7F95-5CAB-4440-828B-4940297647FD,"I, "
1969532296,sid-A1077171-61E0-490F-A880-B17549BCC1F3,"Q, J"
1971008015,sid-3535B457-CA27-40CE-9C01-668C9B1CBAFB,"B, C"
1971008015,sid-A2B7EE78-5DBD-43B2-B3F0-F2F6E535074E,"AA, "
1971008015,sid-95E1E2FA-240D-4598-96DF-AF44E6E66B34,"AA, Exclusive_Databased_Gateway"
1971008015,sid-593BA795-F799-4C3B-B989-2E755FFA4AD3,"AC, Exclusive_Databased_Gateway"
1971148151,sid-557B35E7-4445-49FA-A8AA-830397958B24,"send forms back to applicant, form checked"
1971219909,sid-283DA4AB-684D-490F-84E2-E0A66D1746D1,"B, D"
1971219909,sid-F0FBDF59-D4AC-4FC9-8698-5F17ADFBC735,"F, I"
1971656748,sid-FC14CDCC-937E-4461-BCED-031A92F71AF8,"Individual, Professional"
1971656748,sid-31B441E9-17ED-44F6-BF79-9299F61EB548,"New Trading Name, Existing Trading Name"
1971656748,sid-C5B0F62A-7D76-44EB-BB1B-897D230AD342,"Partnership, Company"
1971932348,sid-5822C02E-A3EB-46FE-965E-283838814784,"Ask for correct data, Check double rental in one period"
1971932348,sid-5F199324-1887-439E-8076-E623BEAA14F4,"Match choice with car stock of rental station, Cancel rental order"
1971932348,sid-78B7F11E-30CE-4617-81D1-688B0F65EC0D,"Look for car in neighbour rental stations, Check car booking"
1971932348,sid-C1D3A7C4-42D8-48FE-9672-D65B8CABFE2A,"Transfer car to rental station, Suggest other car type"
1971932348,sid-00A89712-2CC4-4EE7-98C8-1D1EB6157596,"Send cleaning notification, Check car booking"
1971932348,sid-49FC155E-D576-482C-A9BA-B09F77B2FEBB,"Process order to clerk and save in DB, ask for missing # of cars in other stations"
1971932348,sid-0F69F68C-2E13-4558-BC00-37C18D79CDB0,"Maintain car, Give out car"
1971932348,sid-EF4C8FFC-8F23-4918-A594-6DD20C716324,"Receive car from other stations, Ask for cars in other rental stations"
1971932348,sid-42C6B59A-BB9A-4BAD-B529-24198218131C,"Submit car choice, cancel rental process"
197345584,sid-CA8685E3-B0F3-47E7-9373-D17AA7100AAF,"Get Up, Continue Sleeping"
197345584,sid-74E693B8-1CBD-4971-8BD4-9A244ED9761B,"Eat Breakfast, Shower"
1973852789,oryx_205FA36E-363F-4164-9F04-7CBAF4A80D4D,"ID32.03.03 Put Liquid/ Aerosols and Gels into transparent pouch, Exclusive_Databased_Gateway"
1973852789,oryx_60D21506-713E-4488-84B0-03AEF7FC763A,"oryx_60D21506-713E-4488-84B0-03AEF7FC763A, ID32.03.04 Dispose of LAG items that exceed limit"
1974135947,sid-7124E624-2DD9-4C9E-ACC3-A33EA546FF66,"C, D"
1974135947,sid-30BD6DB2-AAED-4EB9-8BA1-A43C3ED93609,"G,"
1974135947,sid-04409193-E722-420F-99C7-088942BEB45C,"I, A"
1974135947,sid-E036BCCE-D24B-4704-A840-7279FF8C6CF2,"B, H"
1974160142,sid-5A65BC96-0896-4818-9416-7D8609999343,"Check inventory level, EndNoneEvent"
1974160142,sid-FE5AE3D3-64D0-4211-B081-D3FD756A8D53,"Exclusive_Databased_Gateway, ParallelGateway"
1975345833,sid-4A295970-7AEA-482F-B643-FF27995A380B,"request shipping details, check inventory"
197567110,sid-16A4774F-651B-4835-B15D-85DB144552B6,"C, B"
1975778300,sid-5AAEA15B-06D5-4178-8E9A-9A9241A2B19C,"Invoice Incomplete, Check Invoice Completeness"
1975850781,sid-EDD348C2-8496-4870-B96B-864764E845AD,"A, B"
1976185243,sid-C82D5559-85B4-4D47-9685-C4E24065F730,"F, "
1976277866,sid-6BCBCC25-08DB-4C37-A7BD-D1AD766EBE7A,"Spend all, Spend not all"
1976277866,sid-A14DA074-3667-4AA0-871C-77953F062339,"Spend not all, Spend all"
1976861979,sid-224D85C0-B743-429F-BB3A-967B5EAF71A9,"change order status, check number of reminder sent"
1976861979,sid-E02935B8-6543-43CA-B267-4B05112F6BC2,"send a reminder, go to court"
1976861979,sid-52EFB440-9A06-415D-B418-6872556F8507,"send refusal, place the order into the system"
1976861979,sid-F7E6480B-0F98-4EF8-8954-B41D91AD64DB,"produce products, Exclusive_Databased_Gateway"
1978161710,sid-C364EE61-F44C-486E-83F1-BCDF50301BD9,"B,"
1978257611,sid-41249405-5F9F-4AB9-8388-3EC5601ABE22,"No predecessor or successor names available, no outgoing edges."
1978257611,sid-30CE8D9B-6E48-499A-9FA1-4ACB6ACE75D6,"Handle non-compliant Invoices, Check for compliance"
1978257611,sid-6C273096-699D-4AEF-A783-74F28FF10DF6,"Add vendor # to Invoice Entry form, Check for SAP Vendor"
1978257611,sid-AC16876A-E67D-498B-B71F-CC290E781BEE,"Place invoice in high priority box, Place Invoice in low priority box"
1978257611,sid-38B56B9C-D2F1-4751-8F3C-A9672E9DF04F,"Validate Invoice, Check Report against IEF"
1978639480,sid-DD8A7E9D-0D22-4B59-B2C6-4723DE8F789F,"Prepare Rejection Letter, Prepare documentation for onboarding"
1979935031,sid-21AA3C2F-86C4-4194-82B0-246DDCEEB119,"Development, Implementation"
1979935031,sid-9CA6C620-D484-4E61-A2B1-1A1753953E55,"Simulation, Improvement"
1979935031,sid-5A4F57E5-3F37-4A4D-ABDD-05BC4874409B,"Analyse, Discover"
1979935031,sid-45FF3509-97B8-48D8-B6CB-AE7D8161AC3E,"Rules Engineering, Development & Implementation"
1979935031,sid-8C62DF7F-3ACE-43CD-A8F0-9E43C27DBE18,"Design & Architecture Decisions, Analyse, Discover & MashUp"
1979935031,sid-FFF5226D-B60A-4BEE-A9C3-B5A5F40A0096,"Build, Test & Deployment"
1979935031,sid-045C35E9-6902-4FC7-A1C9-C6C4C147034E,"Monitoring & Enhancing, Operations & Executions"
1979935031,sid-F91073BD-A472-4EF8-82F3-4BAB0AC23FB3,"Operations, Executions"
1980050838,sid-8759DBF7-0575-42AE-B78B-BB51F7B00E47,"B, Q"
1980102942,sid-3EC7EF69-45FC-4A40-BDDB-4DF95F96BEEB,"AO, Exclusive_Databased_Gateway"
1980102942,sid-5BEB926B-8A01-4549-9513-E5DEBE77E0EF,"F,  "
1980293187,sid-90216933-80A5-47E2-9F71-7723DD80A5F7,"O, L"
1980751334,sid-D7CB6C60-1187-4F7C-BF1A-5D52A2548F47,"book bus, Exclusive_Databased_Gateway"
1980751334,sid-63A6DDB3-31C3-4392-98BA-29BAE96256BA,"book hotel, check availability hotel"
1981051379,sid-F8814709-30B4-44FF-8F31-0CA76A534AB1,"G, "
1981051379,sid-6BDB156A-7565-476D-B0E7-A0F157B05BCC,"H, Exclusive_Databased_Gateway"
1981051379,sid-1AA45787-B9FB-417A-8042-144BAFB19B17,"I, Exclusive_Databased_Gateway"
1981051379,sid-EAD62BBE-A3E3-4280-9C86-62FC3FA4C185,"J, N"
1981295822,sid-B2B3DAEC-547D-4420-9386-57D330EFED01,"N, M"
1982119210,sid-3473E458-AC7C-48CC-ADDD-0240B67EEF12,"Phone client to request required information, EndErrorEvent"
1982119210,sid-A09CDDD2-5534-4C38-83AF-94F6C39B66A3,"Return invoice to client to complete, Recall Client's SLA"
1982119210,sid-97D4E4CF-BBEE-4451-B099-8272DF002491,"EndNoneEvent, EndErrorEvent"
1982119210,sid-1F768282-461B-4DD8-823F-8B10ECBE3BFF,"Update invoice batch to validated, Validate data entry for invoice"
19824506,sid-D3D32059-12BA-436E-8630-01BF6D5BA003,"Exclusive_Databased_Gateway, IntermediateMessageEventThrowing"
19824506,sid-80F10660-69B9-441D-A4CD-1D7602ADEC72,"D, "
19824506,sid-AEAAAB6E-1CA3-4A4F-B14A-52C31A8756DC,"G, F"
19824506,sid-7A92CA2E-31AC-47B8-AD78-F5B4F372AD86,"Exclusive_Databased_Gateway, Exclusive_Databased_Gateway"
19824506,sid-47A5487B-C176-447E-9A84-C4ACDBE6D7A5,"N, I"
19824506,sid-326EEA8E-D2A9-45E6-9613-4A659517C829,"L, "
19824506,sid-3DD9D8E0-0CD8-4680-8A29-62B7FE227F56,"sid-3DD9D8E0-0CD8-4680-8A29-62B7FE227F56, EndNoneEvent"
1982645399,sid-FED8D1EB-AE24-490A-8ACA-82BA1F187B50,"O, N"
1983507203,sid-0B818F51-B54C-4345-B711-14CA22079096,"Play overlord card, Draw two overlord cards"
1983548065,sid-6098120C-2E28-48CC-8702-58BB19265022,"Update the customer database, notify the customer the code is not valid"
1983739739,sid-572B5BB2-9253-40E6-9948-246002BB2B27,"Y, Z"
1983739739,sid-1AA5441C-19BA-4E7F-A44D-6AC57D87B555,"A, L"
1983739739,sid-D0236F03-9A2E-4563-B52E-232D49173C78,"E, B"
1984823117,sid-DD89B30D-F605-4582-BA4A-8FCC55DBBF05,"sid-DD89B30D-F605-4582-BA4A-8FCC55DBBF05, sid-DD89B30D-F605-4582-BA4A-8FCC55DBBF05"
1984823117,sid-3AE7B984-A56A-453B-91E1-763CD40808F0,"Reapply for windows 7 migration, Get Business approval to stay in current unsupported Operating Environment"
1984823117,sid-7A56DAFC-1763-4C2A-82E3-0F534F2CD56F,"Franchise migration not Migrating in NYC, Franchise migrating in NYC"
1984913510,"really
deceased?","really deceased?, infringement cancelled"
198497389,sid-0F4D8CC6-0B02-47C4-8829-BC646B535241,"Go to space to replace, Perform luggage check-in"
198497389,sid-14EC09F5-E533-4B67-9151-EF292F770F98,"Go to oversized bag drop area, Finalise check-in"
198497389,sid-F836F5B2-2D6F-4C14-B56D-7D48623818CA,"Get tourist refund scheme item checked, Get restricted items checked"
1985737999,sid-997DC84A-0714-4638-8FF2-96C358ED1828,"Further Screening required, Undergo Security screening"
1985737999,sid-764705A3-C6F7-457C-B009-767E3D78B500,"Passenger is denied permission to continue, Passenger is allowed to continue"
1985737999,sid-F8DA5CE6-DE8B-4699-9B2F-F677154BD1FB,"Take Passenger for secondary screening, Ascertain whether passenger can proceed"
1985737999,sid-8316392A-D807-42D4-8879-5469376B9CA0,"Allow passenger to continue to restricted area, Disallow passenger from continuing"
1986074944,sid-CC8349D4-2C67-40C2-91B8-5E9219AF4089,"Decide on action, Check invoice compliance"
1986074944,sid-935DCB9A-15D3-4890-A021-1D2A411EA7B6,"Check if invoice returned, Invoice received"
1986074944,sid-3DD5D479-5F9C-4CF2-B176-85A0293687E1,"Follow up via phone, Task"
1986074944,sid-467E9BD9-5DA7-486A-AC79-C5432E512660,"No predecessor, No successor"
1986186421,Business impact valid or not,"Receiving further info and make action plan for next steps, Rate the message"
1986186421,sid-2CBC70E3-C0E6-4B0A-A0F7-C2216FC7D733,"Request detailed info if situation is not clear, MOD or coordinator judge on the request for business impact"
1986766503,sid-0586AFEF-B8B0-4CC9-A91B-3B9C18BEB315,"Reject application, prepare acceptance pack"
1988450889,sid-492DC19C-5F47-4706-B8C6-61BD59430627,"Loan approved, Loan rejected"
1989268384,sid-3D64E310-0D2D-4E0E-B6B1-C57B28F3647E,"Assign penalty points, Exclusive_Databased_Gateway"
1989268384,sid-B0E11ACB-7FA2-4F94-8BE3-B9BE0E63BA23,"Performing work acc to a role, Present the project"
1989388723,sid-D5243B36-E2AB-4260-8611-1C29942E1093,"H, I"
1989460845,sid-96984106-FFC1-46AE-9FFC-A11232FB0DD8,"AA, X"
1989460845,sid-FB5CC094-2163-4506-A545-7DA5367DC286,"AC, X"
1989460845,sid-B18D19DA-D7B9-4BA6-BEC1-81A95C242783,"AC, AD"
1989460845,sid-30838445-EF2F-4342-AAE2-403F082C1E6F,"AI, "
1989460845,sid-A679757F-46DA-494C-901D-D916D5D9908F,"A, F"
1990596758,sid-D6DD1EF6-BC35-424C-BFF5-F7EB79E1ADF0,"D, EndNoneEvent"
1991010479,sid-CA87C3B0-D252-4923-BB40-2AA763E0EC4F,"Task 1, Task 2"
1991010479,sid-A2B0C73B-D14C-448C-BDB9-6B058626B270,"Task 1, Task 2"
199140025,sid-E33E6E51-B8A8-4939-A833-98429AB56D59,"T, "
199140025,sid-356014F7-C664-4237-8E16-B388EAC3E2A0,"F, AB"
1992184163,sid-16D00D59-88B9-4CD8-A962-3FBD3F1B9672,"E, I"
1992184163,sid-855F4C80-52CD-4A84-8C7C-82E940937671,"F, EndMessageEvent"
1992184163,sid-5244AFB5-6917-4287-883C-28F5216FC99F,"sid-5244AFB5-6917-4287-883C-28F5216FC99F, "
1992184163,sid-BCAC09E4-361B-436F-AB10-0672FA1FB6E7,"J, "
1992184163,sid-E6CA4869-8B8F-44D8-B226-3D6598B1F92B,"L, O"
1992294208,sid-F87A11B9-005A-4B63-B14B-EAC780520066,"C, D"
1992294208,sid-B84DED52-6C34-45E8-A94E-81E8A7A51784,"K, L"
1992660902,sid-B0F5BA71-5B8B-47BE-BEC2-780F91A5F1D2,"D, E"
1993077393,sid-3C224B22-5413-4697-B4F9-89DA832FEF49,"Operate patient, Non operative help"
1993077393,sid-A838E9F4-E58D-4085-8FAA-ACC16DF0CC45,"schedule next visit, Exclusive_Databased_Gateway"
1993077393,sid-C33070D7-D1BA-456B-9AFB-DD1C445FC0F7,"Apologize that hospital is not able to help, Check patient health"
1993286605,sid-43388D75-473C-4DB2-B143-524489C9F560,"Q,"
1993587082,"Do you need
to model your BPs?","Do you need to model your BPs?, Which part of BP would you like to model?"
1993587082,"Would you like
to execute your model?","Use WS-BPEL, Use BPMN"
1994000550,Consent to repair?,"Take computer home, Authorize repair"
1994000550,Able to complete repairs?,"Inform customer unable to complete repairs, Test if computer is operating correctly"
1994000550,Operating correctly?,"Perform repairs, Document repair"
1994053205,sid-F147F1DB-83C5-4C93-B2D6-B77262A66F5D,"Check Customer's Feedback, Exclusive_Databased_Gateway"
199441070,sid-13D98EF3-9CDA-4839-B188-E8DA95B1323D,"contact customer, evaluate order"
1994566889,sid-00A1940F-E6DA-444F-A2B7-CFE4CA9DC2D4,"Invoices archived, Check if payment issue exist"
1994727674,sid-3EFCBFC2-02E6-4C1F-B64D-8C0CC25D9279,"AT, AU"
1994727674,sid-249CE445-1233-4FA8-B69F-94C36BBC83BB,"R, "
1994727674,sid-20323718-D8B0-4974-AD0B-A702E2C386D0,"U, AA"
1994727674,sid-EFB2D8CA-3AE4-4B7D-99E4-763CF5A83210,"T, AE"
1995657625,sid-21AD7A13-F87A-4611-9447-46858315966E,"costumer exists, costumer doesn't exist"
1997544350,sid-14FDA650-DDFB-4A3E-A412-D31805EEA8A4,"B, EndNoneEvent"
1997544350,sid-529F17EB-4C4E-4663-BFA4-0CEA748764C6,"F, G"
1997890804,sid-21D6B83E-5B5B-412D-8BDA-D904378E7B78,"W, "
1997890804,sid-D38A6A09-C67B-443E-AD8D-DA156653BEB2,"I, J"
1998254111,sid-F17AEC47-F39D-4574-92D3-3D2C3A684FFD,"D, E"
1998964533,sid-2C1C5FCB-47F2-45BB-B50A-478A3FC6F520,"Sort invoices by Vendor, Sort invoice by Amount"
1999785051,sid-053C9587-E8B6-4982-A51B-14222B802EFA,"Get current genre list with sample IDs, Exclusive_Databased_Gateway"
2000311737,Enough information?,"Enough information?, Not enough information"
2000361489,sid-048AF566-96CA-4CCB-B250-3546D862157C,"change costume, concept & costume produced"
2000937604,sid-D3061DE5-3B41-4A7A-B3CB-B0D041E7AD6A,"Approved, Rejected"
2000937604,sid-76BCFA2C-BC11-48AC-BC80-6B87ABB3CF99,"Update Record state as Rejected, Approval Required"
2000937604,sid-AE025106-99E9-434B-8E17-B5E445E68481,"Update Record State as Approved, Updated Record State as Rejected"
2001556641,"Is the App.
Complete?","Inform Customer, Assessment process"
2001556641,"Sent Reminder
up to 3 time?","Sent Reminder, application"
2001957574,sid-96BD3449-B455-40C2-9252-85A43D4A178A,"Inform Customer, Order accepted"
2002317494,sid-1191F7B4-15EA-4F23-890B-CDFD48AC24A5,"Z, P"
2003761944,sid-0C2F7F41-3D78-4A79-93E1-502B348EF631,"sid-0C2F7F41-3D78-4A79-93E1-502B348EF631, sid-0C2F7F41-3D78-4A79-93E1-502B348EF631"
2004741895,Article Available,"Ship Article, Procurment Activity"
2005184755,sid-08E92486-E3AD-473E-B8BD-FF6CEDE484CC,"P, O"
2006950192,sid-6370EA61-48D4-425D-8E65-9DCE7167AE3D,"Check available bikes, Selling"
2006950192,sid-5C643359-482B-4ACA-829F-7972318E14BC,"Notifiy customer, Check available bikes"
2006950192,In stock?,"Deliver bike, Assemble bike"
2007135649,Table has changed?,"check CRM system if new returns have been filed, time before 2:30 pm?"
2007135649,new returns have been filed?,"register all defaulting accounts and customers, time before 2:30 pm?"
2007135649,client have been advised?,"produce new table and send to supervisor, time before 2:30 pm?"
2007135649,time before 2:30 pm?,"alert to supervisor, check CRM system for returns"
2007135649,time before 4:00pm?,"alert to supervisor, reconcile with existing account"
2007364306,sid-3F30A6C7-8CF2-4A51-B17B-DBCCD8D2344A,"Send Confirmation, Send Confirmation"
2007763577,sid-66193882-6B30-4EB0-AEE1-BC91BFBF4D8D,"B, D"
200809414,sid-23DF16E5-A445-43D5-9E4B-C720E4B283AF,"Sort Invoices by Vendor Number, Sort Invoices by Cost of Invoice"
200809414,sid-7C24447C-AA66-4763-B80D-86EE51CC0DDE,"Retrive Vendor Number from SAP System, Add New Vendor"
2008416057,"

Use Stored Payment Details","Confirm Payment Details, Create New Payment Details"
2008798269,sid-64198028-4C84-493D-9D94-F95CB3FFA8CB,"Hypertension not diagnosed, Hypertension suspected"
2008798269,sid-77543D02-CE99-49BF-B61B-574506EF3C45,"Review at least 5-yearly, Management of hypertension"
201085109,sid-B567D768-65D2-4676-B904-B950EF7EC822,"Purchase verification and adjustments, purchase requisition"
201085109,sid-3BAFF172-8B57-4423-A074-DE825DDA680A,"Create New Vendor, Purchase verification and adjustments"
201085109,sid-16446027-4D58-4932-A798-66CD8F71B8B8,"Declined - Order Sent back for reevaluation, Order Placed"
2011011226,sid-68B77AAC-A156-4ED2-BC56-72BB9F87CEA7,"one hour before delivery time, Send Cancelation"
2011580783,sid-6153515E-1413-4F85-8853-2C1EDCBD2F55,"Fill in request form, Add SAP number to invoice entry form"
2011580783,sid-A835250B-9A5E-4D04-B785-E105B625AD57,"Entry urgent, Entry non-urgent"
2012156043,sid-B2462000-C719-43A7-94F7-20EDBAB59712,"incredible price!, let's but it now"
2012156043,sid-6421D072-1235-4677-8620-3EC17EC8660C,"Create a quote, Is the quote approved?"
2012376573,sid-AFEA7F10-15C4-44EE-8B04-300AC88032E8,"D, EndNoneEvent"
2012376573,sid-9A7C870F-45F0-4FE8-AEA0-C5AB4FFF8B6E,"F, D"
2012711440,sid-94FB9202-92FA-4264-9805-C1A06D8D24F8,"M, N"
2012750182,sid-B6DBBF81-BC42-499E-9673-497396331E4B,"L, "
2012957934,"Inventory level is at or below minimum
","Inventory level is above minimum, Create purchase order"
2012957934,sid-8409454A-D5B8-48A9-B2A9-6D99F4A10DBB,"Reject purchase order, Approve purchase order"
2013132430,sid-EEFB75E1-5A7B-47BE-9A7C-EC5E05EC6103,"Do not renew item, Renew item"
2013132430,sid-AC8D397F-C2CA-44EC-91B7-54D2B3B85800,"Do not renew item, Renew item"
2013132430,sid-AFE7E91F-9721-4F4B-A0BE-08118682BB37,"Do not renew item, Renew item"
2013478768,sid-EE84B725-B568-4811-AAB7-960D48036515,"Highlight onto entry form, Assign preference"
2014193975,sid-AC66A307-E2C0-411B-A5F4-43CBC4A6EC07,"Message adviser to see if, Add/drop course using esis"
2015031809,sid-DBA18029-9B0F-45FF-8B58-1B81B3772DD3,"Phonecall to complete data, emptying the mailbox"
2015031809,sid-73BC0820-D28A-457F-95DB-B503DD778890,"pays the fee, does not pay the fee"
2015063965,sid-D1445054-35A0-49B2-92D1-11EF16246DE9,"new upp does not work, new upp works"
2015872820,Interstate Pipeline?,"Contact and Inform Retail, Request Contract Review"
2015872820,"Contract
Constraints?","Tap for gas delivery?, Advise Customer"
2015872820,"Tap for gas
delivery?","LDC?, C"
2015872820,LDC?,"LDC?, Tap for gas delivery?"
2016139539,sid-23EE0866-6D5D-486E-8371-C6F18D49D3E9,"I, J"
2016139539,sid-B56B04DE-0C4B-42B1-8B22-EC6294FE0A0E,"S, W"
2016139539,sid-32D25491-841E-4745-9BFD-6823D8900614,"W, "
2016139539,sid-D553D630-4112-447A-B57F-19556FC9A4BB,"E, S"
2016139539,sid-ABF5B9BE-D587-4AA5-AC2D-A857D90480AC,"A, "
2017393037,sid-6D13D4C1-63E9-4675-AB65-208FC1FF4422,"Denies request, Accepts request"
2017393037,sid-47FD12DA-6BEB-43C3-A617-8C195C412A36,"Send comments to the request, Accepts request"
2017922524,sid-E2EA40A2-006F-428C-863B-782FE026C682,"I, H"
2017977967,"Pricing 
and terms
satisfactory?","Inquire about availability of products, Submit purchase order"
2018008569,Entscheidung,"neoadjuvante Chemotherapie, neoadjuvante Hormontherapie"
2018242375,sid-A91AEE8C-C2A9-4026-AE01-77D8FE184D92,"Create Purchase Order, Check Current Inventory Level"
2018242375,sid-923896ED-1643-4EB3-AB44-2A1C84474B1A,"Approve Purchase Order, Reject Purchase Order"
2018353346,sid-2E2AB202-FC5A-4FAB-83B0-B328060F0B3F,"fill registration form, notification mail"
2020463760,sid-D6784607-4AC9-4875-A1B7-D75B407D96C4,"E, D"
2020463760,sid-3BF23E7A-6F2A-4C17-8CD3-A9A9CE9E03DE,"A, I"
2021064736,sid-ABEF2D56-DD8A-4E0A-9E68-7A22933B1DFF,"AM, AJ"
2021064736,sid-728B5A41-9D5E-43C0-B433-DEE89F278B0B,"BB, AR"
2021698855,Vulnerability found?,"Vulnerability found?, No vulnerability found"
2021820568,sid-20A2313F-E331-4427-8394-5875F938987F,"Manage others, Manage your documents"
2022154487,sid-504FD0C1-2B7D-4856-800D-FCD284AA1E72,"B, "
2023033256,sid-64FC5B46-47E5-4940-A0AF-ECE87483967D,"G, F"
2023035164,sid-392F9DEA-DECA-4CB9-BC86-C7181C87D583,"Make initial offering, Tax on the field"
2024191395,sid-A0A597B1-6093-4D9E-AC3C-EB7A15EAD6D4,"refuse request, accept request"
2024191395,sid-A93A4D00-857F-4509-8B4F-800D668325A2,"refuse request(loan <2.000 or >100.000), receive request"
2024191395,sid-C59C585C-FF1A-4D06-90F3-8AC1AC06A4AC,"security check(loan > 25.000), security check by schufa(loans between 2.000 and 25.000)"
2024191395,sid-E74CCB13-C013-4440-85F4-72971268B184,"offer 12.5%(security good), offer 22.5 %(bad security)"
2024191395,sid-BE254F27-E1B2-49A6-A0A2-63CEE4AFF327,"offer 15%(good security), offer 22.5 %(bad security)"
2024798397,sid-50025693-910F-45CF-8FB9-83A22990DC49,"A, C"
2025668405,sid-89893B49-9CB3-41D6-916E-5AA847168DE0,"Perform a work according to the role, Present the project"
2025710215,sid-ECD3CF36-FFEE-4370-A381-F8D749192B93,"C, A"
2025710215,sid-C89C8255-D526-40D4-B07E-931CE86E27FB,"Exclusive_Databased_Gateway, EndNoneEvent"
2025710215,sid-8E476C13-DAB5-499F-BB2C-E6802E6B3962,"sid-8E476C13-DAB5-499F-BB2C-E6802E6B3962, sid-8E476C13-DAB5-499F-BB2C-E6802E6B3962"
2025710215,sid-17495248-D22E-401B-9B9B-D0A6D6734759,"Exclusive_Databased_Gateway, EndNoneEvent"
2025710215,sid-141E3DD3-A5E5-403C-8355-047FF01F7ECB,"sid-141E3DD3-A5E5-403C-8355-047FF01F7ECB, AB"
2025710215,sid-FCF91469-CC5E-4411-87DA-62E2EDD23049,"AM, AL"
2025710215,sid-00D1AC0A-FAEF-494B-829C-3CFA6965A999,"sid-00D1AC0A-FAEF-494B-829C-3CFA6965A999, sid-00D1AC0A-FAEF-494B-829C-3CFA6965A999"
2025710215,sid-DBC5F84E-7BF1-4021-8C1E-9BF44A71C92B,"sid-DBC5F84E-7BF1-4021-8C1E-9BF44A71C92B, sid-DBC5F84E-7BF1-4021-8C1E-9BF44A71C92B"
2025710215,sid-F93F0F73-61B2-41EA-948B-202B31CD5584,"sid-F93F0F73-61B2-41EA-948B-202B31CD5584, sid-XYZ1234567-89AB-CDEF-1234-56789ABCDEF0"
2025710215,sid-A34CB582-E7EE-45E8-89CF-F57B2EFD576E,"sid-A34CB582-E7EE-45E8-89CF-F57B2EFD576E, sid-A34CB582-E7EE-45E8-89CF-F57B2EFD576E"
2026274541,sid-BDA154F4-2B50-4512-AEC1-6064C5924F6F,"R, Q"
2026274541,sid-41734281-AF5C-47B8-BACF-4D99E1334758,"sid-41734281-AF5C-47B8-BACF-4D99E1334758, sid-41734281-AF5C-47B8-BACF-4D99E1334758"
2026274541,sid-2EA5B421-DC22-430B-8B29-6738E6E6B15D,"I, "
2026274541,sid-80597076-EE6C-4BD9-BA01-0D5EE4C8A458,"D, E"
2026383743,sid-F87EE402-F7D1-44FE-AF28-EC200955163D,"D, E"
2026383743,sid-F86F15C0-827B-4C42-9613-FEE9053DA5F7,"H, F"
2026383743,sid-22C04257-8290-4087-A4D3-0952B33A656F,"K, M"
2027253984,sid-CEA299C6-6BCC-4393-BB4C-D771FE20DDD3,"Determine the Client service level agreement, Indicate completeness on invoice entry form"
2027253984,sid-D691BD99-242F-451D-BF08-514F4A47F897,"Determine the Client service level agreement (SLA), Look up SLA arrangements on Excel file"
2027253984,sid-FDC41D4C-2EA2-494B-B3F5-51907C39A3E2,"Put red stamp on invoice entry form, Determine if invoice is urgent"
2027253984,sid-123C47BA-A3E7-4E18-91DF-424C32B941E8,"Determine who can clarify the compliance, Check invoice for compliance"
2027253984,sid-D975B775-635B-4765-A35F-7BF04C18A7FB,"Send invoice to experienced SSP members, Send invoice back to client"
2027253984,sid-C1E696EB-6097-4C9C-8540-9584A0132C50,"Check if urgent invoices are present, Check if Vendor is in SAP System"
2027253984,sid-F3C2B2DA-5A52-43A3-9069-9AD8F4D148EA,"Request for Master Data, Check if Vendor is in SAP System"
2027253984,sid-580ECFC9-EDA0-41CD-AC6E-13979005AB3C,"Request for master data, Determine if vendor master data is in SAP"
2027253984,sid-2F3A11F0-9C21-452F-82CA-F8123E96609E,"Check the box ""invoice entered correctly"", Highlight error on entry form"
2027253984,sid-4C226D70-4BA0-402B-A04F-528B736FD475,"Determine the Client service level agreement, Indicate completeness on invoice entry form"
2027253984,sid-0DFC2074-516C-4A7E-BA26-8B3BA47286DA,"Determine the Client service level agreement (SLA), Look up SLA arrangements on Excel file"
2027253984,sid-80679915-DEDE-49DF-A293-425C7EFFDFAB,"Put red stamp on invoice entry form, Exclusive_Databased_Gateway"
2027253984,sid-98DB5038-6628-489A-A36B-ED40026F67E9,"Determine who can clarify the compliance, Check invoice for compliance"
2027253984,sid-D99212BC-E14C-4177-BDA4-E6838F5B89A1,"Send invoice back to client, Send to experienced SSP members"
2027253984,sid-14D9026C-9D3B-400A-AB64-9DAEB0229F25,"Request for Master Data, Exclusive_Databased_Gateway"
2027253984,sid-89E034C2-3F1C-460F-8675-774E90F8BA77,"Check if urgent invoices are present, Check if Vendor is in SAP System"
2027495799,sid-2F23194B-46B9-451D-8AE1-210F80B4C9A0,"D, E"
2027644428,sid-49E5E50F-92DB-4513-B93F-52713FBE2DCD,"Update registration & counts, Update registration"
2027792444,sid-48DDD6F0-D21F-4296-9BEA-8C5D3BA68245,"A, D"
2028526711,sid-C2B313B5-9454-4A27-9170-878D60520256,"B, C"
2028526711,sid-0A9A6B4F-4C84-4D7D-9AD6-A7FFCB4123A3,"X, Y"
2028526711,sid-9FB1A9FD-4168-4052-AFA4-CE617A4C8CE2,"AD, AE"
2028526711,sid-17F9D664-944A-489D-A25F-8CFE75E7E6DD,"AG, AH"
2028526711,sid-F8638A6E-EC01-4153-A29E-4B19CC5406EC,"S, T"
2029188028,sid-4FCBA5DE-A643-4B27-A4F0-F1F9AD1CA6D2,"Approve the request, Exit website"
2029188028,sid-87FA276A-BAED-4F31-B6C3-0A4A28EB0C4A,"Check class availability, Reject student request"
2029188028,sid-127A3473-14C4-416D-B7E2-531B7E5EC73E,"confirm student request, Notify student"
2029197584,sid-4C56E77A-899C-41E3-817E-734C48C8EBAE,"Send Invoice Back to Client, Check SLA"
2029197584,sid-576B3D8C-3D69-4AAD-8E8F-D21E0740D00B,"I'm sorry, but I can't access external files such as Excel documents. However, if you provide me with the names of the successors, I can help format them as you requested."
2029197584,sid-6C1CD089-CF05-4BAB-B487-95A6A5CFBE0B,"sid-6C1CD089-CF05-4BAB-B487-95A6A5CFBE0B, sid-6C1CD089-CF05-4BAB-B487-95A6A5CFBE0B"
2029197584,sid-DB965B06-5BFD-4CE5-A3DD-FFFE7F6E6D9E,"Send Second Reminder Letter, Send First Reminder Letter"
2029611234,sid-AD491782-39C4-4702-B1DE-CA4470D864A1,"review report, create account"
2029611234,sid-C4FDC674-F754-4851-9D2C-00F249DD33D9,"evaluated expense report, review report"
2029611234,sid-9AEA8091-6AC4-416B-8CA2-12951A25DF8D,"evaluated expense report, send rejection email"
2030019691,sid-782C96E3-A1F6-4152-A31F-1AFFD3ED7557,"UPDATE-ENV, UPDATE-ENV"
2030168628,sid-C0021B90-04B6-4561-8B93-59EB63F3E4CA,"Hang up, Close the call window"
2030168628,sid-01E91DF4-7361-4BCA-9E4C-A2495BEEFC34,"Cancel, Confirm"
2030585602,sid-E4C96AFA-417E-460F-A4E4-074F294FF0A9,"Change the duplicated agenda, Approve"
2030668725,sid-5BD6DBFF-B231-4D80-8D7C-E0BF134E2299,"Go to airport service desk, Go to check in counter"
2031491564,sid-727C6B52-DFEC-4B12-AEB5-9F4EFBB1BAF0,"Sign In, Enter shipping details"
2031582945,sid-46B44610-9965-44FB-8EE8-6E9BF8F985D0,"Staple invoice entry form to front of invoice, Client returned completed invoice"
2031582945,sid-978AA840-9631-41EC-8842-29C559C4C8A6,"Invoice Incomplete, EndErrorEvent"
2031582945,sid-0C653C59-5C7F-4DF7-995A-1C173E36B2A4,"Check SLA arrangement, Exclusive_Databased_Gateway"
2031582945,sid-E003F247-68F3-4555-8D17-1D58C1C864D9,"Invoice is Urgent, Exclusive_Databased_Gateway"
2031582945,sid-687371A1-5FC9-45B5-A50D-A337395E2AA1,"Invoice Non-compliant, EndErrorEvent"
2031582945,sid-542DBC44-2FFD-460E-8BC8-D12BE2CF7502,"Put invoice into inbox, Process Invoice"
2031582945,sid-1944D0DB-1251-4D90-9356-65CBEFC80D34,"Add Vendor ID to entry form, Vendor ID missing"
2031582945,sid-5D97C8B4-E575-4A07-87EB-0F3C5C7325DB,"Tick 'invoice entered correctly' on entry form, Data entry error"
2031582945,sid-EA25DD29-82C0-4C47-B713-1F23281CD84A,"Request payment information, Invoice payment"
2031582945,sid-E5A1A792-5C62-4B2D-8AF8-06F50779ACE1,"Request payment information, Payment Report"
2031732967,sid-40917C0A-ADF8-4FB0-BDF6-014552E17DB7,"J, G"
203197147,sid-05562C31-EF92-41CB-B071-58B6C10A91A6,"Collect cold goods, Exclusive_Databased_Gateway"
203197147,sid-1489CC05-B94A-4D85-9941-FEB7FF59CC55,"Create/change customer profile, Choose/Remove goods"
203197147,sid-1A92320C-DA8B-4CFC-AFB1-A2BE25EB81DF,"Retrieve order, Cancel order"
2032449911,sid-CE00AFC3-8672-417F-B7F6-93C7194F2B10,"AL, AH"
2032449911,sid-74F77ADC-FFB7-40BE-9A46-31F172130502,"AM, AN"
2032449911,sid-8A78655B-F7D9-40B4-B646-A360DF46F7F2,"V, U"
2032449911,sid-D3F1BA09-A8B9-4E16-AB0D-904438D17252,"X, Y"
2032449911,sid-56452C45-1770-47B3-BC6B-B02EAC4A404C,"AC, AD"
2032449911,sid-C606B7C5-286F-4387-B5DC-74720EE095F4,"AF, AG"
2032586002,sid-48FC461C-98C3-4D10-91C3-6F6A67696986,"Assign penalty points, Check process model"
2032586002,sid-BFA501DF-4E42-4C74-8E89-F3693F678C90,"Fix the process until next session, Extend process to 1,2,3"
2033265575,sid-1C4CE957-0853-4067-8F21-083094A8217D,"Conditionally approve student loan, Approve student loan"
2033438585,sid-0FEF2092-A234-4A95-A4DF-A2B3528D661C,"Not available, Available"
2033438585,sid-86EEBC18-D87A-434C-B051-68AEF6B1B3EF,"Buy, Rent Lease"
2033446470,sid-11D1E5C6-AE64-44A7-93A6-BBE3F4EF2655,"ASSEMBLY, FINAL CONTROL"
2034280202,sid-A85E25C9-F8F0-489B-8F83-935BFFE3ADD5,"L, M"
2034280202,sid-88C4D331-04E1-4EC1-BD9D-1641342B0E07,"Q, R"
2034286213,sid-2FC22563-BEF5-4FE5-9392-746E0F81D7D5,"asign penalty points, check process"
2034286213,sid-4057FEE2-0D41-442C-98AF-C44E84B798CD,"Perform work according to role, present project"
203524127,New findings?,"Recalculate refund, Send letter of denial"
2036199143,"complete 
or not?
","Tick invoice complete, incomplete invoice"
2036199143,"SLA 
knwon?","Lookup SLA on Excel file, Exclusive_Databased_Gateway"
2036199143,"invoice 
urgent 
or not?","put Red Stamp on invoice, check if invoice is urgent"
2036735616,sid-2F3BF781-0AB0-4EE5-BD91-AB618228E1F4,"U, AC"
2036735616,sid-B59F1CE9-2C3F-4899-B7E6-5D7AE56EB009,"AA, AD"
2036735616,sid-F3CD92E5-5B92-4AE0-9284-F6BA192A9655,"AX, AT"
2036735616,sid-FD61D594-30B5-472C-88E6-88EAE8F7FC5F,"AY, AU"
2036735616,sid-D6C7FCEC-BA70-4C93-A98F-1D6D7F646BFE,"K, L"
2037387716,sid-4C873F86-D9B4-46F3-B25A-58C282900C55,"Tick Yes, Tick No"
2037387716,sid-774A9DE1-4BCA-4AA8-9154-C68C176A1DA6,"Tick ""invoice entered correctly"" box, Highlight errors on invoice entry form"
2037923865,sid-EF4C4BC1-757E-44CE-9E00-F53DFD12D868,"Rework Purchase Order, Reserve Funds for Payment"
2037923865,sid-BA5AFC22-8E38-45CE-BCE2-9B491AC832D5,"Create Purchase Order, End Process"
2038377911,sid-5485AE3B-70E9-4EE3-9A05-9BD0AE902BC9,"C, D"
2038900247,sid-77C5E910-0439-422E-A838-E90743A7EC88,"Notifies Moravia and particular vendor, Offers the proposal to a different vendor"
2039078122,sid-63C5E4D0-9FE5-4258-8252-85D8F5ABB9F6,"B, F"
2039078122,sid-E77BEF3D-97B9-4560-9680-7B63A0E687AE,"H, Exclusive_Databased_Gateway"
2039078122,sid-75AD5BB8-C294-4DE7-BB1E-84FA2B19BC28,"M, J"
2039160006,sid-D7066E91-3296-434A-B27A-0E0369346C02,"EndErrorEvent, ParallelGateway"
2039160006,sid-566C8AAC-8A27-4060-9098-592B744BE601,"Intermediate Message Event Catching, Event Based Gateway"
2039163067,sid-194CE9AF-914E-4E3F-9DB3-0081B3586CC7,"Form sent for amendment, Review Change Process 3"
2039163067,sid-F94A89CF-A447-4C30-8717-FF51217BC88B,"Amended Form, Check number of reminders sent"
2039163067,sid-8B593F3D-EBA9-4CCB-989D-AAEBA8EEFA03,"Increment reminder number by one, Disregard Change Request"
2039671051,sid-CFFF8A79-8BAA-4404-ACA3-54C969D01035,"Create Purchase Order, Check Inventory Level"
2039671051,sid-4AE72DEB-5996-4C9F-9DFA-42B1517291C9,"Rework Purchase Order, Reserve Funds for Payment"
2039715783,sid-C175F67D-EA50-44C3-93F9-879B60114549,"I, K"
2039715783,sid-9B2F7650-46B8-4551-B6CD-EFB41F24B65C,"T, Q"
203978807,sid-FA34A47E-6B64-4657-9F64-4A638E7CFF80,"C, B"
203985736,sid-124AF32F-BCC5-4058-AB82-FF6A310464CB,"S, J"
203985736,sid-DE0E85A2-1321-4C61-B4DD-41A37E40CDC9,"N, O"
203985736,sid-FA052234-EB12-4980-9225-76B2042F2A3F,"R, T"
2040140914,sid-FF238B16-1094-4708-9AC6-6F7516BD8701,"install, order"
204078895,sid-015BB220-86E8-4816-878F-BA6AF7F535F7,"Injury, Contract Termination"
20410881,tiramisu offered?,"order no desert, order a dessert/ tiramisu"
2041503586,sid-42EC810B-FBFC-453E-A700-6660DAD3E71F,"E, F"
2041503586,sid-0B4CD4E7-B48B-4479-933F-6FD8E9F8A7A4,"H, AG"
2041522139,sid-1553B45E-E3B4-426C-B6C6-F38F4FB0FF83,"Refuse order, Accept order"
2042121131,sid-E9630FC8-1D71-4E0F-BD77-16A69B9DA9B6,"H, I"
2042182801,sid-A77F10FD-B8A1-4714-8823-776BB9DCD026,"C, B"
2042319456,sid-124A3293-22E4-4D5B-A0E9-CAC986258EF2,"Put hand luggage in tray, Exclusive_Databased_Gateway"
2042628872,sid-7B8685A1-EC1C-46AA-B25F-E7555EA5A7E4,"M, W"
2044017926,sid-E646D7F0-AE43-4867-BDA5-E8AB24BED6ED,"D, C"
2044017926,sid-9FC4D3EC-AEAA-4F2B-A4D3-894C97B68411,"AF, AH"
2044017926,sid-95A1C989-F805-467E-886D-BF428F143CFB,"M, L"
2044017926,sid-7E5DFE1E-7EDB-4DE2-81D9-B19AFCED53B0,"Exclusive_Databased_Gateway, ParallelGateway"
2044017926,sid-85ABDAED-D400-4D15-8C75-AA558CDA00BB,"P, Q"
2044334034,sid-2299B56E-59A2-45D5-8C40-4FDC980CEF3F,"ask for the bill, order Tiramisu"
2044556727,"Have three
reminders
 been sent","Inform customer and close transaction, Send a reminder to customer"
2044556727,"Mortgage 
offered","Prepare mortgage documents, Inform customer of rejection"
2044869862,sid-7F9BEF4D-2FAD-49F7-8D1A-834DA4C80189,"generate error message, check for update since signed"
2044869862,sid-FF2EFE76-C38A-4B6B-9FB2-A2A4E19A7C2C,"check lodgment acceptability, check for update since signed"
2045345410,sid-70780C14-311A-49C1-8F99-440241F0ED41,"ship product, notify customer"
2045978194,sid-A4554BEE-11A7-4F80-87BD-882248679C42,"J, D"
2045978194,sid-B043E56C-9205-4516-864B-AC3F4DF00DA3,"F, H"
2046052818,sid-5CEF5AF6-72EC-47F1-953D-ED563027A1AF,"V, U"
2046052818,sid-218903BB-D337-499B-8BD7-BA8003FBA514,"M, Exclusive_Databased_Gateway"
2046835033,sid-E91A7AC5-A153-4B98-BA2A-7E28E6FA75E7,"C, "
2046864278,sid-05EE7A2C-1CEF-41C6-AD8E-8581BB34C997,"Request Accepted, Request Denied"
2047008651,sid-66860C04-FC93-4D9C-BFEB-BCD61F720258,"AJ, AK"
2047008651,sid-95EDB10B-F1FB-48AB-8F7C-2353BA94F001,"sid-95EDB10B-F1FB-48AB-8F7C-2353BA94F001, G"
204725137,sid-4958EA0C-F5BE-4D94-96C4-B0036F6A9B9B,"I, C"
2047613314,sid-CC55BBAD-883F-4F84-A06E-4DF0E5BFA46B,"error, success"
2047613314,sid-D21FEBA4-8CCC-498A-9DD3-7846A7FB7B8D,"Receive confirm, Receive error"
204815719,sid-2A4B902B-B2C8-4FF1-A01C-626947A4757F,"A, C"
204815719,sid-8A468A8C-AC09-4155-BDC3-E67AECE57715,"D, E"
204815719,sid-43B73CA4-C868-4ACC-B6F4-8A618275583F,"H, G"
2048186705,sid-D7EC0D73-BD3D-411D-AEA9-DD9DE6220BA3,"BD, BA"
2048550332,sid-DECD5889-C7F7-4C13-901A-B5C5C43D108B,"Task A, Task B"
2048931425,sid-0400EB6C-8723-4D3B-9E33-693684520215,"Receive Self-declaration and sign it, Receive Certificate"
2048931425,sid-A9AE4A55-EFA9-4E36-B1F5-0D13EC2283A3,"The recipient is Italian private/ foreign Institution, The recipient is Italian public Institution"
2049686246,sid-FEAB8F42-7BD8-4548-93BF-AAAC977A59F0,"sid-FEAB8F42-7BD8-4548-93BF-AAAC977A59F0, K"
2049735867,sid-83AB96C9-F437-4963-90AC-C84B4BDE3DAD,"B, E"
2049805130,sid-3F81373B-75F7-4608-AF1D-7AABE62F117C,"Assess Risk, Request Approval"
2049805130,sid-5088A7A2-C19C-45EF-B2BE-5D7B99EBB933,"Request Approval, Accept Credit"
2049805130,sid-B58E02EB-A9E5-42B6-8CF8-35D3677632E5,"Accept Credit, Reject Credit"
204986261,sid-3522277E-1ACE-4E90-A325-E42486380BE0,"Review Purchase Order, Payment Funds Reserved"
204986261,sid-32323A78-658D-427C-9DB7-35294900B13E,"Purchase Order Created, End Process"
2049869937,sid-DFD16B57-38DE-4A39-A82E-0DA0EEFF1480,"Y, Z"
2049869937,sid-E6528508-DFC8-4B8D-B78F-8FBCF6629D97,"Z, M"
2049869937,sid-C36D760A-A18F-4DCB-AC00-555E01B2F7A1,"BO, BP"
2051669829,sid-4026A5DE-78FA-423D-A866-444C4AF0738D,"Delivery delay communicated, Check if order already past producing"
2051669829,sid-05A43572-A0B6-4B92-8EEE-9FCD74E6C65B,"Script bag returned, Script order is declined"
2052278301,"Can handle
myself?","Send mail to support system, Explain Solution"
205276118,sid-AE680A77-2A0B-47CA-9762-C0F1875FCA1E,"Check process, Analyzing domain"
2053253322,sid-B50574DA-6ADE-41ED-A4AB-FA1D3A052E07,"B, C"
2053253322,sid-71BAFBDE-9A12-498D-A861-3A2BB9FFA600,"IntermediateMessageEventThrowing, Exclusive_Databased_Gateway"
2054155857,sid-82C6A9D1-53A4-4518-827B-C5B0C120FDE9,"P, O"
2054155857,sid-A5555637-7B1B-4D1D-9EF1-60D7C6E87E48,"E, A"
2054155857,sid-319CD78C-8B66-472E-8F22-8600B5966D7E,"G, H"
2054155857,sid-93E82779-0FEB-4573-89FC-87A20C5CB390,"sid-93E82779-0FEB-4573-89FC-87A20C5CB390, sid-XXX1234567890 (Note: ""sid-XXX1234567890"" is a placeholder for the second gateway name, as no other specific name was provided in the information you shared.)"
2054155857,sid-3EAFE93C-4F50-46E0-B2AA-1227E669D366,"K,"
2054350281,sid-BC1F429D-2910-4CA0-8681-1CAF1B2750BA,"Z, A"
2054762650,sid-CF854517-357F-4F89-A0F7-4AB55E8B1FEE,"Gateway_Name_1, Gateway_Name_2"
2054762650,sid-99EBDE6D-C9F1-4F2A-A1D7-70637FA3D8A5,"Predecessor Name: F, Gateway Name: sid-99EBDE6D-C9F1-4F2A-A1D7-70637FA3D8A5"
2054762650,sid-80088A69-5B75-45A1-971A-79AAD7F057F5,"A, C"
2054799208,sid-CAC7E346-7D52-431D-A0C8-84D916F37B24,"Quotation received, "
2055166553,sid-DBB934C6-6B43-48EE-9C19-0B9071FAB520,"Non Compliant, Check Invoice Compliance"
2056412901,Account type chosen,"create an account, create an account"
2056412901,sid-A55094F7-7379-4AE8-B6F0-9C44273AB8EA,"Dispocredit, No Dispocredit"
2056412901,sid-884B261B-160A-4898-A689-685377F49815,"send Collection date, send Debit Card"
2056412901,Debit card received,"Check reminder, EndNoneEvent"
2056461683,sid-824820EA-0657-4D60-B2D8-6A535E896C35,"ReworkOrder, ReserveFunds"
2056461683,sid-07B6FE7E-CE35-41F5-B4C6-BFFF53AA96E4,"Create Purchase Order, Check Inventory"
20571820,sid-1643A117-D19D-4EC5-B5BA-4041E6776AD1,"F, D"
20571820,sid-095E7A3C-AAA5-4C03-AEDD-BC06E2C7BA71,"C, E"
2057266262,sid-6F5131B4-2826-4BA8-AE49-6A66FF997337,"Detain Goods for Investigation, Detailed Examination of Goods"
2057476197,sid-F59981F9-DBA0-4A05-AE4F-89758C1E9972,"inform reject reason, make administrative task"
2057663616,sid-AFB87581-9AF3-434C-BFD6-BE03F2F7D7A4,"M, N"
2057663616,sid-E80A5CDE-547C-4532-B78E-9C0546D00F70,"U, Exclusive_Databased_Gateway"
2057663616,sid-B863A31C-4BA4-4544-A97F-041AC2D1DD50,"V, "
2057663616,sid-1FB35EA7-B350-407C-9C66-824D8CDD8D55,"W, S"
2057663616,sid-A70F633C-7D11-48F3-A0BA-8B30BA1510C0,"Y, Z"
2057779627,sid-E060ABF7-8BB1-4472-83FB-5680E701F60B,"B, A"
2057779627,sid-42D0C177-E6FC-44D5-8EEA-FA221A3FF06A,"H, K"
2057816654,sid-3777BFB4-3741-43D2-831F-4FB105CA39AE,"Inform customer, Open a new order in ERP system"
2057816654,sid-E6D569CF-E392-4610-A2ED-F5FA43DE6A47,"close order, send reminder"
2057816654,sid-2297F5F4-2B01-433B-8AD6-A587705EE442,"inform lawyer, send reminder"
2057947461,sid-76A71534-9B08-48AE-863E-15F3985F4975,"accept the deal, Don't close the deal"
2057947461,sid-DB39454D-1BE0-49A3-9AAB-F62E2831FDEF,"Get Bike,"
2058529681,sid-65E65813-DB24-426E-892D-D36ED9F06323,"Notify Customer, Process answer"
2058911114,sid-1047F3BF-3C32-4A47-A113-B9C224AEED59,"B, C"
2058911114,sid-90913E2C-3170-4740-B979-0F5AC52F00D0,"F,"
2058920006,sid-C1C5894C-918F-4878-9EB8-109CC5287F53,"Check if all resources are available, Inform user"
2058920006,sid-791EAA75-8681-45AE-A01F-35621079DDC0,"Provide requested resources, Inform ROC at IBM"
2060822232,sid-ECEA414C-CA41-4890-AD34-1EDB97990C46,"H, I"
206128346,sid-9868309E-D7A2-4C66-86E2-1B3F9B2E95A3,"BE, V"
206128346,sid-FD0BB934-DF9B-4F52-9B4E-0DCC67567AC6,"W, V"
2061512780,sid-3C07D9D9-CD35-491F-8DD2-DF93DDB1E0F1,"Check the PO, Validate order"
2061512780,sid-4243EEE9-C858-4CC9-9A13-F6F68E155B87,"Ship the product, Check product"
2061512780,sid-E2EE43D9-37C2-4130-9D31-827DF0FC7A40,"Minor fix of product, Schedule production"
2062444863,sid-A0B47868-5D72-4E89-86DC-87471C330CFE,"Login correct, Login incorrect"
2063320767,sid-90862C22-109F-44CB-A54A-823CB284E9C7,"Request Approval, Accept Credit"
